address,mint,leak,limit,60,80,40,52,04,36,10,61,00,db,57,35,7c,01,90,63,ff,16,06,fd,de,03,14,e0,09,5e,a7,b3,70,18,0d,dd,d5,23,b8,72,02,31,3c,e5,67,85,42,96,6c,68,b6,66,84,e3,a0,82,48,71,50,a6,9f,8d,a5,cb,5b,95,d8,9b,41,a9,05,9c,bb,9d,d7,3d,d6,62,ed,3e,f2,8b,34,15,ec,f5,21,56,51,20,81,83,91,1a,1f,0a,19,92,f3,73,bf,e1,ea,07,b1,0c,6b,b7,9a,0b,77,c2,8a,ef,2e,97,54,89,0e,29,ab,b4,0f,74,22,99,47,8f,e8,37,4d,12,5c,c8,58,df,8c,11,33,55,7f,eb,7d,d1,4f,1e,c0,f7,b2,c7,c3,b9,25,a3,08,ce,87,46,86,b5,5f,ad,1b,e2,69,b0,fc,aa,2b,f1,c4,a1,28,5a,93,94,7b,bc,88,cd,f8,2f,59,98,45,2c,f9,ae,c6,a2,17,3a,43,fe,c9,cc,32,bd,44,cf,7a,5d,39,6d,53,13,d0,a4,49,da,af,6f,64,65,30,c5,1c,4a,79,6a,fa,d3,2a,78,2d,c1,24,3b,ca,76,8e,f4,d9,4c,26,6e,75,a8,1d,ac,ba,e6,d2,4e,fb,ee,38,4b,e9,dc,f6,3f,d4,e7,be,f0,e4,7e,27,9e
0x93023f1d3525e273f291b6f76d2f5027a39bf302,1,0,1,410,84,55.0,134.0,73.0,15,11.0,289.0,70.0,0.0,70,8.0,1.0,201.0,105.0,46.0,14.0,50.0,8.0,21,2.0,75.0,33.0,7.0,14.0,3.0,5.0,5.0,8.0,4.0,37.0,8.0,0.0,6.0,2.0,38.0,39.0,3.0,2.0,18.0,4.0,28.0,6.0,2.0,16.0,16.0,3.0,9.0,34.0,4.0,31.0,104.0,3.0,6.0,80.0,8.0,0.0,5.0,3.0,3.0,168,9.0,4.0,4.0,5.0,2.0,13.0,4.0,2.0,4.0,4.0,0.0,4.0,24.0,2.0,5,9.0,4.0,1.0,35,1.0,7.0,3.0,138.0,38.0,132.0,105.0,39.0,48.0,0.0,7.0,5.0,8.0,23.0,2,29,1.0,3.0,5.0,19.0,1.0,6.0,3.0,0.0,2.0,6.0,10.0,8.0,2.0,6.0,0.0,1.0,30.0,2.0,19.0,2.0,2.0,1.0,25.0,26.0,6.0,1.0,1.0,1.0,2.0,4,4.0,10.0,6.0,4.0,3.0,1.0,6.0,8.0,11.0,12.0,22.0,1.0,2.0,1.0,6.0,2.0,3.0,5.0,1.0,1.0,2.0,1.0,5.0,7.0,14.0,16.0,8.0,15.0,8.0,1.0,0.0,4.0,74.0,6.0,14.0,3.0,3.0,3.0,6.0,5.0,5.0,6.0,4.0,6,12.0,7.0,6.0,2.0,1.0,17.0,3.0,0.0,2.0,1.0,10.0,0.0,0.0,1.0,0.0,2.0,6.0,12.0,13.0,1.0,0.0,2.0,11.0,3.0,16.0,1.0,9.0,1.0,2.0,9.0,5.0,4.0,3.0,3.0,1.0,1.0,2.0,29.0,40.0,59.0,11.0,1.0,1.0,0.0,4.0,3.0,2.0,0.0,2.0,8.0,3.0,0.0,16.0,1.0,3.0,4.0,1.0,1.0,1.0,0.0,2.0,20.0,7.0,1.0,3.0,0.0,0.0,1.0,1.0,5.0,0.0,0.0,5.0,0.0,2.0,0.0,0.0,8.0,0.0,1.0,0.0,2.0,2.0,0.0,2.0,1.0
0x2753dce37a7edb052a77832039bcc9aa49ad8b25,0,0,1,668,123,79.0,188.0,85.0,25,22.0,420.0,118.0,4.0,103,8.0,11.0,286.0,161.0,88.0,24.0,119.0,46.0,30,2.0,107.0,61.0,15.0,20.0,4.0,7.0,4.0,12.0,18.0,17.0,10.0,3.0,5.0,2.0,45.0,75.0,4.0,4.0,32.0,6.0,31.0,4.0,1.0,31.0,13.0,3.0,12.0,51.0,5.0,50.0,134.0,5.0,8.0,99.0,1.0,4.0,4.0,7.0,4.0,228,3.0,6.0,19.0,5.0,2.0,19.0,8.0,3.0,3.0,6.0,1.0,1.0,40.0,2.0,2,8.0,3.0,6.0,68,2.0,11.0,2.0,189.0,58.0,175.0,149.0,52.0,61.0,6.0,16.0,8.0,26.0,30.0,2,46,1.0,5.0,5.0,17.0,2.0,17.0,5.0,4.0,5.0,10.0,10.0,3.0,5.0,5.0,1.0,3.0,46.0,1.0,14.0,7.0,2.0,2.0,13.0,35.0,5.0,2.0,5.0,7.0,2.0,7,6.0,21.0,9.0,9.0,8.0,3.0,3.0,26.0,33.0,12.0,32.0,4.0,6.0,4.0,8.0,5.0,2.0,2.0,5.0,11.0,1.0,5.0,7.0,8.0,23.0,3.0,12.0,29.0,13.0,2.0,1.0,6.0,142.0,3.0,47.0,5.0,9.0,6.0,2.0,7.0,2.0,4.0,8.0,5,17.0,8.0,8.0,1.0,6.0,33.0,5.0,8.0,8.0,2.0,11.0,1.0,0.0,8.0,2.0,3.0,37.0,21.0,15.0,5.0,4.0,1.0,14.0,0.0,20.0,3.0,7.0,10.0,8.0,7.0,9.0,14.0,12.0,7.0,3.0,2.0,3.0,39.0,49.0,69.0,12.0,1.0,9.0,1.0,6.0,1.0,2.0,3.0,5.0,6.0,1.0,1.0,26.0,6.0,6.0,5.0,2.0,9.0,5.0,1.0,4.0,37.0,8.0,3.0,2.0,5.0,3.0,2.0,2.0,12.0,2.0,5.0,2.0,9.0,3.0,3.0,4.0,3.0,2.0,2.0,2.0,3.0,2.0,2.0,1.0,0.0
0x94b7d24552933f50a5a5705c446528806dcea381,0,0,0,17,6,1.0,3.0,0.0,2,0.0,0.0,41.0,0.0,2,1.0,0.0,0.0,0.0,1.0,20.0,1.0,2.0,1,0.0,0.0,2.0,0.0,0.0,0.0,0.0,0.0,2.0,0.0,0.0,0.0,0.0,1.0,0.0,0.0,0.0,0.0,0.0,0.0,0.0,0.0,1.0,1.0,1.0,0.0,0.0,1.0,1.0,0.0,0.0,0.0,1.0,0.0,2.0,1.0,0.0,0.0,0.0,0.0,2,1.0,0.0,0.0,0.0,0.0,0.0,0.0,0.0,0.0,0.0,3.0,1.0,0.0,0.0,2,0.0,0.0,1.0,2,0.0,0.0,0.0,0.0,0.0,2.0,1.0,0.0,1.0,0.0,0.0,0.0,1.0,1.0,2,3,0.0,1.0,0.0,2.0,0.0,0.0,0.0,0.0,0.0,1.0,2.0,1.0,0.0,0.0,0.0,1.0,1.0,0.0,0.0,0.0,0.0,0.0,0.0,0.0,1.0,0.0,0.0,0.0,0.0,1,0.0,1.0,0.0,1.0,1.0,0.0,1.0,0.0,2.0,0.0,1.0,0.0,0.0,1.0,0.0,0.0,0.0,0.0,0.0,0.0,0.0,0.0,0.0,0.0,0.0,0.0,0.0,0.0,0.0,0.0,1.0,0.0,0.0,0.0,1.0,0.0,0.0,0.0,0.0,0.0,0.0,1.0,0.0,1,0.0,0.0,0.0,0.0,0.0,0.0,0.0,0.0,0.0,0.0,0.0,0.0,0.0,0.0,0.0,1.0,0.0,0.0,1.0,1.0,0.0,0.0,0.0,0.0,0.0,0.0,0.0,0.0,0.0,0.0,1.0,0.0,0.0,1.0,0.0,0.0,0.0,1.0,2.0,0.0,0.0,1.0,0.0,0.0,0.0,0.0,0.0,0.0,0.0,0.0,1.0,0.0,0.0,0.0,0.0,1.0,0.0,1.0,0.0,0.0,0.0,1.0,0.0,0.0,0.0,0.0,0.0,0.0,0.0,0.0,0.0,0.0,0.0,0.0,0.0,0.0,0.0,0.0,0.0,0.0,0.0,0.0,0.0,0.0,0.0,0.0
0xe0b9d4146aad6936cbfcbe4dae47e34aab96b093,0,0,0,505,163,100.0,132.0,48.0,12,17.0,489.0,613.0,9.0,98,20.0,1.0,183.0,244.0,41.0,1867.0,110.0,13.0,39,5.0,87.0,47.0,3.0,15.0,3.0,8.0,10.0,10.0,29.0,5.0,23.0,0.0,6.0,3.0,18.0,56.0,5.0,6.0,4.0,4.0,24.0,13.0,1.0,7.0,7.0,2.0,5.0,53.0,0.0,7.0,102.0,3.0,4.0,324.0,12.0,1.0,6.0,0.0,3.0,375,13.0,2.0,8.0,18.0,6.0,22.0,6.0,4.0,1.0,9.0,11.0,0.0,6.0,3.0,8,9.0,0.0,30.0,70,1.0,10.0,29.0,280.0,82.0,176.0,178.0,53.0,160.0,27.0,52.0,22.0,30.0,57.0,27,137,3.0,7.0,12.0,18.0,1.0,7.0,4.0,4.0,1.0,31.0,15.0,6.0,1.0,14.0,14.0,4.0,25.0,2.0,12.0,3.0,3.0,2.0,11.0,11.0,12.0,7.0,19.0,0.0,3.0,5,9.0,15.0,6.0,6.0,3.0,4.0,14.0,25.0,16.0,16.0,52.0,5.0,5.0,5.0,8.0,28.0,2.0,6.0,11.0,11.0,7.0,3.0,10.0,6.0,26.0,0.0,12.0,1.0,23.0,1.0,4.0,13.0,38.0,6.0,19.0,7.0,4.0,7.0,4.0,17.0,5.0,10.0,12.0,10,12.0,4.0,4.0,5.0,16.0,0.0,1.0,3.0,7.0,1.0,9.0,4.0,8.0,0.0,1.0,4.0,5.0,7.0,3.0,21.0,2.0,2.0,3.0,1.0,2.0,8.0,6.0,13.0,8.0,9.0,26.0,4.0,22.0,2.0,3.0,2.0,14.0,17.0,11.0,29.0,3.0,15.0,38.0,10.0,6.0,3.0,3.0,8.0,2.0,9.0,5.0,6.0,8.0,13.0,2.0,11.0,1.0,2.0,9.0,0.0,3.0,12.0,7.0,5.0,32.0,13.0,0.0,6.0,2.0,4.0,3.0,2.0,1.0,15.0,3.0,8.0,2.0,13.0,2.0,4.0,4.0,2.0,4.0,3.0,1.0,1.0
0x10f6f2b97f3ab29583d9d38babf2994df7220c21,1,0,1,735,213,122.0,159.0,81.0,19,54.0,721.0,1046.0,6.0,118,10.0,7.0,311.0,415.0,53.0,2315.0,154.0,19.0,54,11.0,113.0,44.0,7.0,11.0,9.0,9.0,12.0,8.0,14.0,7.0,13.0,10.0,34.0,3.0,28.0,60.0,4.0,6.0,9.0,13.0,45.0,6.0,7.0,12.0,11.0,9.0,12.0,58.0,11.0,12.0,180.0,7.0,15.0,515.0,7.0,3.0,6.0,11.0,1.0,537,13.0,5.0,10.0,3.0,8.0,34.0,6.0,7.0,1.0,5.0,32.0,2.0,12.0,9.0,5,8.0,1.0,25.0,114,4.0,13.0,62.0,416.0,106.0,255.0,258.0,104.0,214.0,12.0,20.0,39.0,18.0,73.0,22,135,3.0,4.0,7.0,17.0,1.0,15.0,4.0,2.0,4.0,6.0,5.0,9.0,2.0,7.0,21.0,5.0,53.0,5.0,6.0,13.0,1.0,3.0,3.0,18.0,23.0,3.0,25.0,2.0,2.0,11,10.0,18.0,4.0,7.0,3.0,8.0,1.0,22.0,5.0,16.0,49.0,2.0,6.0,2.0,2.0,10.0,5.0,4.0,6.0,9.0,14.0,3.0,37.0,9.0,46.0,8.0,14.0,2.0,30.0,13.0,2.0,11.0,27.0,13.0,12.0,6.0,5.0,8.0,27.0,9.0,9.0,6.0,30.0,22,20.0,6.0,13.0,2.0,12.0,8.0,8.0,5.0,12.0,3.0,16.0,22.0,1.0,2.0,7.0,3.0,26.0,9.0,9.0,5.0,3.0,5.0,7.0,4.0,18.0,3.0,11.0,3.0,3.0,12.0,3.0,9.0,4.0,4.0,3.0,3.0,3.0,23.0,31.0,41.0,10.0,3.0,11.0,2.0,14.0,0.0,3.0,0.0,23.0,13.0,28.0,4.0,44.0,2.0,3.0,2.0,0.0,3.0,2.0,2.0,26.0,18.0,8.0,3.0,8.0,4.0,1.0,1.0,5.0,20.0,7.0,8.0,3.0,0.0,6.0,5.0,3.0,0.0,18.0,2.0,11.0,3.0,2.0,0.0,19.0,4.0
0x11cbc781dadaad13fc3a361772c80b1c027820af,0,0,0,948,255,107.0,206.0,78.0,25,41.0,482.0,344.0,1.0,172,11.0,2.0,343.0,257.0,67.0,33.0,164.0,26.0,77,3.0,142.0,72.0,17.0,12.0,18.0,3.0,5.0,19.0,24.0,10.0,12.0,0.0,7.0,2.0,34.0,53.0,20.0,2.0,24.0,4.0,40.0,6.0,1.0,17.0,14.0,2.0,13.0,49.0,18.0,103.0,105.0,10.0,11.0,197.0,15.0,2.0,6.0,4.0,2.0,299,15.0,11.0,5.0,2.0,2.0,28.0,9.0,2.0,3.0,3.0,16.0,0.0,30.0,6.0,5,19.0,9.0,50.0,121,5.0,4.0,2.0,199.0,55.0,185.0,167.0,69.0,86.0,11.0,16.0,12.0,57.0,56.0,3,22,2.0,2.0,2.0,28.0,3.0,6.0,16.0,10.0,0.0,14.0,12.0,4.0,3.0,2.0,2.0,8.0,109.0,2.0,11.0,4.0,3.0,4.0,17.0,23.0,9.0,4.0,4.0,2.0,2.0,5,7.0,36.0,0.0,5.0,5.0,5.0,1.0,24.0,19.0,36.0,32.0,15.0,5.0,2.0,5.0,40.0,5.0,3.0,6.0,8.0,1.0,2.0,4.0,7.0,36.0,4.0,10.0,22.0,12.0,2.0,10.0,2.0,174.0,4.0,19.0,3.0,4.0,3.0,3.0,19.0,3.0,4.0,15.0,14,29.0,9.0,9.0,2.0,1.0,23.0,7.0,15.0,4.0,2.0,9.0,1.0,1.0,4.0,1.0,7.0,28.0,13.0,13.0,3.0,1.0,1.0,13.0,5.0,14.0,0.0,8.0,1.0,7.0,5.0,7.0,11.0,5.0,4.0,7.0,2.0,4.0,38.0,40.0,48.0,17.0,1.0,31.0,1.0,5.0,25.0,17.0,11.0,2.0,4.0,13.0,2.0,21.0,10.0,2.0,8.0,5.0,2.0,15.0,5.0,2.0,18.0,6.0,4.0,33.0,3.0,1.0,1.0,3.0,8.0,5.0,1.0,11.0,3.0,1.0,11.0,1.0,9.0,5.0,2.0,1.0,1.0,4.0,0.0,12.0,1.0
0x3e597ea168a85aa2ae5e2c4333665bcd875ed10f,0,0,1,419,76,55.0,116.0,45.0,11,13.0,218.0,93.0,3.0,65,7.0,4.0,192.0,89.0,26.0,20.0,50.0,8.0,25,4.0,67.0,28.0,5.0,10.0,2.0,2.0,2.0,7.0,22.0,17.0,8.0,1.0,12.0,3.0,35.0,21.0,4.0,2.0,18.0,5.0,18.0,2.0,0.0,9.0,9.0,0.0,18.0,32.0,2.0,32.0,69.0,2.0,4.0,65.0,2.0,0.0,9.0,1.0,1.0,134,5.0,4.0,6.0,1.0,3.0,18.0,3.0,2.0,0.0,0.0,0.0,0.0,25.0,1.0,1,3.0,2.0,3.0,38,1.0,3.0,1.0,93.0,32.0,112.0,87.0,30.0,44.0,2.0,4.0,12.0,11.0,22.0,4,24,4.0,3.0,1.0,9.0,3.0,17.0,2.0,2.0,1.0,30.0,10.0,1.0,3.0,1.0,0.0,2.0,26.0,2.0,1.0,3.0,1.0,3.0,0.0,24.0,2.0,0.0,0.0,1.0,2.0,1,3.0,9.0,5.0,5.0,3.0,1.0,1.0,11.0,11.0,7.0,14.0,2.0,3.0,2.0,5.0,5.0,1.0,1.0,2.0,2.0,1.0,2.0,2.0,4.0,9.0,0.0,3.0,17.0,10.0,0.0,2.0,5.0,81.0,2.0,8.0,1.0,1.0,1.0,2.0,2.0,1.0,1.0,1.0,5,13.0,5.0,2.0,0.0,4.0,17.0,0.0,4.0,9.0,3.0,0.0,1.0,0.0,0.0,1.0,3.0,4.0,6.0,7.0,2.0,2.0,2.0,1.0,0.0,13.0,1.0,7.0,1.0,1.0,6.0,3.0,7.0,2.0,1.0,3.0,2.0,1.0,31.0,31.0,42.0,0.0,0.0,4.0,0.0,2.0,2.0,2.0,1.0,5.0,3.0,0.0,2.0,13.0,4.0,2.0,5.0,0.0,2.0,2.0,0.0,1.0,25.0,5.0,1.0,0.0,1.0,0.0,0.0,0.0,2.0,0.0,1.0,0.0,2.0,0.0,1.0,2.0,8.0,0.0,5.0,1.0,0.0,2.0,0.0,0.0,1.0
0x292e89d5d5bdab3af2f5838c194c1983f0140b43,0,0,1,418,78,61.0,118.0,44.0,10,11.0,218.0,93.0,3.0,64,9.0,0.0,192.0,90.0,28.0,21.0,50.0,7.0,25,3.0,67.0,34.0,6.0,11.0,2.0,3.0,3.0,8.0,8.0,18.0,9.0,0.0,5.0,5.0,35.0,21.0,3.0,6.0,18.0,8.0,16.0,2.0,1.0,10.0,10.0,1.0,14.0,31.0,3.0,32.0,69.0,3.0,4.0,67.0,4.0,1.0,2.0,1.0,1.0,135,4.0,6.0,5.0,4.0,2.0,17.0,3.0,2.0,0.0,0.0,1.0,0.0,23.0,1.0,1,4.0,2.0,1.0,37,1.0,3.0,2.0,92.0,31.0,111.0,87.0,30.0,44.0,2.0,5.0,12.0,25.0,20.0,2,24,1.0,1.0,0.0,10.0,1.0,17.0,2.0,1.0,0.0,29.0,9.0,2.0,3.0,2.0,0.0,3.0,26.0,3.0,0.0,2.0,0.0,2.0,0.0,23.0,3.0,1.0,2.0,1.0,7.0,5,3.0,8.0,4.0,4.0,3.0,1.0,1.0,12.0,11.0,7.0,13.0,2.0,6.0,1.0,4.0,4.0,5.0,1.0,4.0,2.0,1.0,1.0,2.0,4.0,11.0,0.0,3.0,17.0,12.0,1.0,1.0,2.0,79.0,3.0,7.0,1.0,1.0,2.0,3.0,1.0,1.0,1.0,1.0,5,15.0,6.0,4.0,0.0,2.0,17.0,0.0,0.0,8.0,2.0,1.0,0.0,0.0,4.0,0.0,3.0,5.0,4.0,6.0,2.0,0.0,1.0,1.0,0.0,14.0,0.0,7.0,1.0,1.0,5.0,3.0,3.0,2.0,2.0,1.0,1.0,2.0,31.0,31.0,41.0,5.0,0.0,5.0,1.0,1.0,1.0,2.0,1.0,4.0,4.0,1.0,1.0,19.0,2.0,4.0,5.0,7.0,2.0,2.0,3.0,1.0,25.0,4.0,2.0,1.0,1.0,1.0,1.0,1.0,2.0,0.0,0.0,0.0,0.0,0.0,0.0,0.0,0.0,0.0,0.0,0.0,0.0,0.0,0.0,0.0,0.0
0xef20505c8b343d12da174bf9d8495c1ce2670989,0,0,1,412,67,55.0,118.0,46.0,10,11.0,218.0,83.0,2.0,66,7.0,1.0,196.0,90.0,27.0,20.0,51.0,15.0,23,3.0,69.0,28.0,6.0,9.0,1.0,3.0,2.0,8.0,9.0,15.0,8.0,0.0,12.0,4.0,35.0,34.0,3.0,1.0,18.0,5.0,21.0,1.0,0.0,9.0,9.0,0.0,18.0,33.0,2.0,32.0,74.0,5.0,5.0,65.0,2.0,1.0,7.0,1.0,1.0,135,4.0,5.0,5.0,2.0,2.0,11.0,4.0,2.0,0.0,1.0,1.0,3.0,23.0,1.0,1,3.0,3.0,1.0,37,1.0,8.0,0.0,93.0,31.0,111.0,93.0,33.0,45.0,2.0,4.0,14.0,10.0,19.0,2,26,2.0,1.0,0.0,6.0,1.0,21.0,1.0,1.0,0.0,25.0,10.0,1.0,3.0,1.0,0.0,2.0,27.0,1.0,0.0,4.0,1.0,2.0,2.0,23.0,2.0,0.0,0.0,1.0,2.0,2,5.0,8.0,4.0,5.0,3.0,0.0,1.0,13.0,12.0,7.0,14.0,2.0,2.0,1.0,6.0,6.0,2.0,1.0,2.0,2.0,1.0,3.0,2.0,3.0,9.0,3.0,4.0,16.0,12.0,0.0,6.0,2.0,80.0,1.0,8.0,2.0,2.0,2.0,1.0,1.0,3.0,1.0,1.0,6,12.0,6.0,3.0,0.0,3.0,16.0,2.0,0.0,11.0,2.0,0.0,3.0,0.0,0.0,0.0,3.0,5.0,7.0,7.0,5.0,2.0,1.0,3.0,0.0,12.0,0.0,10.0,0.0,2.0,5.0,3.0,1.0,2.0,3.0,1.0,1.0,3.0,32.0,31.0,41.0,4.0,0.0,3.0,0.0,2.0,1.0,3.0,1.0,4.0,2.0,0.0,0.0,14.0,0.0,2.0,4.0,1.0,0.0,3.0,0.0,2.0,24.0,5.0,3.0,0.0,1.0,1.0,3.0,4.0,4.0,3.0,0.0,6.0,0.0,0.0,0.0,2.0,3.0,1.0,1.0,0.0,0.0,2.0,0.0,0.0,1.0
0xc71d244f7ad6c869ecbf13cbd9acae31718be4f8,0,0,1,410,71,55.0,118.0,49.0,13,11.0,219.0,84.0,2.0,64,7.0,0.0,197.0,88.0,27.0,20.0,50.0,12.0,22,4.0,67.0,28.0,6.0,9.0,1.0,2.0,4.0,7.0,7.0,19.0,9.0,0.0,6.0,4.0,35.0,20.0,3.0,1.0,18.0,4.0,20.0,1.0,3.0,13.0,9.0,1.0,18.0,33.0,2.0,32.0,73.0,3.0,5.0,65.0,2.0,0.0,3.0,2.0,1.0,134,5.0,8.0,6.0,1.0,3.0,12.0,3.0,2.0,0.0,0.0,1.0,0.0,23.0,2.0,7,3.0,4.0,2.0,39,4.0,6.0,0.0,93.0,31.0,112.0,93.0,33.0,45.0,2.0,4.0,15.0,10.0,19.0,2,24,0.0,1.0,2.0,7.0,1.0,18.0,2.0,3.0,1.0,24.0,8.0,1.0,3.0,2.0,0.0,3.0,27.0,2.0,1.0,10.0,1.0,3.0,0.0,24.0,3.0,1.0,1.0,0.0,2.0,2,4.0,9.0,4.0,4.0,2.0,1.0,2.0,12.0,11.0,10.0,14.0,2.0,2.0,1.0,3.0,4.0,1.0,1.0,3.0,2.0,1.0,2.0,2.0,3.0,23.0,1.0,3.0,17.0,12.0,1.0,4.0,1.0,80.0,1.0,7.0,3.0,2.0,2.0,1.0,1.0,1.0,3.0,1.0,5,17.0,6.0,4.0,0.0,4.0,16.0,0.0,1.0,7.0,2.0,4.0,0.0,0.0,2.0,0.0,4.0,4.0,4.0,5.0,2.0,0.0,0.0,4.0,0.0,12.0,1.0,6.0,2.0,2.0,6.0,5.0,1.0,2.0,2.0,3.0,2.0,1.0,31.0,31.0,47.0,3.0,2.0,4.0,0.0,3.0,2.0,2.0,1.0,3.0,3.0,0.0,0.0,17.0,0.0,4.0,5.0,1.0,1.0,2.0,2.0,1.0,24.0,7.0,2.0,0.0,0.0,0.0,1.0,1.0,6.0,2.0,0.0,0.0,0.0,0.0,3.0,0.0,0.0,2.0,0.0,1.0,0.0,0.0,0.0,0.0,0.0
0x5927b72440d8a8b8c6ca5a8be60e88975f9063fc,0,0,1,899,251,107.0,199.0,92.0,32,25.0,536.0,188.0,0.0,183,14.0,2.0,323.0,231.0,76.0,43.0,136.0,26.0,77,3.0,134.0,90.0,16.0,62.0,5.0,3.0,5.0,9.0,17.0,12.0,13.0,4.0,7.0,1.0,42.0,54.0,2.0,4.0,33.0,8.0,23.0,4.0,4.0,19.0,12.0,7.0,19.0,56.0,5.0,82.0,99.0,6.0,7.0,174.0,5.0,2.0,5.0,2.0,6.0,317,4.0,4.0,3.0,4.0,6.0,47.0,14.0,3.0,3.0,3.0,7.0,2.0,43.0,2.0,4,7.0,7.0,50.0,131,4.0,4.0,5.0,214.0,64.0,175.0,176.0,66.0,99.0,37.0,11.0,13.0,47.0,34.0,7,30,3.0,3.0,2.0,21.0,3.0,13.0,6.0,11.0,13.0,9.0,13.0,4.0,2.0,5.0,2.0,4.0,82.0,2.0,20.0,2.0,1.0,4.0,16.0,29.0,11.0,3.0,0.0,5.0,3.0,14,6.0,28.0,5.0,10.0,5.0,1.0,3.0,31.0,27.0,20.0,23.0,3.0,3.0,3.0,6.0,4.0,3.0,3.0,4.0,5.0,1.0,5.0,6.0,7.0,30.0,1.0,7.0,35.0,22.0,5.0,3.0,1.0,195.0,5.0,14.0,3.0,2.0,3.0,4.0,6.0,6.0,5.0,3.0,7,18.0,9.0,8.0,0.0,6.0,34.0,3.0,5.0,7.0,1.0,14.0,1.0,1.0,3.0,3.0,9.0,22.0,17.0,9.0,2.0,3.0,3.0,11.0,5.0,14.0,2.0,11.0,2.0,6.0,10.0,7.0,22.0,5.0,4.0,3.0,5.0,3.0,37.0,38.0,61.0,8.0,0.0,23.0,13.0,2.0,1.0,6.0,2.0,5.0,5.0,3.0,1.0,16.0,8.0,2.0,8.0,6.0,1.0,1.0,4.0,8.0,27.0,6.0,23.0,43.0,1.0,2.0,0.0,6.0,7.0,1.0,1.0,3.0,3.0,5.0,1.0,1.0,3.0,0.0,18.0,2.0,3.0,1.0,4.0,0.0,4.0
0xc709878167ed069aea15fd0bd4e9758ceb4da193,0,0,0,666,194,86.0,140.0,63.0,12,29.0,313.0,134.0,4.0,110,22.0,1.0,317.0,189.0,68.0,27.0,129.0,16.0,41,3.0,154.0,55.0,11.0,10.0,5.0,6.0,5.0,11.0,9.0,27.0,11.0,1.0,6.0,3.0,41.0,47.0,5.0,8.0,18.0,5.0,21.0,8.0,0.0,26.0,14.0,1.0,14.0,29.0,4.0,71.0,91.0,1.0,6.0,151.0,4.0,4.0,6.0,3.0,2.0,184,9.0,3.0,6.0,2.0,3.0,29.0,8.0,3.0,0.0,2.0,13.0,3.0,25.0,3.0,6,8.0,6.0,3.0,72,1.0,6.0,3.0,112.0,85.0,178.0,188.0,64.0,99.0,3.0,10.0,18.0,10.0,35.0,6,24,1.0,3.0,6.0,17.0,3.0,15.0,7.0,4.0,1.0,9.0,17.0,4.0,4.0,4.0,2.0,3.0,69.0,0.0,8.0,1.0,0.0,4.0,17.0,34.0,7.0,10.0,0.0,18.0,1.0,3,7.0,18.0,0.0,8.0,2.0,1.0,5.0,18.0,2.0,11.0,21.0,1.0,9.0,2.0,7.0,6.0,2.0,2.0,4.0,2.0,1.0,3.0,7.0,12.0,9.0,0.0,4.0,15.0,8.0,1.0,1.0,9.0,105.0,5.0,22.0,5.0,5.0,3.0,6.0,8.0,6.0,3.0,9.0,8,24.0,10.0,0.0,0.0,6.0,16.0,1.0,0.0,4.0,4.0,8.0,0.0,1.0,0.0,0.0,4.0,3.0,17.0,3.0,5.0,0.0,0.0,9.0,7.0,16.0,9.0,12.0,2.0,10.0,8.0,13.0,20.0,6.0,7.0,2.0,2.0,4.0,49.0,30.0,61.0,9.0,1.0,1.0,1.0,2.0,2.0,2.0,1.0,2.0,2.0,1.0,2.0,12.0,9.0,2.0,8.0,1.0,1.0,2.0,0.0,5.0,32.0,8.0,1.0,4.0,0.0,2.0,3.0,0.0,0.0,1.0,4.0,0.0,8.0,0.0,4.0,1.0,1.0,6.0,0.0,0.0,0.0,0.0,2.0,2.0,1.0
0x1e4402fa427a7a835fc64ea6d051404ce767a569,0,1,1,1059,410,244.0,187.0,153.0,52,32.0,1167.0,1670.0,5.0,236,24.0,4.0,390.0,685.0,115.0,4376.0,291.0,40.0,111,1.0,195.0,142.0,26.0,31.0,8.0,6.0,3.0,14.0,15.0,13.0,15.0,9.0,14.0,4.0,41.0,70.0,27.0,33.0,9.0,11.0,52.0,59.0,5.0,21.0,18.0,3.0,21.0,70.0,5.0,36.0,211.0,16.0,9.0,662.0,2.0,3.0,5.0,12.0,5.0,834,13.0,9.0,9.0,25.0,4.0,36.0,10.0,5.0,8.0,7.0,49.0,9.0,19.0,7.0,39,13.0,9.0,58.0,201,5.0,5.0,20.0,590.0,181.0,273.0,350.0,144.0,309.0,16.0,44.0,87.0,45.0,101.0,37,236,5.0,8.0,10.0,41.0,9.0,16.0,8.0,2.0,9.0,25.0,19.0,7.0,8.0,5.0,7.0,9.0,111.0,7.0,13.0,5.0,2.0,8.0,16.0,40.0,34.0,2.0,29.0,3.0,4.0,12,6.0,33.0,10.0,8.0,2.0,5.0,6.0,47.0,15.0,32.0,74.0,6.0,10.0,5.0,21.0,21.0,5.0,4.0,16.0,5.0,34.0,5.0,16.0,7.0,65.0,4.0,22.0,30.0,44.0,4.0,2.0,11.0,29.0,10.0,23.0,4.0,2.0,4.0,6.0,10.0,16.0,11.0,13.0,17,28.0,9.0,10.0,4.0,24.0,3.0,5.0,4.0,6.0,13.0,49.0,22.0,3.0,5.0,3.0,9.0,34.0,49.0,42.0,3.0,4.0,6.0,22.0,5.0,30.0,9.0,10.0,7.0,25.0,8.0,12.0,14.0,6.0,21.0,13.0,7.0,8.0,40.0,32.0,61.0,38.0,5.0,9.0,20.0,35.0,2.0,7.0,1.0,10.0,4.0,40.0,2.0,14.0,39.0,5.0,11.0,6.0,4.0,3.0,4.0,13.0,30.0,11.0,6.0,6.0,5.0,2.0,2.0,4.0,10.0,7.0,2.0,12.0,2.0,2.0,1.0,2.0,29.0,5.0,3.0,4.0,4.0,3.0,3.0,2.0,4.0
0xcb6cd204d783dc8d66896a6def5867d332228d7b,0,0,1,1372,687,201.0,297.0,129.0,30,75.0,741.0,793.0,3.0,277,44.0,0.0,582.0,803.0,171.0,5510.0,433.0,26.0,131,1.0,180.0,108.0,15.0,28.0,2.0,6.0,6.0,6.0,14.0,24.0,14.0,4.0,6.0,4.0,17.0,107.0,20.0,12.0,8.0,11.0,34.0,22.0,8.0,18.0,14.0,4.0,13.0,47.0,5.0,11.0,156.0,12.0,10.0,717.0,4.0,3.0,11.0,3.0,1.0,533,7.0,3.0,10.0,16.0,4.0,25.0,8.0,6.0,3.0,4.0,36.0,6.0,11.0,4.0,19,13.0,3.0,64.0,269,5.0,6.0,15.0,271.0,214.0,470.0,542.0,117.0,296.0,16.0,32.0,124.0,57.0,72.0,54,271,4.0,8.0,4.0,23.0,4.0,20.0,7.0,4.0,3.0,18.0,9.0,6.0,1.0,4.0,29.0,22.0,173.0,10.0,15.0,8.0,5.0,7.0,17.0,27.0,8.0,2.0,16.0,3.0,2.0,17,11.0,24.0,3.0,8.0,2.0,3.0,11.0,53.0,52.0,50.0,27.0,7.0,8.0,9.0,4.0,21.0,3.0,4.0,9.0,6.0,13.0,8.0,14.0,11.0,30.0,6.0,17.0,6.0,26.0,1.0,3.0,5.0,27.0,2.0,22.0,8.0,4.0,10.0,12.0,25.0,7.0,5.0,11.0,16,12.0,6.0,0.0,3.0,16.0,3.0,8.0,11.0,5.0,7.0,10.0,15.0,6.0,3.0,4.0,7.0,29.0,22.0,5.0,12.0,9.0,3.0,19.0,4.0,10.0,5.0,3.0,1.0,15.0,7.0,6.0,18.0,2.0,5.0,11.0,8.0,7.0,29.0,14.0,29.0,28.0,3.0,30.0,2.0,18.0,3.0,7.0,4.0,14.0,21.0,30.0,4.0,4.0,15.0,5.0,8.0,4.0,3.0,0.0,9.0,13.0,28.0,11.0,3.0,24.0,8.0,4.0,3.0,6.0,14.0,6.0,3.0,17.0,10.0,5.0,3.0,6.0,11.0,4.0,1.0,4.0,17.0,4.0,2.0,6.0,4.0
0x455dedacbe41c178953119847f2b95e2d9ad0a1d,0,1,1,1380,420,173.0,300.0,170.0,42,38.0,726.0,299.0,7.0,256,31.0,36.0,532.0,397.0,137.0,42.0,183.0,31.0,129,3.0,196.0,107.0,30.0,25.0,3.0,6.0,8.0,18.0,24.0,37.0,11.0,1.0,13.0,4.0,49.0,25.0,11.0,5.0,40.0,12.0,52.0,24.0,10.0,22.0,22.0,7.0,19.0,75.0,7.0,118.0,200.0,7.0,10.0,344.0,3.0,3.0,6.0,5.0,11.0,439,14.0,4.0,6.0,7.0,12.0,47.0,8.0,12.0,8.0,9.0,53.0,8.0,54.0,4.0,24,5.0,10.0,62.0,202,5.0,12.0,13.0,282.0,155.0,232.0,287.0,108.0,161.0,13.0,45.0,25.0,45.0,99.0,7,45,2.0,6.0,5.0,39.0,5.0,58.0,11.0,4.0,9.0,31.0,16.0,7.0,8.0,4.0,28.0,15.0,127.0,22.0,17.0,37.0,8.0,3.0,13.0,43.0,11.0,1.0,10.0,6.0,2.0,8,15.0,31.0,5.0,9.0,3.0,5.0,9.0,36.0,32.0,27.0,43.0,5.0,5.0,5.0,9.0,21.0,18.0,5.0,7.0,6.0,6.0,5.0,19.0,11.0,46.0,2.0,27.0,48.0,27.0,10.0,5.0,9.0,237.0,8.0,22.0,10.0,7.0,4.0,39.0,20.0,12.0,11.0,15.0,23,35.0,17.0,8.0,10.0,28.0,37.0,3.0,5.0,6.0,10.0,13.0,32.0,3.0,4.0,4.0,13.0,25.0,21.0,17.0,5.0,7.0,5.0,18.0,8.0,27.0,1.0,13.0,3.0,4.0,16.0,8.0,21.0,6.0,8.0,8.0,5.0,4.0,44.0,56.0,93.0,34.0,1.0,27.0,6.0,17.0,2.0,11.0,4.0,38.0,4.0,19.0,4.0,53.0,31.0,5.0,14.0,4.0,9.0,6.0,12.0,16.0,37.0,15.0,10.0,7.0,2.0,3.0,4.0,10.0,21.0,3.0,1.0,5.0,4.0,6.0,2.0,6.0,3.0,1.0,21.0,9.0,9.0,6.0,2.0,14.0,4.0
0x831467b7b6bf9c705dc87899d48b57ee55c8d5cc,1,0,0,563,283,110.0,162.0,66.0,15,34.0,292.0,552.0,0.0,80,22.0,1.0,316.0,288.0,53.0,2186.0,161.0,15.0,32,1.0,114.0,42.0,6.0,12.0,4.0,4.0,7.0,8.0,12.0,4.0,7.0,1.0,6.0,17.0,44.0,48.0,8.0,3.0,4.0,4.0,10.0,22.0,1.0,24.0,17.0,1.0,13.0,26.0,4.0,14.0,92.0,2.0,8.0,272.0,1.0,3.0,6.0,1.0,2.0,178,4.0,2.0,4.0,2.0,3.0,13.0,4.0,2.0,0.0,1.0,4.0,4.0,14.0,1.0,2,6.0,5.0,2.0,62,3.0,8.0,4.0,106.0,106.0,289.0,235.0,59.0,156.0,4.0,29.0,25.0,19.0,46.0,20,141,0.0,1.0,1.0,13.0,0.0,7.0,5.0,2.0,0.0,5.0,15.0,4.0,1.0,4.0,2.0,3.0,45.0,4.0,8.0,4.0,1.0,2.0,10.0,32.0,7.0,2.0,2.0,1.0,2.0,3,5.0,8.0,0.0,5.0,1.0,2.0,1.0,17.0,4.0,10.0,28.0,1.0,4.0,1.0,6.0,6.0,6.0,1.0,2.0,1.0,15.0,3.0,5.0,10.0,22.0,0.0,2.0,1.0,1.0,1.0,0.0,5.0,10.0,4.0,13.0,4.0,4.0,3.0,4.0,5.0,5.0,3.0,6.0,5,3.0,0.0,1.0,3.0,2.0,2.0,0.0,2.0,4.0,0.0,12.0,1.0,4.0,1.0,0.0,2.0,6.0,18.0,3.0,3.0,1.0,3.0,14.0,0.0,3.0,1.0,8.0,1.0,13.0,10.0,5.0,24.0,7.0,3.0,4.0,4.0,4.0,41.0,27.0,69.0,11.0,0.0,7.0,3.0,16.0,1.0,1.0,0.0,2.0,4.0,0.0,0.0,5.0,3.0,2.0,6.0,1.0,1.0,0.0,1.0,5.0,33.0,8.0,0.0,2.0,3.0,1.0,1.0,1.0,0.0,0.0,0.0,0.0,0.0,1.0,1.0,0.0,1.0,0.0,0.0,1.0,0.0,2.0,0.0,0.0,0.0
0x6609f543d38816116fa5b9a98c918ca947f5455d,0,0,0,40,15,2.0,6.0,4.0,7,2.0,36.0,35.0,0.0,10,4.0,0.0,30.0,7.0,5.0,0.0,7.0,3.0,5,0.0,9.0,4.0,1.0,0.0,0.0,1.0,0.0,2.0,0.0,0.0,0.0,0.0,3.0,0.0,2.0,0.0,4.0,1.0,3.0,2.0,2.0,0.0,1.0,6.0,2.0,2.0,2.0,1.0,0.0,5.0,4.0,0.0,0.0,10.0,1.0,0.0,2.0,1.0,1.0,25,0.0,1.0,1.0,0.0,2.0,0.0,0.0,0.0,0.0,1.0,3.0,1.0,3.0,0.0,4,0.0,1.0,1.0,8,1.0,0.0,2.0,20.0,2.0,12.0,9.0,0.0,0.0,0.0,1.0,1.0,0.0,1.0,1,3,0.0,0.0,1.0,0.0,1.0,1.0,0.0,0.0,0.0,1.0,1.0,0.0,0.0,0.0,0.0,0.0,2.0,1.0,0.0,0.0,0.0,0.0,1.0,4.0,3.0,0.0,0.0,2.0,2.0,3,0.0,1.0,1.0,3.0,1.0,1.0,0.0,1.0,4.0,1.0,5.0,0.0,1.0,0.0,1.0,2.0,1.0,2.0,1.0,1.0,0.0,3.0,0.0,4.0,2.0,0.0,1.0,2.0,1.0,2.0,1.0,0.0,8.0,2.0,2.0,1.0,0.0,0.0,3.0,0.0,0.0,4.0,2.0,2,1.0,3.0,1.0,2.0,0.0,1.0,1.0,3.0,0.0,0.0,1.0,0.0,0.0,1.0,0.0,1.0,1.0,0.0,2.0,1.0,0.0,2.0,0.0,0.0,1.0,0.0,0.0,4.0,1.0,1.0,1.0,1.0,1.0,1.0,2.0,1.0,0.0,4.0,4.0,3.0,0.0,1.0,1.0,1.0,0.0,0.0,1.0,0.0,0.0,2.0,3.0,0.0,2.0,3.0,5.0,2.0,0.0,2.0,1.0,0.0,1.0,4.0,1.0,0.0,0.0,1.0,0.0,1.0,1.0,0.0,0.0,1.0,2.0,0.0,0.0,1.0,0.0,1.0,0.0,0.0,0.0,0.0,0.0,2.0,2.0,0.0
0x90f75ca026add95ae15ecbf48efc77ed272945be,1,1,0,651,219,82.0,140.0,70.0,18,55.0,335.0,131.0,5.0,131,28.0,4.0,340.0,232.0,65.0,51.0,82.0,35.0,44,0.0,135.0,42.0,20.0,16.0,4.0,10.0,9.0,16.0,3.0,19.0,6.0,1.0,7.0,3.0,16.0,61.0,7.0,0.0,25.0,9.0,28.0,13.0,9.0,27.0,10.0,9.0,15.0,47.0,3.0,58.0,148.0,5.0,2.0,180.0,4.0,7.0,1.0,0.0,0.0,207,8.0,1.0,2.0,3.0,3.0,44.0,4.0,10.0,2.0,11.0,16.0,0.0,25.0,2.0,6,8.0,10.0,3.0,90,1.0,3.0,9.0,125.0,95.0,132.0,170.0,49.0,136.0,17.0,5.0,15.0,14.0,42.0,5,18,0.0,0.0,4.0,22.0,5.0,16.0,4.0,8.0,1.0,30.0,6.0,2.0,2.0,1.0,2.0,2.0,115.0,4.0,8.0,0.0,1.0,0.0,12.0,20.0,1.0,6.0,6.0,1.0,0.0,4,4.0,30.0,1.0,1.0,7.0,1.0,2.0,51.0,20.0,27.0,20.0,5.0,1.0,2.0,3.0,5.0,2.0,3.0,2.0,0.0,1.0,1.0,3.0,8.0,15.0,3.0,25.0,29.0,27.0,5.0,4.0,0.0,99.0,6.0,23.0,3.0,0.0,1.0,2.0,4.0,6.0,2.0,2.0,10,15.0,13.0,1.0,6.0,16.0,25.0,6.0,0.0,1.0,2.0,3.0,1.0,0.0,1.0,2.0,6.0,25.0,18.0,4.0,17.0,1.0,7.0,6.0,1.0,13.0,3.0,3.0,5.0,10.0,2.0,8.0,12.0,5.0,3.0,3.0,3.0,1.0,29.0,33.0,41.0,7.0,0.0,12.0,1.0,2.0,1.0,16.0,2.0,13.0,5.0,2.0,2.0,14.0,10.0,10.0,6.0,1.0,3.0,3.0,1.0,5.0,20.0,13.0,12.0,7.0,0.0,2.0,4.0,4.0,0.0,1.0,1.0,2.0,2.0,2.0,2.0,5.0,9.0,0.0,3.0,0.0,3.0,2.0,0.0,6.0,0.0
0x52e4339b4b9ff254738d6e971e83440f60dc029c,1,0,1,559,280,110.0,166.0,73.0,13,30.0,274.0,576.0,1.0,84,23.0,1.0,315.0,281.0,51.0,2064.0,154.0,14.0,30,1.0,111.0,37.0,6.0,11.0,1.0,6.0,4.0,8.0,10.0,3.0,9.0,2.0,7.0,2.0,44.0,42.0,3.0,3.0,2.0,2.0,9.0,15.0,1.0,25.0,17.0,1.0,13.0,27.0,3.0,16.0,91.0,1.0,2.0,269.0,1.0,1.0,6.0,3.0,1.0,167,4.0,1.0,4.0,3.0,2.0,13.0,5.0,5.0,0.0,3.0,2.0,0.0,13.0,2.0,1,7.0,4.0,2.0,66,2.0,6.0,2.0,97.0,106.0,285.0,236.0,60.0,154.0,3.0,28.0,23.0,20.0,45.0,20,131,1.0,1.0,2.0,16.0,1.0,9.0,2.0,1.0,0.0,9.0,16.0,6.0,1.0,4.0,0.0,8.0,43.0,2.0,6.0,2.0,0.0,2.0,9.0,32.0,8.0,1.0,0.0,1.0,2.0,8,5.0,5.0,0.0,5.0,1.0,1.0,2.0,19.0,3.0,12.0,30.0,1.0,3.0,4.0,6.0,19.0,2.0,2.0,1.0,1.0,19.0,1.0,6.0,12.0,25.0,1.0,2.0,0.0,1.0,2.0,1.0,4.0,6.0,3.0,15.0,5.0,4.0,3.0,4.0,3.0,4.0,4.0,6.0,6,3.0,1.0,1.0,0.0,1.0,6.0,0.0,0.0,2.0,0.0,11.0,1.0,1.0,0.0,1.0,2.0,6.0,19.0,2.0,1.0,0.0,1.0,14.0,0.0,5.0,1.0,8.0,0.0,11.0,9.0,5.0,22.0,2.0,4.0,2.0,3.0,2.0,42.0,25.0,68.0,12.0,2.0,4.0,3.0,15.0,1.0,2.0,2.0,3.0,5.0,2.0,1.0,2.0,0.0,0.0,5.0,1.0,1.0,1.0,0.0,9.0,31.0,9.0,1.0,8.0,1.0,0.0,3.0,6.0,0.0,1.0,3.0,1.0,1.0,3.0,3.0,1.0,1.0,0.0,2.0,0.0,1.0,3.0,1.0,0.0,1.0
0x51c5807dd8398aedfcc91e6483417838b41eaeb8,0,0,0,270,92,45.0,82.0,28.0,8,14.0,137.0,57.0,0.0,42,15.0,0.0,157.0,103.0,24.0,2.0,42.0,7.0,16,1.0,81.0,12.0,1.0,7.0,1.0,2.0,2.0,6.0,2.0,1.0,5.0,0.0,5.0,1.0,25.0,20.0,2.0,1.0,8.0,1.0,9.0,1.0,1.0,9.0,6.0,3.0,9.0,19.0,1.0,23.0,49.0,1.0,2.0,68.0,0.0,1.0,3.0,1.0,0.0,77,4.0,4.0,4.0,3.0,3.0,20.0,1.0,2.0,0.0,1.0,0.0,0.0,10.0,1.0,1,1.0,2.0,2.0,20,2.0,3.0,0.0,48.0,39.0,101.0,96.0,33.0,54.0,2.0,10.0,3.0,4.0,18.0,5,23,0.0,1.0,3.0,5.0,0.0,1.0,2.0,1.0,0.0,0.0,4.0,2.0,1.0,3.0,0.0,0.0,14.0,0.0,0.0,1.0,1.0,0.0,1.0,15.0,3.0,0.0,0.0,0.0,0.0,1,2.0,2.0,1.0,2.0,1.0,1.0,2.0,4.0,3.0,3.0,4.0,2.0,2.0,2.0,3.0,2.0,1.0,1.0,1.0,1.0,2.0,2.0,5.0,3.0,10.0,0.0,2.0,7.0,1.0,0.0,1.0,1.0,36.0,1.0,4.0,1.0,1.0,1.0,3.0,1.0,3.0,2.0,4.0,1,16.0,9.0,0.0,1.0,2.0,7.0,0.0,1.0,1.0,1.0,12.0,0.0,1.0,2.0,0.0,1.0,0.0,8.0,8.0,1.0,1.0,2.0,7.0,0.0,1.0,0.0,5.0,0.0,9.0,4.0,1.0,0.0,0.0,2.0,2.0,0.0,0.0,20.0,17.0,35.0,7.0,1.0,1.0,0.0,0.0,0.0,0.0,0.0,0.0,2.0,0.0,0.0,3.0,0.0,0.0,3.0,0.0,0.0,2.0,0.0,2.0,10.0,3.0,0.0,2.0,0.0,0.0,1.0,0.0,1.0,0.0,0.0,0.0,0.0,0.0,0.0,0.0,0.0,8.0,0.0,0.0,1.0,1.0,0.0,1.0,1.0
0xa0ffc741f109159ee203424a299e6d2731dcfc76,0,0,0,1119,590,251.0,300.0,183.0,21,57.0,650.0,1724.0,4.0,203,24.0,2.0,506.0,639.0,156.0,4929.0,292.0,31.0,106,3.0,184.0,83.0,29.0,23.0,8.0,5.0,8.0,23.0,17.0,16.0,7.0,4.0,7.0,6.0,46.0,75.0,24.0,18.0,3.0,11.0,27.0,17.0,11.0,48.0,23.0,3.0,20.0,34.0,9.0,47.0,203.0,2.0,6.0,668.0,3.0,7.0,4.0,6.0,7.0,402,6.0,0.0,7.0,20.0,4.0,27.0,4.0,5.0,7.0,5.0,71.0,2.0,21.0,5.0,30,7.0,5.0,6.0,161,1.0,2.0,14.0,212.0,252.0,419.0,470.0,112.0,265.0,11.0,11.0,118.0,24.0,79.0,35,252,1.0,8.0,6.0,16.0,1.0,10.0,5.0,1.0,1.0,19.0,24.0,2.0,4.0,6.0,9.0,7.0,132.0,6.0,10.0,1.0,2.0,3.0,15.0,52.0,8.0,7.0,17.0,2.0,4.0,6,9.0,13.0,4.0,2.0,14.0,4.0,15.0,47.0,22.0,21.0,81.0,2.0,4.0,3.0,10.0,12.0,4.0,3.0,3.0,1.0,39.0,7.0,8.0,13.0,58.0,1.0,18.0,15.0,27.0,2.0,7.0,2.0,35.0,4.0,27.0,3.0,1.0,4.0,3.0,15.0,1.0,7.0,8.0,25,9.0,2.0,13.0,3.0,6.0,5.0,2.0,10.0,5.0,4.0,12.0,6.0,2.0,2.0,1.0,6.0,16.0,39.0,12.0,10.0,6.0,1.0,19.0,0.0,14.0,2.0,10.0,3.0,12.0,6.0,13.0,22.0,3.0,6.0,8.0,5.0,5.0,60.0,33.0,82.0,31.0,5.0,8.0,9.0,44.0,1.0,13.0,5.0,9.0,4.0,22.0,6.0,11.0,26.0,0.0,14.0,2.0,1.0,0.0,3.0,12.0,50.0,21.0,3.0,13.0,3.0,3.0,1.0,5.0,8.0,2.0,4.0,6.0,5.0,4.0,0.0,3.0,11.0,4.0,11.0,6.0,3.0,2.0,0.0,18.0,2.0
0x9372b371196751dd2f603729ae8d8014bbeb07f6,1,0,0,1597,412,177.0,456.0,189.0,60,42.0,933.0,367.0,7.0,291,39.0,1.0,635.0,418.0,142.0,80.0,184.0,33.0,131,6.0,185.0,108.0,36.0,27.0,8.0,11.0,8.0,31.0,30.0,28.0,19.0,4.0,13.0,4.0,99.0,42.0,48.0,2.0,65.0,10.0,60.0,30.0,10.0,53.0,20.0,4.0,22.0,129.0,9.0,103.0,325.0,18.0,26.0,324.0,4.0,6.0,9.0,15.0,1.0,552,14.0,6.0,16.0,7.0,7.0,28.0,8.0,8.0,3.0,6.0,20.0,3.0,81.0,4.0,10,14.0,8.0,76.0,169,4.0,9.0,15.0,402.0,134.0,439.0,359.0,141.0,170.0,36.0,43.0,46.0,54.0,51.0,5,66,1.0,5.0,11.0,34.0,6.0,16.0,11.0,35.0,3.0,74.0,12.0,5.0,6.0,8.0,12.0,5.0,142.0,13.0,20.0,12.0,4.0,16.0,14.0,70.0,15.0,6.0,8.0,1.0,1.0,97,6.0,34.0,9.0,10.0,7.0,3.0,7.0,62.0,54.0,62.0,62.0,6.0,4.0,5.0,13.0,32.0,4.0,6.0,13.0,14.0,2.0,11.0,11.0,30.0,38.0,4.0,17.0,65.0,20.0,9.0,10.0,7.0,291.0,8.0,57.0,19.0,9.0,8.0,19.0,12.0,70.0,10.0,21.0,10,27.0,19.0,23.0,3.0,34.0,65.0,8.0,25.0,26.0,7.0,29.0,15.0,4.0,0.0,2.0,5.0,41.0,57.0,22.0,3.0,5.0,4.0,59.0,5.0,41.0,2.0,12.0,4.0,24.0,15.0,10.0,20.0,7.0,8.0,5.0,2.0,4.0,91.0,95.0,135.0,34.0,6.0,29.0,6.0,30.0,7.0,4.0,0.0,19.0,16.0,9.0,7.0,61.0,10.0,3.0,12.0,1.0,3.0,6.0,3.0,10.0,111.0,46.0,2.0,20.0,5.0,6.0,1.0,7.0,18.0,2.0,1.0,37.0,1.0,10.0,3.0,6.0,6.0,3.0,4.0,0.0,3.0,1.0,4.0,22.0,10.0
0x186ed770eecea82def7c92dcc077c4ba27acd5bd,1,0,1,752,248,70.0,137.0,74.0,29,47.0,291.0,319.0,3.0,150,36.0,1.0,284.0,242.0,81.0,159.0,154.0,18.0,80,1.0,166.0,66.0,5.0,11.0,3.0,10.0,7.0,10.0,17.0,10.0,14.0,1.0,7.0,2.0,4.0,66.0,8.0,2.0,7.0,3.0,26.0,2.0,4.0,4.0,9.0,11.0,3.0,31.0,3.0,99.0,82.0,1.0,2.0,153.0,4.0,4.0,8.0,4.0,6.0,224,8.0,6.0,9.0,17.0,8.0,26.0,5.0,9.0,1.0,1.0,26.0,2.0,6.0,6.0,14,11.0,8.0,4.0,113,4.0,10.0,2.0,119.0,71.0,126.0,198.0,70.0,101.0,3.0,10.0,20.0,21.0,64.0,10,4,4.0,3.0,3.0,21.0,1.0,27.0,8.0,1.0,4.0,20.0,3.0,6.0,1.0,4.0,3.0,6.0,98.0,8.0,15.0,1.0,4.0,1.0,19.0,0.0,3.0,5.0,3.0,1.0,4.0,6,7.0,12.0,5.0,9.0,1.0,3.0,10.0,26.0,27.0,24.0,25.0,4.0,8.0,4.0,3.0,2.0,4.0,2.0,2.0,1.0,4.0,2.0,5.0,7.0,13.0,2.0,14.0,1.0,18.0,5.0,0.0,9.0,101.0,7.0,7.0,8.0,6.0,7.0,8.0,12.0,6.0,16.0,5.0,15,26.0,14.0,3.0,1.0,5.0,5.0,6.0,3.0,6.0,7.0,1.0,1.0,5.0,4.0,2.0,3.0,18.0,3.0,4.0,9.0,2.0,5.0,3.0,5.0,11.0,5.0,6.0,0.0,3.0,2.0,2.0,13.0,2.0,2.0,2.0,1.0,0.0,3.0,6.0,7.0,1.0,6.0,6.0,2.0,3.0,5.0,6.0,4.0,2.0,6.0,5.0,3.0,8.0,18.0,1.0,2.0,2.0,1.0,2.0,2.0,4.0,6.0,1.0,1.0,1.0,2.0,2.0,11.0,3.0,3.0,4.0,2.0,1.0,2.0,15.0,1.0,1.0,3.0,3.0,3.0,5.0,4.0,4.0,1.0,8.0,5.0
0x28c748535cc0c774d7bb046adba0c9d77e3b4c92,0,0,1,317,76,38.0,86.0,25.0,6,11.0,154.0,49.0,0.0,49,4.0,3.0,175.0,74.0,32.0,3.0,43.0,7.0,18,2.0,66.0,24.0,7.0,27.0,1.0,5.0,2.0,8.0,3.0,4.0,6.0,2.0,7.0,2.0,24.0,18.0,8.0,3.0,11.0,4.0,12.0,2.0,2.0,10.0,11.0,0.0,6.0,27.0,2.0,28.0,59.0,5.0,5.0,56.0,3.0,0.0,2.0,2.0,2.0,101,2.0,3.0,2.0,4.0,3.0,8.0,2.0,1.0,1.0,1.0,3.0,0.0,14.0,1.0,3,2.0,2.0,2.0,25,4.0,3.0,2.0,71.0,26.0,84.0,58.0,23.0,34.0,1.0,10.0,11.0,7.0,17.0,5,17,7.0,1.0,0.0,6.0,1.0,1.0,2.0,2.0,1.0,5.0,5.0,3.0,3.0,1.0,0.0,5.0,29.0,0.0,3.0,1.0,0.0,1.0,4.0,18.0,4.0,0.0,2.0,0.0,1.0,5,4.0,8.0,0.0,3.0,1.0,0.0,1.0,8.0,8.0,9.0,14.0,3.0,2.0,1.0,5.0,2.0,2.0,2.0,2.0,2.0,2.0,3.0,2.0,6.0,7.0,0.0,3.0,8.0,4.0,0.0,1.0,1.0,53.0,3.0,6.0,1.0,1.0,3.0,6.0,2.0,1.0,1.0,4.0,2,8.0,5.0,3.0,0.0,1.0,10.0,0.0,0.0,1.0,0.0,7.0,2.0,3.0,0.0,0.0,2.0,3.0,8.0,8.0,1.0,4.0,1.0,6.0,0.0,10.0,0.0,4.0,2.0,0.0,3.0,1.0,2.0,3.0,1.0,1.0,1.0,1.0,19.0,22.0,32.0,7.0,0.0,2.0,0.0,2.0,1.0,1.0,0.0,0.0,2.0,0.0,1.0,11.0,0.0,0.0,2.0,0.0,1.0,0.0,1.0,2.0,14.0,1.0,1.0,0.0,0.0,0.0,1.0,0.0,2.0,0.0,2.0,0.0,1.0,0.0,1.0,1.0,1.0,0.0,1.0,1.0,1.0,0.0,0.0,2.0,0.0
0xd00736f864ecd5bef5996c735f98769ae0d10c7c,0,0,1,316,75,38.0,86.0,24.0,6,11.0,154.0,50.0,0.0,49,4.0,3.0,175.0,74.0,32.0,3.0,43.0,7.0,18,2.0,66.0,24.0,8.0,27.0,1.0,5.0,2.0,8.0,3.0,4.0,6.0,2.0,7.0,1.0,24.0,18.0,8.0,3.0,11.0,3.0,12.0,2.0,0.0,10.0,11.0,0.0,6.0,27.0,2.0,28.0,60.0,5.0,5.0,56.0,3.0,0.0,2.0,2.0,2.0,102,2.0,3.0,2.0,4.0,2.0,8.0,2.0,1.0,0.0,1.0,3.0,0.0,14.0,1.0,3,2.0,2.0,2.0,25,4.0,3.0,2.0,71.0,26.0,84.0,58.0,24.0,34.0,1.0,10.0,11.0,7.0,17.0,5,17,7.0,2.0,0.0,6.0,1.0,1.0,1.0,2.0,1.0,5.0,5.0,3.0,2.0,1.0,0.0,5.0,29.0,0.0,4.0,1.0,0.0,1.0,4.0,18.0,4.0,0.0,1.0,0.0,1.0,6,4.0,8.0,0.0,3.0,1.0,0.0,1.0,7.0,7.0,9.0,14.0,4.0,2.0,1.0,5.0,2.0,4.0,1.0,2.0,2.0,2.0,3.0,2.0,6.0,7.0,0.0,3.0,8.0,4.0,0.0,1.0,1.0,53.0,4.0,6.0,1.0,1.0,3.0,6.0,2.0,1.0,1.0,4.0,3,8.0,5.0,3.0,0.0,1.0,12.0,0.0,0.0,1.0,0.0,6.0,1.0,2.0,0.0,0.0,3.0,3.0,8.0,8.0,1.0,5.0,2.0,7.0,0.0,11.0,0.0,4.0,1.0,0.0,4.0,1.0,2.0,2.0,1.0,1.0,1.0,1.0,19.0,22.0,32.0,6.0,0.0,2.0,0.0,2.0,0.0,1.0,0.0,0.0,2.0,0.0,1.0,11.0,0.0,0.0,2.0,0.0,1.0,0.0,1.0,3.0,15.0,1.0,1.0,0.0,0.0,0.0,0.0,0.0,2.0,0.0,2.0,0.0,0.0,0.0,1.0,0.0,0.0,0.0,1.0,1.0,2.0,0.0,0.0,4.0,0.0
0x9a3fb36bf72a387fcc821a38ee9f50f1a0eb8cbd,1,0,1,574,158,101.0,135.0,83.0,13,30.0,609.0,926.0,1.0,93,3.0,1.0,226.0,369.0,71.0,2275.0,158.0,14.0,46,4.0,99.0,44.0,13.0,11.0,4.0,5.0,9.0,10.0,16.0,12.0,8.0,2.0,29.0,3.0,42.0,35.0,2.0,3.0,4.0,2.0,31.0,5.0,4.0,22.0,14.0,1.0,11.0,57.0,5.0,15.0,119.0,4.0,5.0,342.0,3.0,2.0,6.0,2.0,2.0,422,6.0,4.0,5.0,6.0,5.0,29.0,5.0,2.0,0.0,5.0,4.0,1.0,16.0,4.0,4,8.0,3.0,23.0,71,8.0,9.0,12.0,332.0,82.0,203.0,184.0,66.0,182.0,20.0,29.0,41.0,15.0,52.0,22,138,2.0,1.0,0.0,21.0,0.0,5.0,8.0,1.0,1.0,28.0,12.0,8.0,2.0,3.0,3.0,4.0,54.0,2.0,5.0,3.0,6.0,3.0,6.0,28.0,17.0,0.0,2.0,1.0,9.0,5,6.0,17.0,0.0,5.0,3.0,2.0,7.0,20.0,6.0,19.0,42.0,2.0,5.0,4.0,19.0,35.0,2.0,3.0,2.0,2.0,13.0,4.0,19.0,8.0,39.0,3.0,9.0,1.0,26.0,3.0,2.0,5.0,8.0,7.0,12.0,4.0,6.0,4.0,5.0,6.0,6.0,6.0,7.0,6,12.0,2.0,4.0,1.0,7.0,2.0,0.0,2.0,6.0,0.0,22.0,1.0,1.0,2.0,1.0,3.0,14.0,20.0,13.0,6.0,2.0,2.0,15.0,1.0,3.0,3.0,9.0,2.0,10.0,20.0,2.0,9.0,4.0,5.0,7.0,5.0,5.0,34.0,26.0,64.0,13.0,3.0,40.0,2.0,11.0,2.0,2.0,5.0,1.0,11.0,2.0,0.0,29.0,5.0,5.0,5.0,4.0,3.0,2.0,4.0,14.0,36.0,13.0,4.0,55.0,2.0,3.0,0.0,16.0,5.0,9.0,1.0,4.0,1.0,2.0,3.0,3.0,2.0,0.0,0.0,1.0,2.0,4.0,0.0,21.0,1.0
0xe7e63e244c52b2230666e263657ba8db2b6b3705,1,0,1,573,157,104.0,135.0,82.0,13,30.0,608.0,924.0,1.0,93,3.0,3.0,226.0,368.0,70.0,2277.0,158.0,14.0,46,4.0,100.0,44.0,13.0,11.0,4.0,5.0,9.0,9.0,16.0,12.0,8.0,2.0,29.0,3.0,41.0,35.0,2.0,2.0,4.0,2.0,31.0,5.0,4.0,22.0,14.0,1.0,10.0,56.0,4.0,15.0,121.0,4.0,5.0,342.0,2.0,2.0,6.0,2.0,2.0,422,6.0,4.0,5.0,5.0,5.0,29.0,5.0,2.0,0.0,4.0,4.0,1.0,16.0,3.0,4,8.0,4.0,23.0,71,8.0,9.0,11.0,332.0,82.0,204.0,184.0,66.0,182.0,20.0,28.0,42.0,15.0,52.0,22,139,2.0,2.0,0.0,20.0,0.0,5.0,8.0,1.0,1.0,28.0,12.0,8.0,2.0,3.0,2.0,4.0,53.0,2.0,5.0,4.0,6.0,3.0,6.0,28.0,17.0,0.0,4.0,1.0,9.0,5,6.0,19.0,0.0,6.0,3.0,2.0,7.0,20.0,6.0,19.0,42.0,2.0,5.0,4.0,18.0,35.0,2.0,3.0,2.0,2.0,13.0,4.0,19.0,8.0,39.0,3.0,9.0,1.0,26.0,2.0,3.0,5.0,8.0,6.0,13.0,4.0,6.0,4.0,6.0,6.0,6.0,6.0,7.0,6,12.0,2.0,4.0,1.0,7.0,2.0,0.0,1.0,6.0,0.0,22.0,1.0,1.0,2.0,1.0,3.0,16.0,20.0,13.0,7.0,2.0,1.0,14.0,1.0,1.0,3.0,9.0,2.0,11.0,20.0,3.0,9.0,4.0,6.0,7.0,5.0,4.0,34.0,26.0,66.0,13.0,3.0,40.0,2.0,11.0,1.0,2.0,5.0,1.0,11.0,2.0,0.0,30.0,3.0,5.0,5.0,4.0,4.0,3.0,4.0,14.0,36.0,14.0,4.0,55.0,2.0,3.0,0.0,16.0,5.0,9.0,1.0,3.0,1.0,2.0,3.0,3.0,2.0,1.0,0.0,2.0,2.0,4.0,0.0,20.0,0.0
0x25d8f027fd25eecbcd812521fb2f75f175807a91,1,0,1,573,157,102.0,135.0,83.0,13,30.0,610.0,927.0,2.0,93,3.0,1.0,226.0,368.0,71.0,2276.0,159.0,15.0,46,4.0,99.0,44.0,13.0,13.0,4.0,5.0,9.0,10.0,17.0,12.0,8.0,3.0,29.0,3.0,41.0,35.0,2.0,2.0,4.0,3.0,31.0,5.0,4.0,22.0,14.0,1.0,10.0,57.0,4.0,15.0,120.0,4.0,5.0,345.0,2.0,2.0,6.0,2.0,2.0,422,6.0,4.0,5.0,5.0,6.0,28.0,5.0,3.0,0.0,4.0,4.0,1.0,16.0,3.0,4,8.0,3.0,23.0,71,8.0,8.0,11.0,332.0,82.0,203.0,184.0,66.0,182.0,20.0,28.0,41.0,15.0,52.0,22,138,2.0,1.0,0.0,21.0,0.0,6.0,8.0,1.0,1.0,28.0,12.0,8.0,2.0,3.0,2.0,4.0,54.0,2.0,5.0,3.0,6.0,3.0,6.0,28.0,17.0,0.0,3.0,1.0,9.0,5,5.0,17.0,0.0,4.0,3.0,2.0,7.0,20.0,6.0,19.0,42.0,2.0,5.0,4.0,18.0,35.0,2.0,3.0,2.0,2.0,14.0,4.0,19.0,8.0,39.0,3.0,9.0,2.0,26.0,2.0,2.0,5.0,8.0,6.0,12.0,4.0,6.0,4.0,5.0,7.0,6.0,6.0,7.0,6,12.0,2.0,4.0,1.0,7.0,2.0,0.0,1.0,6.0,0.0,23.0,1.0,1.0,2.0,1.0,3.0,14.0,20.0,13.0,6.0,2.0,2.0,15.0,1.0,2.0,5.0,9.0,2.0,10.0,19.0,3.0,9.0,4.0,6.0,7.0,5.0,4.0,34.0,26.0,65.0,13.0,3.0,40.0,2.0,11.0,1.0,3.0,5.0,1.0,11.0,2.0,0.0,29.0,3.0,5.0,5.0,5.0,3.0,2.0,5.0,14.0,35.0,13.0,4.0,55.0,2.0,3.0,1.0,16.0,4.0,9.0,1.0,3.0,1.0,2.0,3.0,3.0,2.0,0.0,0.0,1.0,2.0,4.0,0.0,20.0,0.0
0x1250b98cbde9f99f4c42dcdacee193221f17eb50,1,0,0,499,102,59.0,151.0,62.0,20,33.0,336.0,101.0,3.0,79,10.0,2.0,234.0,114.0,60.0,20.0,52.0,19.0,30,8.0,78.0,38.0,14.0,7.0,1.0,11.0,11.0,10.0,8.0,12.0,8.0,4.0,7.0,7.0,32.0,41.0,3.0,3.0,20.0,7.0,29.0,3.0,1.0,16.0,19.0,2.0,14.0,39.0,2.0,26.0,113.0,9.0,6.0,97.0,10.0,5.0,6.0,1.0,1.0,197,4.0,7.0,10.0,4.0,3.0,42.0,5.0,4.0,7.0,5.0,6.0,4.0,28.0,2.0,11,6.0,3.0,3.0,29,3.0,9.0,6.0,163.0,49.0,135.0,125.0,54.0,55.0,8.0,11.0,12.0,21.0,20.0,5,34,1.0,1.0,5.0,11.0,5.0,5.0,1.0,1.0,1.0,11.0,4.0,4.0,3.0,6.0,0.0,3.0,28.0,3.0,13.0,5.0,2.0,2.0,15.0,31.0,4.0,2.0,4.0,0.0,6.0,11,3.0,32.0,14.0,4.0,6.0,2.0,7.0,47.0,20.0,11.0,27.0,3.0,5.0,5.0,4.0,3.0,2.0,7.0,7.0,4.0,3.0,11.0,9.0,10.0,15.0,1.0,8.0,17.0,13.0,6.0,0.0,4.0,92.0,4.0,12.0,6.0,5.0,5.0,4.0,5.0,3.0,7.0,6.0,8,21.0,10.0,10.0,1.0,6.0,16.0,5.0,6.0,3.0,2.0,11.0,4.0,0.0,1.0,1.0,8.0,8.0,16.0,14.0,3.0,4.0,8.0,20.0,1.0,19.0,1.0,10.0,13.0,13.0,6.0,6.0,18.0,4.0,7.0,2.0,0.0,1.0,31.0,38.0,59.0,12.0,0.0,8.0,16.0,4.0,0.0,1.0,2.0,4.0,11.0,4.0,4.0,20.0,1.0,0.0,5.0,4.0,0.0,7.0,3.0,3.0,28.0,10.0,2.0,3.0,1.0,1.0,4.0,3.0,10.0,2.0,5.0,0.0,8.0,3.0,0.0,2.0,6.0,0.0,7.0,2.0,6.0,1.0,3.0,1.0,2.0
0x0414d8c87b271266a5864329fb4932bbe19c0c49,1,0,0,523,191,71.0,149.0,65.0,24,19.0,389.0,534.0,0.0,139,12.0,1.0,193.0,126.0,72.0,38.0,73.0,22.0,69,8.0,91.0,74.0,17.0,24.0,2.0,9.0,6.0,7.0,7.0,13.0,12.0,4.0,13.0,7.0,37.0,62.0,5.0,1.0,19.0,7.0,29.0,13.0,5.0,17.0,13.0,3.0,9.0,45.0,7.0,35.0,116.0,8.0,8.0,150.0,1.0,2.0,7.0,5.0,2.0,246,7.0,4.0,8.0,5.0,5.0,27.0,4.0,6.0,3.0,5.0,2.0,10.0,22.0,3.0,5,7.0,10.0,38.0,90,1.0,9.0,5.0,164.0,57.0,129.0,136.0,46.0,67.0,0.0,14.0,25.0,12.0,22.0,5,26,0.0,6.0,5.0,36.0,4.0,8.0,7.0,1.0,4.0,14.0,8.0,6.0,3.0,4.0,2.0,2.0,35.0,5.0,2.0,5.0,5.0,5.0,13.0,21.0,5.0,2.0,1.0,10.0,5.0,7,7.0,33.0,7.0,5.0,3.0,1.0,1.0,27.0,23.0,17.0,41.0,4.0,3.0,10.0,3.0,10.0,4.0,6.0,8.0,1.0,2.0,3.0,4.0,5.0,16.0,2.0,9.0,19.0,11.0,8.0,2.0,3.0,78.0,7.0,12.0,3.0,3.0,5.0,4.0,4.0,7.0,6.0,4.0,4,23.0,11.0,18.0,9.0,1.0,13.0,3.0,1.0,3.0,0.0,18.0,6.0,1.0,3.0,8.0,4.0,27.0,15.0,19.0,6.0,4.0,8.0,16.0,2.0,13.0,4.0,11.0,1.0,6.0,8.0,8.0,9.0,11.0,6.0,2.0,2.0,6.0,36.0,41.0,53.0,13.0,0.0,2.0,1.0,3.0,4.0,6.0,6.0,5.0,6.0,8.0,3.0,17.0,3.0,3.0,3.0,1.0,6.0,0.0,1.0,5.0,32.0,6.0,0.0,1.0,6.0,2.0,1.0,7.0,9.0,6.0,0.0,2.0,1.0,1.0,6.0,1.0,3.0,0.0,5.0,3.0,7.0,1.0,4.0,9.0,5.0
0x292f57c7fcd726ba651e46b620d99cc6afe0ec1c,0,1,1,649,221,107.0,140.0,86.0,23,33.0,753.0,1054.0,5.0,136,12.0,1.0,276.0,390.0,54.0,1614.0,102.0,30.0,58,9.0,131.0,54.0,8.0,26.0,3.0,17.0,9.0,10.0,11.0,18.0,10.0,3.0,16.0,7.0,32.0,65.0,5.0,4.0,5.0,9.0,45.0,6.0,6.0,16.0,16.0,2.0,10.0,61.0,6.0,17.0,179.0,6.0,8.0,504.0,3.0,6.0,5.0,3.0,3.0,568,8.0,12.0,5.0,6.0,1.0,28.0,2.0,3.0,0.0,8.0,10.0,1.0,11.0,4.0,4,6.0,3.0,32.0,90,6.0,6.0,29.0,433.0,97.0,221.0,245.0,105.0,210.0,46.0,39.0,36.0,14.0,63.0,26,101,1.0,3.0,3.0,28.0,4.0,13.0,2.0,3.0,3.0,17.0,9.0,6.0,3.0,3.0,18.0,8.0,49.0,1.0,5.0,31.0,1.0,3.0,10.0,23.0,20.0,4.0,17.0,3.0,2.0,6,5.0,23.0,2.0,5.0,8.0,8.0,7.0,44.0,4.0,14.0,49.0,2.0,11.0,2.0,5.0,25.0,4.0,2.0,2.0,4.0,14.0,6.0,29.0,5.0,30.0,2.0,5.0,3.0,25.0,5.0,6.0,6.0,73.0,5.0,15.0,4.0,5.0,4.0,3.0,4.0,5.0,3.0,12.0,7,14.0,5.0,5.0,2.0,5.0,7.0,3.0,2.0,3.0,6.0,13.0,1.0,4.0,3.0,1.0,4.0,19.0,12.0,12.0,6.0,6.0,1.0,22.0,5.0,5.0,1.0,11.0,6.0,3.0,8.0,1.0,5.0,3.0,4.0,3.0,3.0,2.0,27.0,20.0,54.0,18.0,2.0,33.0,1.0,15.0,10.0,4.0,3.0,20.0,7.0,4.0,4.0,26.0,3.0,4.0,7.0,2.0,3.0,1.0,3.0,15.0,26.0,7.0,3.0,33.0,3.0,0.0,4.0,5.0,10.0,7.0,2.0,2.0,4.0,5.0,1.0,1.0,5.0,3.0,2.0,4.0,3.0,3.0,1.0,13.0,2.0
0x9db8a10c7fe60d84397860b3af2e686d4f90c2b7,1,1,1,815,248,122.0,256.0,63.0,21,51.0,350.0,146.0,3.0,104,35.0,2.0,425.0,311.0,80.0,110.0,157.0,27.0,46,5.0,182.0,49.0,7.0,11.0,7.0,6.0,6.0,13.0,13.0,11.0,9.0,5.0,6.0,1.0,52.0,46.0,4.0,1.0,25.0,10.0,34.0,24.0,4.0,22.0,18.0,0.0,15.0,55.0,4.0,84.0,127.0,2.0,5.0,173.0,1.0,1.0,6.0,6.0,4.0,200,15.0,3.0,6.0,8.0,5.0,17.0,8.0,2.0,4.0,2.0,5.0,4.0,32.0,2.0,6,7.0,8.0,5.0,57,6.0,6.0,2.0,134.0,111.0,267.0,253.0,91.0,142.0,9.0,12.0,12.0,32.0,54.0,9,33,2.0,3.0,2.0,24.0,1.0,9.0,6.0,3.0,2.0,13.0,13.0,7.0,7.0,3.0,3.0,4.0,61.0,8.0,3.0,3.0,1.0,5.0,8.0,41.0,10.0,3.0,2.0,0.0,6.0,3,9.0,7.0,5.0,8.0,5.0,3.0,4.0,24.0,5.0,15.0,20.0,1.0,3.0,5.0,4.0,5.0,3.0,3.0,2.0,1.0,4.0,4.0,10.0,12.0,27.0,6.0,13.0,21.0,21.0,5.0,1.0,8.0,130.0,4.0,27.0,5.0,7.0,6.0,3.0,6.0,11.0,4.0,6.0,6,34.0,18.0,6.0,2.0,4.0,23.0,1.0,1.0,4.0,4.0,11.0,6.0,3.0,2.0,1.0,6.0,14.0,29.0,5.0,2.0,1.0,0.0,13.0,1.0,10.0,17.0,8.0,5.0,24.0,10.0,11.0,21.0,2.0,4.0,11.0,3.0,3.0,44.0,44.0,84.0,12.0,1.0,9.0,1.0,6.0,1.0,2.0,4.0,1.0,10.0,4.0,2.0,11.0,1.0,2.0,7.0,8.0,1.0,1.0,2.0,10.0,33.0,9.0,10.0,1.0,2.0,2.0,2.0,2.0,1.0,2.0,0.0,4.0,0.0,1.0,1.0,1.0,2.0,0.0,1.0,5.0,8.0,3.0,5.0,3.0,0.0
0xabe776435f7459e2f5ba773bfb753ed19a053dd0,0,0,0,362,185,73.0,101.0,43.0,10,20.0,187.0,366.0,1.0,53,16.0,2.0,198.0,190.0,33.0,1524.0,103.0,16.0,21,2.0,74.0,27.0,5.0,2.0,2.0,2.0,2.0,8.0,5.0,18.0,6.0,1.0,5.0,3.0,34.0,30.0,4.0,2.0,2.0,1.0,8.0,9.0,0.0,16.0,10.0,0.0,9.0,21.0,4.0,11.0,54.0,1.0,15.0,180.0,2.0,1.0,3.0,2.0,1.0,116,2.0,1.0,2.0,1.0,1.0,11.0,6.0,2.0,2.0,3.0,1.0,1.0,8.0,2.0,1,4.0,4.0,2.0,56,1.0,9.0,0.0,68.0,70.0,186.0,146.0,35.0,103.0,0.0,11.0,18.0,7.0,31.0,14,97,0.0,1.0,3.0,10.0,0.0,5.0,2.0,1.0,1.0,10.0,11.0,3.0,2.0,1.0,1.0,4.0,25.0,2.0,1.0,1.0,1.0,3.0,4.0,20.0,4.0,0.0,0.0,1.0,3.0,2,3.0,10.0,0.0,4.0,1.0,0.0,1.0,8.0,1.0,5.0,20.0,2.0,4.0,1.0,5.0,2.0,1.0,3.0,1.0,1.0,10.0,1.0,5.0,6.0,14.0,1.0,2.0,0.0,0.0,1.0,2.0,1.0,2.0,1.0,7.0,1.0,1.0,4.0,1.0,1.0,1.0,1.0,3.0,2,4.0,0.0,1.0,1.0,1.0,2.0,1.0,0.0,2.0,0.0,7.0,0.0,0.0,0.0,0.0,1.0,3.0,11.0,1.0,2.0,3.0,1.0,8.0,1.0,2.0,0.0,8.0,0.0,9.0,6.0,4.0,5.0,3.0,5.0,2.0,2.0,2.0,29.0,19.0,50.0,7.0,1.0,1.0,0.0,13.0,0.0,2.0,1.0,4.0,3.0,0.0,2.0,2.0,1.0,0.0,3.0,1.0,0.0,1.0,0.0,5.0,20.0,3.0,0.0,0.0,0.0,0.0,0.0,1.0,1.0,0.0,0.0,0.0,0.0,1.0,3.0,1.0,0.0,0.0,1.0,0.0,1.0,2.0,0.0,2.0,0.0
0x8d07f605926837ea0f9e1e24dba0fb348cb3e97d,0,1,1,1554,428,196.0,288.0,181.0,39,64.0,64.0,1391.0,4.0,290,52.0,2.0,635.0,487.0,173.0,117.0,220.0,41.0,131,3.0,203.0,128.0,47.0,42.0,11.0,17.0,14.0,28.0,22.0,38.0,13.0,4.0,44.0,7.0,34.0,35.0,36.0,26.0,30.0,13.0,84.0,7.0,18.0,41.0,15.0,7.0,18.0,71.0,7.0,153.0,281.0,22.0,28.0,432.0,9.0,3.0,12.0,5.0,10.0,703,18.0,10.0,14.0,8.0,6.0,86.0,15.0,9.0,5.0,7.0,72.0,11.0,1093.0,4.0,32,5.0,6.0,21.0,227,11.0,16.0,18.0,545.0,160.0,241.0,362.0,156.0,221.0,31.0,71.0,58.0,91.0,95.0,5,38,7.0,5.0,1.0,41.0,5.0,44.0,11.0,29.0,3.0,50.0,12.0,7.0,3.0,7.0,12.0,18.0,166.0,11.0,17.0,11.0,4.0,4.0,31.0,34.0,27.0,4.0,13.0,8.0,31.0,21,13.0,57.0,12.0,8.0,3.0,7.0,8.0,66.0,36.0,56.0,28.0,8.0,10.0,5.0,4.0,14.0,4.0,19.0,3.0,4.0,6.0,7.0,19.0,8.0,37.0,1.0,51.0,28.0,67.0,8.0,3.0,3.0,265.0,6.0,26.0,8.0,8.0,8.0,21.0,23.0,30.0,9.0,27.0,41,32.0,24.0,30.0,6.0,13.0,28.0,5.0,27.0,12.0,6.0,13.0,16.0,5.0,3.0,6.0,15.0,68.0,29.0,21.0,10.0,6.0,3.0,45.0,1.0,4.0,4.0,12.0,1.0,22.0,13.0,8.0,26.0,14.0,8.0,16.0,7.0,5.0,38.0,31.0,68.0,60.0,2.0,24.0,0.0,9.0,4.0,28.0,5.0,12.0,6.0,15.0,5.0,45.0,95.0,6.0,7.0,4.0,5.0,13.0,13.0,22.0,31.0,11.0,7.0,11.0,3.0,10.0,7.0,8.0,23.0,3.0,1.0,11.0,5.0,5.0,3.0,4.0,13.0,4.0,1.0,3.0,12.0,2.0,9.0,23.0,1.0
0x42269ac712372ac89a158ad5a32806c6b6782d66,0,1,0,1498,583,206.0,410.0,156.0,39,62.0,745.0,1593.0,3.0,215,42.0,6.0,673.0,803.0,135.0,6821.0,463.0,17.0,99,2.0,165.0,79.0,8.0,17.0,3.0,16.0,13.0,15.0,18.0,27.0,20.0,2.0,22.0,1.0,67.0,94.0,39.0,11.0,10.0,8.0,26.0,7.0,2.0,50.0,35.0,0.0,19.0,71.0,3.0,33.0,164.0,10.0,6.0,698.0,3.0,1.0,16.0,1.0,2.0,468,18.0,3.0,16.0,17.0,4.0,39.0,3.0,4.0,1.0,4.0,19.0,4.0,29.0,2.0,17,15.0,14.0,42.0,198,4.0,28.0,12.0,274.0,181.0,664.0,572.0,104.0,294.0,23.0,14.0,123.0,35.0,90.0,27,379,2.0,3.0,2.0,28.0,3.0,23.0,1.0,1.0,10.0,28.0,31.0,14.0,18.0,12.0,4.0,5.0,184.0,11.0,15.0,7.0,3.0,3.0,15.0,73.0,16.0,1.0,3.0,1.0,2.0,22,33.0,31.0,1.0,18.0,4.0,2.0,16.0,33.0,19.0,65.0,70.0,2.0,5.0,2.0,21.0,14.0,3.0,1.0,6.0,6.0,30.0,4.0,15.0,17.0,46.0,3.0,13.0,5.0,23.0,2.0,3.0,13.0,30.0,14.0,42.0,15.0,13.0,18.0,19.0,12.0,24.0,14.0,38.0,19,34.0,9.0,0.0,1.0,23.0,3.0,5.0,18.0,2.0,1.0,13.0,8.0,2.0,0.0,0.0,3.0,34.0,25.0,14.0,19.0,0.0,2.0,11.0,2.0,5.0,3.0,10.0,0.0,18.0,20.0,14.0,19.0,5.0,4.0,7.0,14.0,5.0,70.0,33.0,110.0,26.0,7.0,10.0,6.0,33.0,3.0,7.0,3.0,10.0,5.0,9.0,5.0,6.0,14.0,0.0,8.0,8.0,2.0,3.0,7.0,7.0,61.0,36.0,1.0,5.0,0.0,2.0,1.0,0.0,22.0,2.0,5.0,13.0,3.0,4.0,3.0,2.0,8.0,7.0,1.0,7.0,0.0,2.0,2.0,3.0,3.0
0xdf7ff95aa3d855a6fb21399432166a92fdcf1b1a,1,0,0,522,261,103.0,154.0,59.0,11,30.0,262.0,483.0,1.0,73,21.0,1.0,294.0,265.0,48.0,1923.0,153.0,14.0,28,1.0,106.0,38.0,5.0,9.0,3.0,4.0,4.0,6.0,7.0,7.0,8.0,1.0,7.0,1.0,44.0,43.0,5.0,4.0,2.0,6.0,9.0,14.0,1.0,25.0,17.0,4.0,13.0,24.0,3.0,14.0,85.0,1.0,5.0,256.0,2.0,1.0,5.0,3.0,1.0,160,5.0,1.0,5.0,2.0,2.0,15.0,4.0,3.0,0.0,2.0,4.0,1.0,13.0,3.0,1,6.0,4.0,1.0,72,2.0,7.0,4.0,94.0,102.0,264.0,221.0,57.0,147.0,4.0,22.0,25.0,10.0,41.0,19,122,1.0,2.0,2.0,11.0,0.0,7.0,2.0,0.0,0.0,1.0,14.0,5.0,1.0,3.0,1.0,5.0,39.0,3.0,9.0,1.0,1.0,4.0,8.0,29.0,8.0,1.0,1.0,1.0,2.0,3,5.0,4.0,0.0,6.0,1.0,0.0,2.0,29.0,2.0,9.0,27.0,1.0,2.0,2.0,5.0,3.0,2.0,1.0,3.0,2.0,13.0,3.0,6.0,10.0,24.0,0.0,2.0,1.0,1.0,2.0,0.0,7.0,6.0,5.0,12.0,5.0,3.0,3.0,6.0,3.0,3.0,5.0,5.0,3,3.0,1.0,2.0,0.0,1.0,2.0,1.0,0.0,3.0,1.0,11.0,4.0,1.0,14.0,1.0,3.0,10.0,16.0,3.0,3.0,1.0,1.0,13.0,1.0,2.0,0.0,12.0,0.0,12.0,7.0,4.0,4.0,2.0,5.0,2.0,4.0,3.0,38.0,24.0,66.0,10.0,1.0,9.0,4.0,14.0,2.0,0.0,0.0,0.0,3.0,3.0,0.0,3.0,0.0,1.0,6.0,0.0,2.0,3.0,2.0,6.0,28.0,7.0,1.0,9.0,5.0,2.0,0.0,1.0,1.0,0.0,1.0,2.0,0.0,2.0,0.0,0.0,1.0,0.0,0.0,2.0,2.0,1.0,0.0,4.0,0.0
0x198376f921570e3cc547fd5c16e482cded8b4d1d,0,0,1,315,75,38.0,85.0,25.0,6,11.0,154.0,49.0,0.0,50,4.0,3.0,175.0,74.0,32.0,3.0,43.0,7.0,18,2.0,66.0,24.0,7.0,27.0,1.0,5.0,2.0,8.0,3.0,5.0,5.0,2.0,7.0,1.0,24.0,18.0,7.0,3.0,11.0,3.0,12.0,2.0,0.0,10.0,11.0,0.0,6.0,28.0,2.0,28.0,59.0,5.0,5.0,56.0,3.0,0.0,2.0,2.0,2.0,101,2.0,3.0,2.0,4.0,2.0,8.0,3.0,1.0,0.0,1.0,3.0,0.0,14.0,1.0,3,2.0,3.0,2.0,25,4.0,3.0,3.0,71.0,26.0,84.0,58.0,23.0,34.0,1.0,10.0,11.0,7.0,17.0,5,17,7.0,1.0,0.0,6.0,1.0,2.0,1.0,2.0,1.0,5.0,5.0,3.0,2.0,1.0,0.0,5.0,29.0,0.0,3.0,1.0,0.0,1.0,4.0,18.0,4.0,0.0,2.0,1.0,1.0,5,4.0,7.0,0.0,3.0,1.0,0.0,1.0,8.0,7.0,10.0,14.0,3.0,2.0,1.0,5.0,3.0,2.0,2.0,2.0,2.0,2.0,3.0,4.0,6.0,7.0,0.0,3.0,8.0,4.0,0.0,1.0,1.0,53.0,3.0,6.0,1.0,1.0,3.0,7.0,2.0,1.0,1.0,4.0,2,8.0,5.0,4.0,0.0,1.0,11.0,0.0,1.0,1.0,0.0,7.0,1.0,2.0,0.0,0.0,2.0,3.0,8.0,8.0,3.0,4.0,1.0,6.0,0.0,10.0,0.0,5.0,1.0,0.0,3.0,1.0,2.0,2.0,1.0,1.0,1.0,1.0,19.0,22.0,32.0,6.0,0.0,2.0,0.0,2.0,0.0,1.0,0.0,0.0,2.0,0.0,2.0,11.0,0.0,0.0,2.0,0.0,2.0,0.0,1.0,2.0,14.0,1.0,2.0,0.0,0.0,0.0,0.0,0.0,2.0,1.0,2.0,1.0,0.0,0.0,1.0,0.0,0.0,0.0,3.0,1.0,1.0,0.0,0.0,2.0,0.0
0x9d52414c4cc1fb8e7864a9b59495f430f8e5de44,0,0,0,2,1,0.0,0.0,0.0,2,0.0,1.0,0.0,0.0,1,0.0,0.0,0.0,2.0,0.0,0.0,0.0,0.0,1,0.0,0.0,0.0,0.0,0.0,1.0,0.0,0.0,0.0,0.0,0.0,0.0,0.0,1.0,0.0,0.0,0.0,0.0,0.0,0.0,0.0,0.0,1.0,0.0,0.0,1.0,1.0,0.0,0.0,0.0,0.0,1.0,0.0,0.0,0.0,0.0,0.0,0.0,0.0,0.0,1,0.0,0.0,0.0,0.0,0.0,0.0,0.0,0.0,0.0,0.0,8.0,0.0,0.0,0.0,1,0.0,0.0,0.0,2,0.0,1.0,0.0,0.0,0.0,0.0,0.0,0.0,1.0,0.0,0.0,0.0,0.0,0.0,1,1,0.0,0.0,0.0,0.0,0.0,0.0,0.0,0.0,0.0,0.0,0.0,0.0,0.0,0.0,0.0,0.0,0.0,0.0,0.0,0.0,0.0,0.0,0.0,0.0,0.0,1.0,0.0,0.0,0.0,1,0.0,0.0,0.0,0.0,0.0,0.0,0.0,0.0,0.0,0.0,0.0,0.0,0.0,0.0,0.0,0.0,0.0,1.0,0.0,0.0,0.0,0.0,0.0,0.0,0.0,0.0,0.0,0.0,0.0,0.0,0.0,0.0,0.0,0.0,0.0,0.0,0.0,0.0,1.0,0.0,0.0,0.0,0.0,1,0.0,0.0,0.0,0.0,0.0,0.0,0.0,0.0,0.0,0.0,0.0,0.0,0.0,0.0,0.0,0.0,0.0,0.0,0.0,0.0,0.0,1.0,0.0,1.0,0.0,0.0,1.0,0.0,0.0,0.0,0.0,0.0,0.0,0.0,0.0,0.0,0.0,0.0,0.0,0.0,0.0,0.0,0.0,0.0,0.0,0.0,0.0,0.0,0.0,0.0,0.0,0.0,0.0,0.0,0.0,0.0,0.0,2.0,0.0,0.0,0.0,0.0,0.0,0.0,0.0,1.0,0.0,0.0,0.0,0.0,0.0,0.0,0.0,0.0,0.0,0.0,1.0,0.0,0.0,0.0,0.0,0.0,0.0,1.0,0.0,0.0
0x50c6ec50a89a946c5886aeb54a22fe732558f7d1,0,1,0,672,310,117.0,160.0,80.0,15,53.0,383.0,734.0,2.0,110,28.0,1.0,344.0,417.0,109.0,1941.0,147.0,29.0,50,3.0,115.0,49.0,11.0,9.0,0.0,1.0,0.0,12.0,9.0,12.0,1.0,1.0,6.0,4.0,26.0,51.0,6.0,4.0,0.0,5.0,32.0,2.0,2.0,37.0,13.0,3.0,18.0,37.0,5.0,21.0,113.0,1.0,9.0,390.0,3.0,1.0,5.0,9.0,2.0,255,3.0,0.0,3.0,5.0,7.0,31.0,7.0,9.0,1.0,2.0,18.0,3.0,11.0,3.0,11,4.0,5.0,5.0,74,3.0,3.0,6.0,150.0,120.0,282.0,271.0,69.0,179.0,8.0,9.0,32.0,22.0,50.0,16,115,2.0,0.0,3.0,18.0,3.0,12.0,3.0,1.0,1.0,11.0,20.0,3.0,2.0,2.0,0.0,7.0,98.0,4.0,1.0,3.0,0.0,11.0,12.0,36.0,11.0,2.0,3.0,2.0,9.0,8,17.0,17.0,1.0,0.0,4.0,4.0,1.0,32.0,15.0,31.0,36.0,4.0,1.0,1.0,11.0,9.0,3.0,2.0,5.0,15.0,18.0,6.0,12.0,8.0,30.0,2.0,15.0,2.0,16.0,2.0,1.0,2.0,15.0,6.0,25.0,3.0,1.0,2.0,5.0,10.0,1.0,6.0,2.0,5,9.0,3.0,4.0,3.0,4.0,5.0,0.0,3.0,4.0,2.0,5.0,1.0,1.0,2.0,2.0,3.0,17.0,17.0,17.0,14.0,3.0,5.0,6.0,2.0,17.0,0.0,6.0,1.0,8.0,5.0,11.0,12.0,3.0,5.0,4.0,4.0,3.0,41.0,33.0,61.0,7.0,1.0,34.0,2.0,20.0,1.0,1.0,0.0,3.0,3.0,2.0,1.0,14.0,5.0,2.0,6.0,3.0,1.0,2.0,4.0,6.0,34.0,9.0,4.0,21.0,3.0,0.0,1.0,0.0,0.0,2.0,0.0,0.0,0.0,0.0,2.0,1.0,2.0,10.0,3.0,0.0,1.0,5.0,0.0,6.0,0.0
0xde9e52f1838951e4d2bb6c59723b003c353979b6,1,0,0,589,284,122.0,185.0,63.0,18,37.0,275.0,594.0,7.0,77,33.0,1.0,306.0,308.0,58.0,2387.0,158.0,14.0,35,1.0,108.0,46.0,7.0,13.0,2.0,7.0,5.0,8.0,9.0,3.0,8.0,3.0,16.0,2.0,49.0,33.0,3.0,4.0,5.0,4.0,12.0,6.0,2.0,30.0,19.0,1.0,12.0,30.0,4.0,19.0,88.0,2.0,5.0,289.0,2.0,0.0,7.0,3.0,1.0,168,5.0,2.0,8.0,2.0,3.0,13.0,6.0,1.0,0.0,2.0,3.0,1.0,13.0,4.0,2,6.0,5.0,1.0,59,1.0,8.0,14.0,101.0,108.0,315.0,241.0,57.0,156.0,5.0,18.0,22.0,14.0,51.0,19,152,1.0,1.0,0.0,11.0,2.0,6.0,2.0,0.0,0.0,6.0,18.0,6.0,7.0,5.0,1.0,2.0,38.0,3.0,6.0,1.0,1.0,2.0,8.0,37.0,14.0,1.0,0.0,1.0,2.0,5,9.0,4.0,0.0,4.0,5.0,1.0,2.0,15.0,16.0,11.0,34.0,2.0,4.0,2.0,6.0,6.0,1.0,1.0,1.0,2.0,17.0,4.0,7.0,8.0,31.0,3.0,5.0,0.0,3.0,0.0,3.0,6.0,15.0,3.0,22.0,3.0,4.0,3.0,6.0,4.0,3.0,3.0,6.0,5,6.0,2.0,0.0,0.0,5.0,3.0,3.0,2.0,4.0,0.0,12.0,1.0,1.0,5.0,1.0,4.0,12.0,21.0,16.0,1.0,2.0,1.0,12.0,1.0,6.0,2.0,10.0,5.0,16.0,10.0,5.0,5.0,5.0,4.0,4.0,2.0,3.0,43.0,33.0,82.0,14.0,0.0,11.0,2.0,17.0,1.0,4.0,2.0,0.0,6.0,4.0,3.0,4.0,0.0,0.0,6.0,2.0,1.0,0.0,2.0,9.0,39.0,12.0,0.0,5.0,3.0,1.0,4.0,1.0,0.0,1.0,3.0,2.0,0.0,1.0,0.0,1.0,1.0,0.0,0.0,1.0,2.0,0.0,1.0,0.0,1.0
0xe1a0ce8b94c6a5e4791401086763d7bd0a6c18f5,0,0,0,270,92,45.0,82.0,28.0,8,14.0,136.0,57.0,0.0,42,15.0,0.0,158.0,103.0,24.0,2.0,42.0,6.0,16,1.0,81.0,12.0,1.0,8.0,1.0,3.0,2.0,6.0,1.0,1.0,5.0,0.0,4.0,1.0,25.0,20.0,2.0,1.0,8.0,3.0,9.0,1.0,1.0,9.0,6.0,3.0,9.0,19.0,0.0,23.0,49.0,1.0,2.0,68.0,0.0,0.0,3.0,0.0,0.0,76,4.0,4.0,3.0,3.0,3.0,21.0,1.0,2.0,0.0,1.0,0.0,0.0,10.0,1.0,1,1.0,2.0,3.0,20,1.0,2.0,1.0,47.0,39.0,101.0,95.0,33.0,54.0,2.0,11.0,4.0,4.0,18.0,5,23,0.0,2.0,3.0,6.0,0.0,0.0,2.0,0.0,0.0,0.0,4.0,2.0,2.0,3.0,0.0,0.0,14.0,1.0,0.0,1.0,0.0,0.0,1.0,15.0,3.0,0.0,0.0,0.0,0.0,1,2.0,1.0,1.0,2.0,1.0,1.0,4.0,3.0,4.0,3.0,4.0,1.0,2.0,1.0,3.0,2.0,3.0,1.0,1.0,1.0,2.0,2.0,5.0,2.0,10.0,0.0,2.0,6.0,1.0,0.0,1.0,1.0,36.0,1.0,5.0,1.0,1.0,1.0,3.0,1.0,3.0,3.0,4.0,1,16.0,9.0,0.0,1.0,2.0,7.0,0.0,0.0,1.0,1.0,11.0,1.0,1.0,2.0,0.0,1.0,0.0,8.0,8.0,1.0,1.0,1.0,7.0,0.0,1.0,0.0,5.0,2.0,9.0,4.0,2.0,0.0,0.0,1.0,1.0,0.0,0.0,20.0,17.0,35.0,7.0,1.0,1.0,0.0,0.0,0.0,0.0,0.0,0.0,2.0,0.0,0.0,4.0,0.0,0.0,3.0,0.0,0.0,2.0,1.0,2.0,10.0,3.0,0.0,2.0,0.0,0.0,1.0,0.0,1.0,0.0,0.0,0.0,0.0,0.0,2.0,0.0,0.0,8.0,0.0,0.0,1.0,0.0,0.0,1.0,0.0
0x85aa3f04e539e426cbb55c0d584ea99cfe1d96a1,0,0,0,1329,353,142.0,259.0,111.0,33,74.0,647.0,393.0,6.0,220,20.0,1.0,489.0,340.0,93.0,46.0,207.0,31.0,95,4.0,225.0,97.0,19.0,51.0,4.0,3.0,2.0,14.0,23.0,20.0,14.0,2.0,26.0,5.0,39.0,57.0,10.0,4.0,35.0,4.0,41.0,5.0,3.0,18.0,19.0,11.0,17.0,65.0,1.0,146.0,132.0,7.0,11.0,261.0,1.0,7.0,8.0,13.0,7.0,391,11.0,14.0,8.0,6.0,5.0,24.0,8.0,12.0,2.0,6.0,30.0,2.0,55.0,8.0,13,6.0,1.0,45.0,174,6.0,23.0,19.0,256.0,112.0,227.0,224.0,84.0,157.0,41.0,29.0,17.0,42.0,58.0,6,27,1.0,3.0,4.0,32.0,2.0,12.0,6.0,8.0,3.0,13.0,12.0,3.0,7.0,2.0,0.0,3.0,182.0,2.0,17.0,10.0,1.0,13.0,19.0,43.0,17.0,10.0,9.0,8.0,2.0,28,12.0,28.0,20.0,2.0,5.0,2.0,5.0,29.0,43.0,53.0,26.0,10.0,11.0,2.0,3.0,24.0,3.0,3.0,6.0,6.0,4.0,3.0,34.0,9.0,32.0,4.0,19.0,34.0,24.0,6.0,2.0,12.0,248.0,13.0,20.0,7.0,10.0,2.0,3.0,11.0,4.0,8.0,43.0,19,18.0,17.0,8.0,1.0,12.0,39.0,11.0,3.0,1.0,1.0,8.0,3.0,0.0,1.0,1.0,3.0,25.0,13.0,14.0,2.0,6.0,5.0,12.0,2.0,16.0,1.0,18.0,0.0,11.0,13.0,8.0,9.0,1.0,3.0,3.0,9.0,9.0,41.0,33.0,52.0,20.0,3.0,15.0,3.0,7.0,4.0,14.0,9.0,1.0,9.0,1.0,1.0,35.0,16.0,3.0,10.0,7.0,2.0,3.0,5.0,43.0,22.0,11.0,8.0,16.0,3.0,1.0,3.0,3.0,11.0,3.0,0.0,2.0,2.0,8.0,5.0,0.0,4.0,4.0,6.0,2.0,6.0,3.0,6.0,40.0,3.0
0xe4182e57eeb29fbc2b3469e45c9e385cea8995ab,0,0,0,1131,350,162.0,303.0,88.0,19,56.0,355.0,312.0,1.0,152,35.0,3.0,572.0,401.0,112.0,163.0,218.0,43.0,69,10.0,225.0,46.0,20.0,10.0,9.0,8.0,7.0,15.0,25.0,13.0,11.0,5.0,10.0,3.0,54.0,64.0,9.0,10.0,24.0,10.0,45.0,16.0,6.0,28.0,22.0,2.0,23.0,81.0,5.0,114.0,163.0,3.0,5.0,290.0,2.0,2.0,7.0,7.0,2.0,261,15.0,5.0,5.0,2.0,9.0,25.0,7.0,5.0,1.0,3.0,39.0,1.0,102.0,3.0,12,11.0,13.0,7.0,125,2.0,7.0,4.0,148.0,158.0,331.0,330.0,125.0,186.0,12.0,18.0,28.0,37.0,90.0,16,36,4.0,4.0,7.0,35.0,0.0,14.0,15.0,3.0,0.0,20.0,17.0,8.0,11.0,15.0,3.0,8.0,84.0,8.0,7.0,3.0,0.0,6.0,10.0,49.0,10.0,1.0,0.0,5.0,5.0,3,11.0,26.0,2.0,5.0,10.0,2.0,6.0,32.0,11.0,31.0,27.0,2.0,3.0,2.0,6.0,13.0,4.0,4.0,3.0,2.0,7.0,2.0,11.0,11.0,16.0,2.0,23.0,27.0,35.0,2.0,6.0,9.0,174.0,4.0,35.0,3.0,4.0,4.0,3.0,8.0,3.0,3.0,4.0,13,39.0,16.0,2.0,2.0,9.0,21.0,2.0,5.0,6.0,2.0,21.0,8.0,2.0,6.0,1.0,7.0,24.0,33.0,7.0,5.0,2.0,2.0,11.0,1.0,14.0,2.0,8.0,0.0,16.0,12.0,16.0,12.0,5.0,6.0,5.0,4.0,3.0,55.0,43.0,89.0,12.0,6.0,18.0,6.0,8.0,3.0,7.0,1.0,3.0,12.0,6.0,2.0,16.0,16.0,3.0,13.0,6.0,1.0,2.0,4.0,11.0,37.0,8.0,9.0,11.0,3.0,1.0,0.0,1.0,1.0,1.0,2.0,6.0,3.0,3.0,3.0,1.0,0.0,6.0,0.0,6.0,7.0,4.0,3.0,2.0,0.0
0xf0b692ace03ffb689628e68d4919f91723d1c5a2,0,0,0,393,88,50.0,116.0,47.0,9,16.0,150.0,553.0,0.0,67,4.0,2.0,204.0,99.0,33.0,5.0,41.0,7.0,27,3.0,79.0,18.0,10.0,2.0,2.0,4.0,3.0,9.0,3.0,2.0,6.0,2.0,5.0,1.0,25.0,40.0,3.0,3.0,12.0,3.0,37.0,2.0,4.0,11.0,7.0,3.0,9.0,38.0,0.0,21.0,92.0,5.0,7.0,134.0,0.0,1.0,5.0,0.0,0.0,151,8.0,4.0,3.0,8.0,3.0,28.0,3.0,1.0,1.0,1.0,3.0,0.0,94.0,1.0,6,3.0,7.0,8.0,35,1.0,4.0,2.0,104.0,47.0,103.0,105.0,42.0,41.0,2.0,17.0,1.0,11.0,24.0,6,20,2.0,4.0,2.0,27.0,1.0,0.0,1.0,2.0,1.0,0.0,3.0,4.0,7.0,3.0,2.0,2.0,16.0,7.0,2.0,1.0,3.0,1.0,3.0,16.0,4.0,0.0,4.0,0.0,2.0,3,2.0,15.0,1.0,3.0,4.0,7.0,2.0,18.0,10.0,11.0,16.0,1.0,2.0,4.0,9.0,2.0,4.0,2.0,3.0,3.0,5.0,1.0,5.0,5.0,13.0,1.0,8.0,12.0,18.0,1.0,4.0,4.0,61.0,2.0,8.0,2.0,2.0,5.0,8.0,4.0,2.0,2.0,2.0,5,14.0,9.0,6.0,2.0,5.0,9.0,2.0,0.0,2.0,0.0,15.0,0.0,2.0,1.0,1.0,3.0,4.0,9.0,11.0,2.0,1.0,2.0,9.0,3.0,13.0,4.0,13.0,4.0,5.0,5.0,4.0,1.0,1.0,1.0,0.0,3.0,3.0,20.0,28.0,35.0,11.0,1.0,9.0,2.0,2.0,3.0,0.0,0.0,0.0,2.0,3.0,1.0,17.0,8.0,0.0,3.0,0.0,0.0,3.0,3.0,4.0,15.0,6.0,2.0,1.0,1.0,2.0,3.0,1.0,5.0,1.0,1.0,1.0,0.0,0.0,3.0,1.0,2.0,0.0,2.0,1.0,1.0,1.0,1.0,0.0,1.0
0xaaf8c293ed36989d1871d2310b2845450d885673,0,0,0,356,86,45.0,106.0,58.0,8,17.0,149.0,438.0,0.0,65,5.0,0.0,200.0,101.0,30.0,2.0,37.0,7.0,22,2.0,64.0,19.0,7.0,2.0,4.0,3.0,3.0,6.0,2.0,7.0,7.0,1.0,6.0,1.0,24.0,41.0,3.0,1.0,11.0,4.0,28.0,1.0,4.0,7.0,7.0,2.0,8.0,40.0,1.0,22.0,89.0,5.0,8.0,122.0,1.0,0.0,8.0,1.0,3.0,146,8.0,4.0,4.0,5.0,3.0,8.0,1.0,3.0,2.0,1.0,3.0,3.0,98.0,1.0,3,3.0,1.0,2.0,45,1.0,11.0,2.0,106.0,41.0,91.0,94.0,43.0,48.0,1.0,11.0,6.0,7.0,33.0,6,19,1.0,1.0,3.0,32.0,1.0,1.0,0.0,0.0,0.0,4.0,4.0,4.0,2.0,4.0,1.0,2.0,17.0,4.0,0.0,2.0,0.0,4.0,1.0,14.0,4.0,0.0,3.0,0.0,1.0,3,5.0,9.0,0.0,3.0,4.0,5.0,2.0,19.0,11.0,12.0,12.0,2.0,2.0,2.0,1.0,4.0,4.0,1.0,2.0,2.0,4.0,3.0,3.0,5.0,24.0,3.0,10.0,9.0,10.0,1.0,0.0,3.0,52.0,3.0,4.0,2.0,3.0,2.0,2.0,3.0,2.0,2.0,9.0,2,21.0,6.0,6.0,1.0,5.0,9.0,1.0,3.0,2.0,1.0,8.0,0.0,2.0,1.0,0.0,1.0,3.0,7.0,9.0,5.0,1.0,1.0,8.0,1.0,7.0,1.0,5.0,2.0,4.0,6.0,0.0,0.0,4.0,4.0,0.0,1.0,0.0,23.0,23.0,34.0,7.0,0.0,8.0,0.0,1.0,0.0,1.0,0.0,3.0,4.0,1.0,0.0,14.0,0.0,0.0,4.0,0.0,1.0,0.0,1.0,2.0,12.0,3.0,0.0,2.0,0.0,0.0,0.0,2.0,6.0,0.0,1.0,1.0,5.0,1.0,1.0,0.0,4.0,0.0,0.0,1.0,1.0,1.0,0.0,0.0,0.0
0x4165084a6e5388ce53c9d9892f904a2712dd943a,0,0,1,758,164,96.0,249.0,60.0,22,37.0,393.0,143.0,1.0,102,18.0,3.0,346.0,238.0,94.0,150.0,143.0,33.0,35,7.0,114.0,58.0,10.0,10.0,11.0,4.0,4.0,11.0,26.0,4.0,8.0,7.0,4.0,2.0,41.0,34.0,6.0,4.0,21.0,12.0,36.0,6.0,1.0,19.0,12.0,0.0,10.0,79.0,4.0,71.0,112.0,5.0,10.0,142.0,3.0,3.0,4.0,16.0,7.0,230,11.0,4.0,6.0,3.0,7.0,26.0,6.0,1.0,3.0,2.0,7.0,0.0,30.0,2.0,8,14.0,6.0,11.0,49,2.0,4.0,1.0,179.0,66.0,234.0,187.0,81.0,109.0,15.0,10.0,10.0,54.0,46.0,2,30,0.0,2.0,4.0,13.0,1.0,3.0,13.0,4.0,1.0,11.0,13.0,10.0,6.0,2.0,4.0,5.0,66.0,3.0,17.0,5.0,18.0,8.0,9.0,34.0,5.0,3.0,3.0,0.0,8.0,10,7.0,21.0,8.0,9.0,3.0,4.0,3.0,25.0,23.0,17.0,26.0,1.0,3.0,5.0,4.0,4.0,5.0,4.0,2.0,1.0,4.0,6.0,8.0,8.0,8.0,2.0,16.0,25.0,8.0,3.0,3.0,7.0,116.0,3.0,23.0,2.0,3.0,4.0,5.0,3.0,2.0,4.0,4.0,7,34.0,12.0,9.0,2.0,6.0,22.0,1.0,5.0,6.0,3.0,11.0,7.0,1.0,3.0,0.0,6.0,40.0,27.0,13.0,4.0,5.0,0.0,12.0,0.0,15.0,8.0,10.0,5.0,12.0,15.0,8.0,15.0,4.0,7.0,4.0,5.0,2.0,40.0,42.0,72.0,11.0,1.0,6.0,1.0,7.0,7.0,4.0,0.0,1.0,5.0,1.0,0.0,25.0,3.0,5.0,5.0,2.0,9.0,1.0,2.0,6.0,36.0,4.0,5.0,6.0,0.0,2.0,2.0,4.0,5.0,2.0,2.0,3.0,2.0,4.0,2.0,0.0,12.0,5.0,5.0,7.0,6.0,4.0,10.0,3.0,1.0
0x91383a15c391c142b80045d8b4730c1c37ac0378,0,0,0,182,106,41.0,32.0,10.0,16,7.0,158.0,321.0,0.0,41,10.0,2.0,91.0,67.0,20.0,561.0,34.0,23.0,24,1.0,53.0,17.0,1.0,1.0,0.0,5.0,2.0,16.0,1.0,0.0,0.0,1.0,1.0,1.0,14.0,30.0,11.0,3.0,0.0,8.0,9.0,3.0,0.0,8.0,10.0,6.0,7.0,9.0,0.0,4.0,39.0,1.0,0.0,132.0,5.0,1.0,5.0,0.0,1.0,105,1.0,0.0,0.0,1.0,5.0,15.0,0.0,3.0,0.0,4.0,12.0,5.0,2.0,1.0,12,1.0,5.0,4.0,24,0.0,2.0,6.0,66.0,42.0,88.0,61.0,28.0,45.0,0.0,4.0,2.0,4.0,13.0,4,44,2.0,1.0,2.0,6.0,0.0,4.0,2.0,3.0,2.0,5.0,0.0,1.0,1.0,3.0,5.0,0.0,2.0,1.0,1.0,0.0,2.0,2.0,0.0,23.0,3.0,0.0,1.0,3.0,4.0,8,3.0,1.0,2.0,4.0,2.0,0.0,0.0,15.0,7.0,6.0,17.0,2.0,0.0,1.0,2.0,2.0,3.0,2.0,2.0,2.0,4.0,9.0,0.0,8.0,12.0,1.0,3.0,0.0,2.0,5.0,0.0,0.0,14.0,0.0,13.0,1.0,0.0,0.0,4.0,0.0,1.0,9.0,6.0,7,3.0,5.0,0.0,7.0,1.0,1.0,6.0,3.0,1.0,3.0,1.0,1.0,2.0,7.0,0.0,3.0,10.0,2.0,6.0,4.0,2.0,4.0,2.0,0.0,0.0,1.0,1.0,12.0,12.0,12.0,0.0,6.0,1.0,2.0,4.0,3.0,0.0,26.0,17.0,22.0,2.0,1.0,7.0,5.0,12.0,1.0,2.0,1.0,0.0,11.0,8.0,1.0,5.0,11.0,9.0,4.0,0.0,4.0,1.0,1.0,2.0,31.0,1.0,2.0,1.0,0.0,2.0,1.0,1.0,2.0,0.0,7.0,7.0,1.0,1.0,0.0,1.0,4.0,0.0,0.0,10.0,1.0,0.0,1.0,7.0,1.0
0x16dfb898cf7029303c2376031392cb9bac450f94,0,0,0,375,97,77.0,89.0,51.0,9,47.0,404.0,694.0,1.0,55,10.0,1.0,175.0,228.0,32.0,894.0,71.0,15.0,24,2.0,74.0,34.0,11.0,12.0,1.0,2.0,2.0,7.0,6.0,6.0,6.0,3.0,3.0,4.0,24.0,25.0,3.0,1.0,2.0,3.0,33.0,3.0,1.0,12.0,6.0,2.0,10.0,39.0,3.0,14.0,123.0,5.0,8.0,282.0,0.0,0.0,2.0,3.0,2.0,302,2.0,2.0,4.0,12.0,3.0,19.0,1.0,2.0,1.0,3.0,16.0,1.0,3.0,1.0,5,1.0,1.0,3.0,43,2.0,4.0,0.0,246.0,64.0,107.0,131.0,57.0,154.0,4.0,20.0,11.0,6.0,46.0,14,56,1.0,4.0,1.0,9.0,1.0,7.0,0.0,2.0,0.0,13.0,5.0,5.0,0.0,1.0,3.0,1.0,25.0,1.0,29.0,2.0,1.0,1.0,49.0,13.0,5.0,1.0,2.0,7.0,1.0,2,1.0,29.0,1.0,3.0,1.0,1.0,2.0,33.0,7.0,3.0,32.0,3.0,8.0,3.0,2.0,2.0,2.0,2.0,3.0,1.0,13.0,1.0,4.0,2.0,32.0,1.0,5.0,7.0,21.0,0.0,7.0,2.0,6.0,2.0,8.0,2.0,2.0,1.0,4.0,3.0,2.0,2.0,4.0,12,10.0,0.0,3.0,0.0,2.0,2.0,1.0,2.0,4.0,1.0,9.0,0.0,0.0,4.0,1.0,2.0,10.0,7.0,8.0,5.0,1.0,1.0,8.0,1.0,0.0,2.0,6.0,0.0,3.0,6.0,2.0,24.0,1.0,11.0,2.0,12.0,3.0,19.0,14.0,32.0,9.0,2.0,1.0,2.0,11.0,1.0,4.0,3.0,0.0,5.0,2.0,0.0,6.0,0.0,1.0,3.0,1.0,1.0,0.0,2.0,4.0,11.0,4.0,0.0,1.0,0.0,0.0,4.0,0.0,4.0,4.0,0.0,1.0,0.0,2.0,2.0,4.0,0.0,3.0,2.0,0.0,1.0,3.0,1.0,1.0,1.0
0x17e65e6b9b166fb8e7c59432f0db126711246bc0,0,0,0,1083,195,112.0,272.0,87.0,22,42.0,522.0,301.0,16.0,145,9.0,5.0,424.0,344.0,68.0,23.0,155.0,24.0,32,3.0,170.0,74.0,24.0,14.0,3.0,5.0,6.0,20.0,24.0,14.0,10.0,3.0,5.0,6.0,51.0,89.0,9.0,5.0,32.0,6.0,35.0,7.0,3.0,21.0,17.0,1.0,12.0,63.0,6.0,104.0,173.0,9.0,10.0,210.0,1.0,4.0,8.0,1.0,2.0,323,9.0,5.0,7.0,9.0,4.0,54.0,8.0,5.0,3.0,5.0,7.0,1.0,93.0,2.0,8,8.0,7.0,5.0,89,4.0,9.0,3.0,261.0,110.0,245.0,222.0,81.0,151.0,11.0,49.0,30.0,44.0,57.0,5,49,1.0,1.0,0.0,24.0,2.0,19.0,7.0,5.0,5.0,21.0,15.0,8.0,4.0,12.0,4.0,12.0,163.0,9.0,12.0,4.0,3.0,4.0,22.0,33.0,7.0,5.0,10.0,7.0,2.0,12,6.0,21.0,5.0,8.0,5.0,4.0,11.0,50.0,35.0,57.0,36.0,5.0,3.0,2.0,7.0,64.0,5.0,1.0,3.0,4.0,3.0,1.0,3.0,14.0,26.0,2.0,13.0,35.0,19.0,4.0,2.0,4.0,187.0,5.0,17.0,7.0,5.0,5.0,11.0,6.0,4.0,2.0,5.0,5,32.0,19.0,10.0,5.0,11.0,30.0,6.0,1.0,5.0,1.0,3.0,7.0,0.0,5.0,1.0,12.0,34.0,4.0,8.0,9.0,2.0,8.0,5.0,3.0,23.0,5.0,8.0,8.0,9.0,16.0,4.0,11.0,6.0,7.0,6.0,5.0,17.0,38.0,51.0,78.0,2.0,7.0,21.0,3.0,5.0,1.0,24.0,2.0,3.0,5.0,4.0,1.0,26.0,4.0,0.0,4.0,5.0,1.0,4.0,3.0,4.0,35.0,16.0,6.0,36.0,2.0,1.0,3.0,1.0,8.0,5.0,3.0,2.0,12.0,0.0,2.0,3.0,12.0,3.0,2.0,3.0,1.0,1.0,3.0,11.0,3.0
0xec4cb1148ec60e00a6bfcfce4482db724db6bdde,0,0,0,480,245,95.0,145.0,55.0,15,39.0,242.0,415.0,3.0,68,18.0,1.0,275.0,241.0,45.0,1653.0,131.0,12.0,24,1.0,103.0,36.0,5.0,12.0,2.0,3.0,3.0,7.0,6.0,9.0,7.0,0.0,6.0,1.0,38.0,43.0,4.0,2.0,4.0,2.0,7.0,5.0,3.0,18.0,13.0,1.0,14.0,23.0,3.0,13.0,79.0,0.0,4.0,227.0,4.0,1.0,4.0,2.0,1.0,150,3.0,3.0,4.0,2.0,4.0,12.0,4.0,2.0,1.0,1.0,3.0,0.0,11.0,1.0,3,6.0,4.0,2.0,59,2.0,5.0,6.0,86.0,94.0,236.0,200.0,55.0,135.0,6.0,20.0,19.0,16.0,39.0,18,108,1.0,2.0,2.0,11.0,0.0,9.0,5.0,2.0,0.0,6.0,14.0,4.0,1.0,3.0,2.0,3.0,35.0,3.0,10.0,1.0,3.0,3.0,3.0,24.0,8.0,2.0,2.0,2.0,1.0,14,4.0,6.0,2.0,3.0,1.0,0.0,1.0,9.0,3.0,9.0,21.0,3.0,2.0,1.0,4.0,3.0,1.0,1.0,1.0,1.0,11.0,2.0,5.0,9.0,23.0,0.0,1.0,0.0,1.0,1.0,0.0,3.0,3.0,2.0,9.0,5.0,3.0,2.0,4.0,4.0,2.0,3.0,4.0,2,3.0,0.0,0.0,1.0,1.0,2.0,0.0,1.0,2.0,0.0,9.0,1.0,1.0,2.0,0.0,1.0,5.0,15.0,12.0,1.0,0.0,0.0,13.0,0.0,2.0,1.0,7.0,2.0,13.0,7.0,6.0,7.0,3.0,3.0,2.0,3.0,5.0,34.0,23.0,57.0,11.0,3.0,1.0,3.0,11.0,0.0,0.0,1.0,2.0,5.0,0.0,0.0,2.0,0.0,1.0,4.0,2.0,1.0,0.0,0.0,6.0,26.0,6.0,0.0,1.0,1.0,0.0,2.0,1.0,0.0,1.0,0.0,1.0,1.0,0.0,1.0,1.0,4.0,2.0,0.0,1.0,6.0,0.0,0.0,0.0,1.0
0x6b5e9e55921e5e412cf1002599c05d4428cf50c5,0,0,0,272,70,48.0,95.0,31.0,9,8.0,151.0,66.0,1.0,40,4.0,0.0,134.0,60.0,25.0,16.0,26.0,7.0,15,3.0,48.0,19.0,6.0,18.0,2.0,2.0,2.0,9.0,5.0,1.0,5.0,0.0,6.0,1.0,22.0,23.0,6.0,1.0,11.0,5.0,26.0,1.0,0.0,9.0,5.0,4.0,11.0,28.0,1.0,14.0,62.0,3.0,4.0,82.0,0.0,1.0,4.0,2.0,0.0,95,2.0,5.0,3.0,2.0,2.0,4.0,1.0,2.0,1.0,1.0,3.0,0.0,12.0,1.0,2,4.0,1.0,2.0,18,3.0,2.0,1.0,70.0,30.0,74.0,67.0,22.0,37.0,1.0,7.0,1.0,5.0,18.0,4,18,0.0,2.0,2.0,9.0,0.0,0.0,3.0,1.0,0.0,7.0,4.0,2.0,2.0,3.0,0.0,1.0,13.0,2.0,0.0,1.0,1.0,0.0,1.0,11.0,3.0,0.0,0.0,0.0,2.0,1,2.0,7.0,1.0,2.0,2.0,5.0,1.0,4.0,6.0,3.0,12.0,1.0,3.0,1.0,1.0,2.0,1.0,3.0,3.0,1.0,6.0,4.0,3.0,4.0,22.0,0.0,4.0,9.0,6.0,2.0,2.0,1.0,41.0,1.0,6.0,5.0,1.0,1.0,4.0,2.0,1.0,2.0,4.0,7,12.0,15.0,2.0,1.0,1.0,7.0,3.0,4.0,0.0,0.0,7.0,0.0,0.0,2.0,1.0,1.0,0.0,7.0,10.0,1.0,2.0,2.0,8.0,0.0,9.0,0.0,6.0,0.0,2.0,3.0,0.0,0.0,3.0,3.0,2.0,3.0,3.0,17.0,24.0,35.0,9.0,1.0,2.0,0.0,0.0,1.0,2.0,1.0,2.0,1.0,0.0,0.0,10.0,0.0,1.0,3.0,0.0,0.0,0.0,1.0,1.0,9.0,4.0,1.0,2.0,0.0,1.0,0.0,0.0,2.0,1.0,0.0,2.0,1.0,0.0,0.0,0.0,1.0,1.0,0.0,1.0,2.0,0.0,1.0,0.0,0.0
0xa942890d7fc60f0d4a516f63dd273dcde72ae6c9,1,0,1,870,357,161.0,170.0,127.0,77,45.0,940.0,1587.0,6.0,200,40.0,1.0,317.0,553.0,62.0,2865.0,171.0,30.0,103,5.0,156.0,104.0,8.0,28.0,14.0,7.0,5.0,10.0,16.0,16.0,9.0,7.0,16.0,5.0,35.0,56.0,13.0,6.0,5.0,10.0,41.0,5.0,5.0,44.0,9.0,2.0,13.0,56.0,4.0,27.0,168.0,15.0,16.0,560.0,7.0,4.0,8.0,1.0,6.0,684,9.0,4.0,4.0,7.0,4.0,34.0,3.0,4.0,3.0,3.0,7.0,3.0,9.0,4.0,15,6.0,0.0,95.0,125,2.0,6.0,9.0,491.0,152.0,210.0,263.0,100.0,304.0,10.0,43.0,56.0,26.0,89.0,37,164,3.0,6.0,3.0,31.0,2.0,16.0,4.0,3.0,3.0,22.0,9.0,7.0,3.0,7.0,36.0,4.0,76.0,6.0,14.0,7.0,11.0,4.0,10.0,22.0,24.0,9.0,3.0,9.0,5.0,43,13.0,33.0,4.0,4.0,3.0,4.0,4.0,37.0,23.0,16.0,62.0,8.0,4.0,3.0,4.0,18.0,9.0,3.0,4.0,5.0,26.0,4.0,50.0,9.0,48.0,4.0,29.0,15.0,44.0,3.0,3.0,5.0,26.0,3.0,6.0,5.0,4.0,6.0,30.0,4.0,10.0,5.0,12.0,6,15.0,0.0,12.0,2.0,8.0,1.0,1.0,27.0,1.0,1.0,14.0,35.0,3.0,2.0,4.0,5.0,16.0,24.0,13.0,5.0,2.0,5.0,23.0,2.0,5.0,2.0,8.0,3.0,25.0,7.0,6.0,17.0,5.0,4.0,3.0,1.0,5.0,36.0,23.0,44.0,20.0,7.0,14.0,5.0,26.0,2.0,5.0,3.0,26.0,5.0,24.0,5.0,18.0,8.0,7.0,2.0,5.0,5.0,1.0,4.0,5.0,18.0,3.0,6.0,8.0,4.0,5.0,3.0,3.0,14.0,2.0,3.0,31.0,2.0,1.0,6.0,6.0,11.0,18.0,19.0,2.0,1.0,7.0,3.0,10.0,1.0
0x797885c0a6cfffcbc4d2e3c1ca0b4f07112db6a3,0,0,1,772,210,95.0,192.0,66.0,9,21.0,356.0,182.0,3.0,131,10.0,0.0,303.0,211.0,59.0,32.0,134.0,27.0,55,2.0,100.0,70.0,12.0,13.0,4.0,9.0,7.0,4.0,10.0,26.0,8.0,1.0,4.0,3.0,25.0,43.0,10.0,2.0,25.0,5.0,43.0,5.0,5.0,12.0,13.0,1.0,22.0,42.0,3.0,63.0,109.0,7.0,9.0,197.0,6.0,0.0,4.0,0.0,2.0,227,8.0,5.0,4.0,2.0,2.0,30.0,1.0,3.0,2.0,3.0,26.0,3.0,29.0,2.0,12,4.0,1.0,27.0,98,2.0,6.0,4.0,145.0,71.0,138.0,156.0,61.0,86.0,4.0,20.0,18.0,19.0,40.0,4,22,2.0,4.0,3.0,16.0,1.0,11.0,5.0,1.0,2.0,10.0,4.0,4.0,7.0,3.0,1.0,5.0,81.0,8.0,13.0,3.0,4.0,5.0,17.0,26.0,4.0,7.0,14.0,0.0,4.0,8,6.0,22.0,5.0,5.0,4.0,3.0,4.0,29.0,13.0,26.0,16.0,5.0,6.0,4.0,4.0,4.0,5.0,6.0,2.0,2.0,3.0,3.0,5.0,4.0,16.0,1.0,14.0,20.0,39.0,1.0,1.0,4.0,130.0,2.0,20.0,6.0,5.0,8.0,5.0,8.0,5.0,3.0,6.0,11,29.0,8.0,4.0,0.0,12.0,16.0,5.0,2.0,3.0,2.0,19.0,1.0,8.0,3.0,5.0,3.0,35.0,9.0,4.0,2.0,6.0,3.0,7.0,2.0,12.0,1.0,7.0,2.0,2.0,6.0,12.0,16.0,1.0,2.0,5.0,2.0,1.0,26.0,27.0,36.0,11.0,1.0,2.0,1.0,6.0,2.0,4.0,3.0,1.0,2.0,11.0,1.0,16.0,1.0,0.0,6.0,0.0,0.0,1.0,2.0,2.0,25.0,10.0,10.0,1.0,3.0,2.0,2.0,4.0,4.0,0.0,12.0,3.0,2.0,1.0,1.0,1.0,5.0,1.0,0.0,0.0,2.0,3.0,1.0,1.0,1.0
0xb504035a11e672e12a099f32b1672b9c4a78b22f,0,0,0,346,126,54.0,147.0,49.0,12,18.0,250.0,535.0,2.0,78,5.0,0.0,163.0,101.0,42.0,626.0,49.0,9.0,33,1.0,45.0,24.0,5.0,10.0,2.0,5.0,3.0,10.0,7.0,8.0,6.0,0.0,4.0,2.0,36.0,25.0,5.0,2.0,19.0,3.0,26.0,5.0,2.0,24.0,10.0,1.0,15.0,42.0,2.0,3.0,95.0,3.0,5.0,114.0,3.0,0.0,3.0,2.0,1.0,154,3.0,4.0,3.0,3.0,3.0,25.0,6.0,3.0,0.0,1.0,10.0,2.0,25.0,1.0,4,9.0,2.0,16.0,42,1.0,5.0,1.0,105.0,67.0,137.0,97.0,53.0,58.0,2.0,11.0,3.0,4.0,20.0,2,55,1.0,1.0,1.0,10.0,0.0,2.0,2.0,0.0,4.0,4.0,11.0,3.0,0.0,3.0,1.0,2.0,18.0,2.0,5.0,3.0,1.0,3.0,7.0,23.0,5.0,0.0,4.0,1.0,1.0,2,4.0,29.0,3.0,4.0,2.0,2.0,3.0,30.0,10.0,7.0,39.0,4.0,3.0,2.0,4.0,2.0,1.0,1.0,2.0,2.0,1.0,1.0,3.0,5.0,4.0,0.0,11.0,18.0,15.0,1.0,1.0,2.0,32.0,3.0,15.0,2.0,3.0,3.0,7.0,5.0,2.0,3.0,3.0,8,10.0,8.0,4.0,1.0,3.0,18.0,0.0,1.0,3.0,1.0,12.0,0.0,1.0,0.0,0.0,2.0,3.0,17.0,13.0,2.0,0.0,1.0,14.0,1.0,16.0,0.0,10.0,0.0,2.0,5.0,6.0,11.0,2.0,2.0,1.0,1.0,1.0,33.0,43.0,58.0,13.0,1.0,2.0,0.0,0.0,1.0,1.0,1.0,1.0,2.0,3.0,0.0,21.0,1.0,2.0,4.0,1.0,3.0,0.0,0.0,4.0,30.0,8.0,0.0,6.0,5.0,1.0,1.0,0.0,3.0,0.0,0.0,1.0,1.0,0.0,2.0,1.0,7.0,0.0,3.0,0.0,0.0,0.0,0.0,0.0,0.0
0xd28c8ff18f811e5fcd9b5b07889a343da8fd6502,0,0,0,346,125,54.0,147.0,48.0,12,18.0,250.0,535.0,2.0,78,5.0,1.0,163.0,101.0,42.0,626.0,49.0,9.0,33,1.0,45.0,25.0,4.0,10.0,2.0,6.0,3.0,9.0,7.0,8.0,6.0,0.0,4.0,2.0,36.0,25.0,6.0,2.0,19.0,3.0,26.0,4.0,2.0,24.0,10.0,1.0,15.0,42.0,2.0,3.0,94.0,3.0,5.0,113.0,3.0,0.0,4.0,2.0,1.0,154,3.0,4.0,3.0,3.0,3.0,25.0,6.0,3.0,0.0,1.0,10.0,2.0,25.0,1.0,4,9.0,2.0,16.0,44,2.0,5.0,1.0,105.0,67.0,137.0,97.0,53.0,58.0,1.0,11.0,3.0,4.0,20.0,2,55,2.0,2.0,2.0,12.0,0.0,2.0,2.0,0.0,4.0,4.0,11.0,3.0,0.0,3.0,1.0,2.0,19.0,1.0,5.0,2.0,1.0,1.0,7.0,24.0,5.0,0.0,4.0,0.0,0.0,2,4.0,29.0,4.0,4.0,2.0,1.0,2.0,30.0,10.0,6.0,39.0,3.0,3.0,3.0,4.0,2.0,1.0,1.0,2.0,2.0,1.0,1.0,3.0,5.0,4.0,0.0,11.0,18.0,15.0,0.0,1.0,3.0,32.0,3.0,15.0,2.0,3.0,3.0,7.0,5.0,3.0,2.0,2.0,7,10.0,8.0,4.0,1.0,3.0,17.0,0.0,1.0,3.0,1.0,13.0,0.0,1.0,1.0,0.0,1.0,3.0,17.0,13.0,1.0,0.0,1.0,14.0,1.0,16.0,0.0,10.0,0.0,2.0,5.0,6.0,11.0,2.0,2.0,1.0,2.0,1.0,32.0,43.0,58.0,13.0,1.0,2.0,0.0,0.0,0.0,1.0,1.0,1.0,3.0,3.0,0.0,21.0,1.0,2.0,4.0,2.0,3.0,0.0,0.0,4.0,30.0,9.0,0.0,6.0,5.0,1.0,1.0,0.0,3.0,0.0,0.0,1.0,1.0,0.0,1.0,1.0,7.0,0.0,4.0,0.0,0.0,0.0,0.0,1.0,1.0
0xa7cd93ed3133d82781cc17460fe1500b69a1b514,0,0,0,268,71,45.0,84.0,32.0,9,8.0,154.0,77.0,1.0,44,4.0,2.0,124.0,67.0,29.0,1.0,23.0,6.0,19,2.0,49.0,16.0,4.0,16.0,1.0,2.0,2.0,7.0,1.0,1.0,5.0,0.0,4.0,1.0,17.0,22.0,3.0,1.0,10.0,2.0,19.0,1.0,2.0,9.0,5.0,2.0,8.0,28.0,1.0,14.0,58.0,2.0,4.0,86.0,1.0,1.0,2.0,1.0,1.0,103,5.0,6.0,4.0,1.0,2.0,6.0,2.0,1.0,0.0,1.0,3.0,0.0,9.0,2.0,3,3.0,1.0,2.0,26,1.0,9.0,0.0,73.0,29.0,69.0,61.0,25.0,34.0,0.0,8.0,1.0,4.0,14.0,5,15,1.0,2.0,0.0,15.0,0.0,1.0,0.0,1.0,1.0,1.0,3.0,2.0,0.0,2.0,0.0,0.0,10.0,4.0,1.0,1.0,0.0,0.0,1.0,9.0,4.0,0.0,0.0,0.0,1.0,1,2.0,9.0,0.0,2.0,6.0,5.0,1.0,6.0,7.0,5.0,12.0,2.0,2.0,1.0,2.0,3.0,1.0,1.0,3.0,1.0,7.0,1.0,3.0,3.0,24.0,0.0,4.0,8.0,5.0,1.0,1.0,4.0,37.0,2.0,7.0,2.0,2.0,3.0,1.0,2.0,1.0,4.0,3.0,4,13.0,5.0,4.0,2.0,5.0,6.0,1.0,0.0,1.0,0.0,6.0,1.0,1.0,2.0,0.0,5.0,1.0,7.0,8.0,1.0,1.0,4.0,7.0,0.0,10.0,0.0,5.0,1.0,2.0,3.0,0.0,0.0,1.0,1.0,1.0,2.0,3.0,15.0,23.0,28.0,6.0,0.0,3.0,3.0,0.0,0.0,1.0,0.0,0.0,1.0,4.0,1.0,10.0,3.0,0.0,2.0,1.0,0.0,1.0,0.0,1.0,10.0,6.0,0.0,1.0,0.0,2.0,0.0,0.0,2.0,0.0,0.0,0.0,0.0,0.0,0.0,3.0,0.0,1.0,0.0,1.0,5.0,1.0,0.0,0.0,0.0
0xd217dc0cab1c952a7ce6f4d7ca4549cde1f37bb0,1,0,1,1067,338,170.0,265.0,99.0,33,50.0,514.0,217.0,0.0,152,59.0,3.0,498.0,338.0,108.0,86.0,152.0,23.0,77,4.0,215.0,63.0,15.0,43.0,1.0,10.0,5.0,19.0,19.0,14.0,10.0,7.0,15.0,2.0,71.0,58.0,7.0,8.0,30.0,11.0,28.0,7.0,4.0,35.0,26.0,2.0,20.0,63.0,5.0,88.0,164.0,3.0,4.0,251.0,3.0,4.0,6.0,1.0,5.0,289,13.0,5.0,6.0,11.0,11.0,18.0,10.0,4.0,15.0,2.0,10.0,3.0,45.0,2.0,7,8.0,4.0,2.0,113,5.0,7.0,11.0,187.0,145.0,357.0,329.0,116.0,160.0,8.0,31.0,45.0,27.0,44.0,9,60,2.0,1.0,4.0,12.0,2.0,22.0,11.0,5.0,2.0,23.0,17.0,7.0,5.0,5.0,7.0,3.0,61.0,6.0,10.0,5.0,4.0,4.0,17.0,58.0,23.0,3.0,4.0,3.0,0.0,6,8.0,17.0,4.0,5.0,3.0,4.0,2.0,36.0,9.0,20.0,35.0,2.0,5.0,6.0,7.0,12.0,4.0,30.0,4.0,3.0,3.0,3.0,9.0,12.0,23.0,1.0,15.0,30.0,12.0,9.0,5.0,4.0,172.0,7.0,29.0,6.0,4.0,10.0,9.0,11.0,5.0,7.0,6.0,8,29.0,22.0,11.0,2.0,6.0,32.0,8.0,14.0,7.0,1.0,19.0,1.0,3.0,4.0,1.0,5.0,17.0,30.0,27.0,6.0,2.0,2.0,17.0,4.0,14.0,1.0,9.0,3.0,35.0,18.0,14.0,13.0,7.0,10.0,4.0,4.0,3.0,71.0,61.0,121.0,16.0,5.0,15.0,6.0,5.0,0.0,2.0,3.0,4.0,19.0,4.0,7.0,28.0,6.0,7.0,11.0,2.0,2.0,3.0,2.0,16.0,63.0,16.0,11.0,11.0,1.0,2.0,2.0,4.0,2.0,7.0,2.0,2.0,2.0,7.0,2.0,5.0,2.0,4.0,1.0,6.0,4.0,5.0,3.0,8.0,5.0
0xb131f4a55907b10d1f0a50d8ab8fa09ec342cd74,0,0,0,511,111,62.0,164.0,47.0,16,33.0,295.0,199.0,0.0,76,10.0,0.0,263.0,125.0,39.0,22.0,47.0,12.0,25,1.0,96.0,35.0,12.0,8.0,2.0,4.0,3.0,8.0,4.0,12.0,7.0,1.0,6.0,4.0,39.0,33.0,6.0,2.0,18.0,10.0,27.0,4.0,8.0,18.0,10.0,1.0,9.0,41.0,6.0,36.0,101.0,3.0,9.0,151.0,2.0,3.0,6.0,2.0,3.0,176,8.0,6.0,8.0,5.0,5.0,31.0,4.0,3.0,3.0,4.0,9.0,2.0,28.0,4.0,4,5.0,5.0,1.0,29,2.0,6.0,1.0,137.0,57.0,137.0,120.0,45.0,58.0,0.0,17.0,10.0,9.0,36.0,2,29,1.0,3.0,0.0,9.0,3.0,13.0,2.0,2.0,4.0,8.0,11.0,4.0,7.0,3.0,3.0,5.0,24.0,4.0,11.0,5.0,2.0,4.0,18.0,23.0,7.0,3.0,2.0,4.0,2.0,3,5.0,26.0,0.0,4.0,3.0,4.0,3.0,38.0,8.0,8.0,33.0,4.0,2.0,2.0,5.0,7.0,8.0,3.0,6.0,1.0,7.0,4.0,5.0,5.0,11.0,2.0,24.0,26.0,12.0,3.0,2.0,4.0,75.0,2.0,40.0,4.0,2.0,5.0,3.0,2.0,3.0,6.0,4.0,5,14.0,14.0,4.0,1.0,11.0,17.0,3.0,2.0,3.0,5.0,13.0,3.0,0.0,2.0,3.0,3.0,3.0,15.0,17.0,2.0,7.0,2.0,11.0,3.0,19.0,2.0,7.0,4.0,5.0,6.0,4.0,7.0,3.0,4.0,2.0,2.0,4.0,22.0,43.0,55.0,12.0,1.0,2.0,2.0,3.0,3.0,5.0,1.0,1.0,6.0,1.0,0.0,21.0,2.0,2.0,14.0,0.0,3.0,2.0,4.0,4.0,30.0,7.0,1.0,8.0,1.0,1.0,2.0,6.0,4.0,0.0,0.0,4.0,4.0,3.0,0.0,0.0,0.0,3.0,3.0,1.0,12.0,0.0,8.0,3.0,3.0
0x548c9731ae163a73a28916eeb11717fe446dab54,1,0,0,437,114,72.0,101.0,61.0,15,19.0,471.0,650.0,3.0,82,5.0,4.0,205.0,280.0,32.0,1852.0,154.0,12.0,20,4.0,83.0,48.0,8.0,14.0,6.0,7.0,4.0,11.0,33.0,14.0,9.0,2.0,6.0,9.0,26.0,42.0,4.0,3.0,8.0,5.0,32.0,8.0,4.0,12.0,8.0,5.0,10.0,61.0,4.0,12.0,115.0,5.0,7.0,304.0,3.0,2.0,6.0,4.0,4.0,351,12.0,3.0,4.0,3.0,3.0,31.0,4.0,2.0,1.0,4.0,5.0,1.0,6.0,5.0,2,5.0,2.0,4.0,80,5.0,6.0,0.0,276.0,62.0,140.0,164.0,58.0,159.0,31.0,22.0,32.0,31.0,49.0,16,114,3.0,3.0,1.0,13.0,3.0,4.0,2.0,2.0,1.0,16.0,7.0,4.0,3.0,2.0,3.0,2.0,31.0,1.0,4.0,3.0,0.0,1.0,7.0,17.0,4.0,2.0,7.0,3.0,1.0,3,3.0,10.0,3.0,7.0,4.0,1.0,3.0,28.0,15.0,9.0,33.0,3.0,7.0,6.0,2.0,13.0,3.0,4.0,4.0,5.0,10.0,1.0,5.0,5.0,16.0,2.0,4.0,2.0,16.0,2.0,0.0,6.0,24.0,5.0,7.0,6.0,12.0,3.0,4.0,2.0,7.0,2.0,3.0,7,9.0,4.0,7.0,2.0,4.0,1.0,0.0,4.0,3.0,2.0,8.0,2.0,3.0,8.0,3.0,7.0,31.0,9.0,12.0,1.0,1.0,6.0,10.0,5.0,2.0,0.0,5.0,3.0,2.0,8.0,5.0,12.0,2.0,6.0,3.0,4.0,2.0,20.0,20.0,35.0,9.0,3.0,13.0,1.0,11.0,1.0,3.0,5.0,0.0,5.0,2.0,4.0,7.0,8.0,3.0,3.0,1.0,2.0,1.0,2.0,3.0,13.0,2.0,1.0,16.0,1.0,0.0,7.0,3.0,9.0,1.0,2.0,1.0,1.0,2.0,2.0,4.0,1.0,0.0,3.0,2.0,5.0,0.0,3.0,3.0,4.0
0x8b2e68075a06959e3e35aa0e451a13e099e41b23,1,0,0,564,158,97.0,127.0,73.0,15,17.0,498.0,833.0,3.0,84,5.0,2.0,238.0,323.0,47.0,2542.0,155.0,6.0,41,4.0,95.0,43.0,11.0,16.0,3.0,5.0,3.0,7.0,9.0,18.0,7.0,1.0,20.0,1.0,24.0,44.0,7.0,2.0,3.0,2.0,31.0,2.0,3.0,8.0,8.0,0.0,8.0,42.0,5.0,19.0,124.0,4.0,3.0,345.0,0.0,2.0,3.0,5.0,4.0,366,5.0,4.0,3.0,1.0,3.0,22.0,7.0,6.0,1.0,1.0,24.0,1.0,5.0,2.0,9,2.0,1.0,2.0,77,7.0,7.0,13.0,280.0,82.0,180.0,194.0,60.0,146.0,7.0,31.0,44.0,26.0,55.0,17,138,0.0,2.0,2.0,7.0,5.0,16.0,0.0,2.0,4.0,9.0,3.0,2.0,2.0,4.0,4.0,1.0,48.0,3.0,7.0,2.0,0.0,1.0,22.0,21.0,13.0,4.0,1.0,2.0,0.0,2,7.0,22.0,5.0,2.0,1.0,5.0,1.0,15.0,7.0,17.0,32.0,2.0,3.0,5.0,3.0,31.0,2.0,3.0,3.0,1.0,14.0,2.0,10.0,2.0,18.0,2.0,9.0,5.0,21.0,5.0,2.0,3.0,25.0,2.0,9.0,2.0,11.0,2.0,4.0,5.0,6.0,1.0,6.0,10,9.0,11.0,7.0,1.0,2.0,2.0,0.0,1.0,0.0,2.0,11.0,5.0,0.0,3.0,0.0,1.0,6.0,8.0,7.0,4.0,1.0,0.0,7.0,3.0,1.0,2.0,5.0,2.0,7.0,12.0,2.0,7.0,2.0,3.0,2.0,0.0,2.0,18.0,13.0,34.0,9.0,2.0,38.0,1.0,11.0,3.0,13.0,4.0,0.0,2.0,3.0,3.0,29.0,8.0,8.0,8.0,3.0,5.0,2.0,2.0,2.0,14.0,4.0,2.0,46.0,11.0,0.0,1.0,2.0,2.0,0.0,3.0,8.0,2.0,2.0,2.0,1.0,4.0,3.0,4.0,1.0,2.0,0.0,3.0,4.0,0.0
0x1c5ee1ffebec5f3e1686e8e59d43f96a3c702b7f,0,0,0,243,57,36.0,84.0,31.0,9,8.0,147.0,67.0,1.0,37,5.0,0.0,125.0,62.0,25.0,0.0,26.0,5.0,15,1.0,48.0,17.0,5.0,3.0,1.0,2.0,2.0,8.0,1.0,1.0,6.0,0.0,4.0,1.0,21.0,21.0,4.0,1.0,11.0,3.0,26.0,1.0,0.0,9.0,5.0,2.0,8.0,29.0,1.0,15.0,61.0,2.0,4.0,65.0,0.0,1.0,3.0,0.0,1.0,91,2.0,3.0,3.0,2.0,2.0,5.0,1.0,1.0,3.0,3.0,3.0,1.0,11.0,1.0,3,3.0,0.0,1.0,17,2.0,2.0,1.0,68.0,26.0,72.0,60.0,21.0,30.0,0.0,7.0,2.0,3.0,15.0,4,17,1.0,2.0,0.0,21.0,1.0,0.0,0.0,0.0,0.0,7.0,4.0,2.0,2.0,4.0,0.0,1.0,13.0,1.0,1.0,1.0,0.0,1.0,1.0,11.0,3.0,0.0,0.0,0.0,2.0,1,3.0,7.0,2.0,2.0,1.0,6.0,1.0,4.0,6.0,4.0,12.0,1.0,3.0,2.0,3.0,2.0,1.0,3.0,1.0,1.0,5.0,2.0,3.0,2.0,20.0,0.0,1.0,8.0,7.0,1.0,1.0,2.0,37.0,2.0,7.0,1.0,2.0,1.0,2.0,1.0,1.0,2.0,4.0,7,11.0,8.0,2.0,1.0,1.0,13.0,3.0,4.0,0.0,0.0,7.0,0.0,0.0,1.0,0.0,1.0,0.0,7.0,8.0,1.0,0.0,2.0,8.0,0.0,9.0,0.0,6.0,1.0,3.0,5.0,0.0,1.0,2.0,1.0,2.0,2.0,3.0,16.0,24.0,34.0,7.0,0.0,2.0,0.0,0.0,2.0,2.0,0.0,0.0,3.0,0.0,0.0,10.0,0.0,1.0,2.0,1.0,0.0,0.0,1.0,1.0,9.0,3.0,0.0,2.0,1.0,1.0,0.0,1.0,2.0,0.0,0.0,0.0,0.0,4.0,0.0,0.0,1.0,1.0,0.0,1.0,1.0,1.0,1.0,0.0,0.0
0x108d0f1fc10ed324f8cc65d0a91cad11cd4994a4,0,1,0,1545,465,236.0,386.0,218.0,47,58.0,907.0,2364.0,2.0,298,22.0,3.0,662.0,423.0,174.0,504.0,215.0,27.0,120,23.0,223.0,93.0,25.0,37.0,7.0,4.0,7.0,42.0,27.0,39.0,8.0,8.0,15.0,3.0,88.0,32.0,29.0,15.0,44.0,12.0,43.0,11.0,7.0,54.0,30.0,13.0,26.0,86.0,6.0,126.0,249.0,15.0,20.0,404.0,7.0,6.0,8.0,12.0,9.0,515,13.0,8.0,8.0,40.0,13.0,37.0,8.0,7.0,19.0,7.0,78.0,12.0,79.0,9.0,72,14.0,7.0,76.0,262,9.0,6.0,8.0,336.0,180.0,333.0,346.0,123.0,172.0,11.0,45.0,37.0,26.0,67.0,7,75,5.0,7.0,3.0,34.0,13.0,25.0,20.0,7.0,5.0,29.0,27.0,7.0,9.0,6.0,17.0,25.0,150.0,22.0,43.0,23.0,7.0,4.0,8.0,108.0,24.0,4.0,17.0,5.0,4.0,18,24.0,32.0,4.0,9.0,11.0,5.0,6.0,44.0,34.0,22.0,144.0,8.0,11.0,8.0,11.0,14.0,12.0,5.0,23.0,13.0,5.0,6.0,11.0,14.0,26.0,6.0,48.0,44.0,33.0,10.0,5.0,10.0,202.0,13.0,39.0,20.0,6.0,6.0,8.0,29.0,8.0,10.0,22.0,75,27.0,14.0,13.0,14.0,15.0,43.0,1.0,21.0,8.0,6.0,13.0,20.0,4.0,4.0,8.0,26.0,26.0,37.0,33.0,25.0,4.0,6.0,48.0,9.0,52.0,9.0,22.0,9.0,6.0,16.0,10.0,28.0,8.0,5.0,15.0,6.0,6.0,73.0,102.0,143.0,50.0,4.0,15.0,6.0,23.0,3.0,15.0,2.0,12.0,8.0,17.0,2.0,69.0,23.0,4.0,16.0,6.0,4.0,7.0,12.0,12.0,79.0,28.0,14.0,10.0,4.0,4.0,3.0,13.0,28.0,10.0,5.0,14.0,20.0,7.0,4.0,6.0,32.0,7.0,21.0,6.0,8.0,9.0,6.0,23.0,1.0
0xee45e37e2b73e86c709d9edd1c8ea3b0ec72dad3,0,0,1,457,108,64.0,117.0,82.0,15,39.0,353.0,67.0,0.0,79,6.0,1.0,234.0,149.0,44.0,7.0,69.0,18.0,19,3.0,85.0,40.0,9.0,24.0,3.0,3.0,6.0,9.0,3.0,19.0,5.0,4.0,4.0,1.0,33.0,34.0,4.0,10.0,22.0,3.0,23.0,2.0,1.0,13.0,12.0,1.0,12.0,28.0,3.0,44.0,83.0,3.0,7.0,88.0,5.0,3.0,6.0,1.0,3.0,213,5.0,11.0,3.0,2.0,3.0,24.0,4.0,2.0,0.0,1.0,4.0,0.0,28.0,4.0,4,3.0,28.0,2.0,32,1.0,3.0,1.0,184.0,40.0,106.0,96.0,48.0,58.0,3.0,8.0,16.0,10.0,21.0,3,27,2.0,3.0,1.0,26.0,0.0,29.0,2.0,0.0,1.0,19.0,9.0,2.0,0.0,5.0,0.0,2.0,31.0,2.0,6.0,2.0,1.0,1.0,11.0,19.0,8.0,2.0,2.0,1.0,10.0,2,6.0,9.0,2.0,2.0,3.0,0.0,1.0,17.0,3.0,9.0,16.0,2.0,4.0,1.0,6.0,2.0,3.0,2.0,2.0,3.0,5.0,6.0,4.0,7.0,15.0,1.0,4.0,19.0,10.0,0.0,2.0,3.0,96.0,1.0,7.0,2.0,1.0,2.0,5.0,2.0,2.0,1.0,3.0,4,12.0,7.0,4.0,2.0,1.0,20.0,3.0,2.0,2.0,4.0,9.0,0.0,0.0,1.0,2.0,7.0,4.0,11.0,12.0,1.0,0.0,0.0,11.0,2.0,1.0,0.0,9.0,1.0,3.0,5.0,3.0,2.0,6.0,3.0,3.0,2.0,1.0,24.0,21.0,46.0,11.0,1.0,1.0,0.0,2.0,2.0,1.0,4.0,3.0,3.0,3.0,7.0,7.0,1.0,4.0,2.0,1.0,1.0,1.0,1.0,7.0,29.0,3.0,3.0,2.0,1.0,1.0,1.0,0.0,3.0,1.0,2.0,0.0,3.0,3.0,2.0,1.0,0.0,1.0,0.0,9.0,1.0,0.0,0.0,0.0,0.0
0x8275ebf521dc217aa79c88132017a5bcef001dd9,0,0,0,386,175,47.0,115.0,36.0,10,14.0,126.0,185.0,2.0,54,18.0,4.0,210.0,209.0,29.0,2504.0,158.0,10.0,28,2.0,71.0,27.0,4.0,3.0,1.0,4.0,4.0,2.0,6.0,4.0,9.0,2.0,5.0,1.0,5.0,30.0,4.0,1.0,4.0,2.0,9.0,4.0,1.0,2.0,4.0,2.0,1.0,13.0,3.0,2.0,54.0,2.0,5.0,159.0,1.0,1.0,4.0,3.0,3.0,111,4.0,1.0,5.0,1.0,4.0,10.0,3.0,2.0,3.0,1.0,2.0,2.0,5.0,2.0,2,7.0,3.0,15.0,94,5.0,8.0,1.0,50.0,52.0,180.0,165.0,29.0,89.0,1.0,10.0,16.0,6.0,30.0,15,126,1.0,6.0,2.0,7.0,1.0,3.0,3.0,4.0,2.0,4.0,1.0,5.0,1.0,4.0,1.0,2.0,36.0,1.0,4.0,5.0,2.0,3.0,3.0,2.0,2.0,1.0,1.0,1.0,1.0,4,6.0,4.0,2.0,8.0,3.0,2.0,5.0,9.0,22.0,13.0,10.0,3.0,6.0,3.0,3.0,8.0,4.0,3.0,4.0,3.0,4.0,3.0,3.0,8.0,3.0,1.0,6.0,7.0,7.0,1.0,3.0,3.0,4.0,4.0,4.0,3.0,3.0,4.0,3.0,3.0,3.0,4.0,3.0,4,1.0,1.0,1.0,1.0,1.0,2.0,1.0,3.0,3.0,1.0,1.0,1.0,1.0,1.0,1.0,2.0,4.0,1.0,1.0,2.0,1.0,2.0,1.0,1.0,2.0,2.0,3.0,1.0,1.0,1.0,1.0,1.0,1.0,1.0,1.0,2.0,3.0,1.0,2.0,1.0,2.0,1.0,0.0,0.0,0.0,0.0,0.0,0.0,0.0,0.0,0.0,0.0,0.0,0.0,0.0,0.0,0.0,0.0,0.0,0.0,0.0,0.0,0.0,0.0,0.0,0.0,0.0,0.0,0.0,0.0,0.0,0.0,0.0,0.0,0.0,0.0,0.0,0.0,0.0,0.0,0.0,0.0,0.0,0.0,0.0,0.0
0xb954562066c71b3e6e7b2ac330b03c74c0dcd5ae,0,0,1,694,211,104.0,199.0,86.0,13,29.0,451.0,59.0,0.0,154,16.0,1.0,368.0,211.0,59.0,36.0,133.0,16.0,64,3.0,112.0,72.0,18.0,22.0,5.0,10.0,15.0,10.0,31.0,8.0,11.0,1.0,5.0,4.0,40.0,41.0,4.0,4.0,29.0,4.0,47.0,3.0,5.0,21.0,20.0,2.0,16.0,62.0,3.0,72.0,120.0,7.0,8.0,194.0,1.0,0.0,5.0,2.0,2.0,270,6.0,4.0,5.0,5.0,1.0,44.0,2.0,3.0,2.0,2.0,22.0,0.0,31.0,3.0,10,6.0,1.0,33.0,135,2.0,7.0,1.0,178.0,83.0,157.0,188.0,63.0,91.0,34.0,20.0,24.0,55.0,42.0,10,27,4.0,2.0,6.0,8.0,3.0,5.0,6.0,8.0,1.0,15.0,8.0,4.0,5.0,4.0,5.0,3.0,82.0,3.0,15.0,4.0,1.0,13.0,13.0,38.0,3.0,0.0,34.0,6.0,2.0,6,8.0,25.0,5.0,7.0,2.0,1.0,3.0,41.0,14.0,24.0,24.0,1.0,4.0,3.0,4.0,4.0,5.0,1.0,5.0,7.0,2.0,3.0,13.0,9.0,9.0,2.0,7.0,22.0,15.0,3.0,167.0,6.0,141.0,2.0,19.0,5.0,5.0,4.0,4.0,15.0,8.0,5.0,7.0,11,21.0,10.0,11.0,4.0,9.0,20.0,3.0,0.0,3.0,4.0,10.0,2.0,1.0,2.0,3.0,1.0,40.0,16.0,10.0,3.0,5.0,2.0,9.0,1.0,20.0,3.0,10.0,9.0,6.0,17.0,14.0,22.0,8.0,6.0,7.0,5.0,4.0,35.0,44.0,66.0,18.0,1.0,2.0,1.0,10.0,1.0,7.0,2.0,1.0,8.0,0.0,1.0,19.0,3.0,2.0,8.0,0.0,0.0,1.0,2.0,1.0,26.0,11.0,7.0,3.0,2.0,2.0,0.0,1.0,7.0,3.0,0.0,0.0,3.0,2.0,9.0,3.0,8.0,2.0,1.0,1.0,2.0,1.0,0.0,1.0,0.0
0xba751bff276907c438e927d2c2f18de574195e4b,1,0,1,537,140,106.0,128.0,70.0,16,12.0,553.0,986.0,1.0,78,8.0,1.0,246.0,335.0,56.0,1823.0,126.0,20.0,44,16.0,111.0,49.0,6.0,16.0,4.0,6.0,5.0,8.0,10.0,21.0,10.0,2.0,18.0,2.0,39.0,43.0,6.0,7.0,12.0,12.0,20.0,14.0,5.0,19.0,16.0,1.0,11.0,46.0,2.0,21.0,120.0,5.0,9.0,311.0,3.0,2.0,8.0,3.0,2.0,395,5.0,1.0,5.0,2.0,3.0,16.0,4.0,4.0,9.0,2.0,7.0,1.0,11.0,3.0,2,6.0,7.0,3.0,51,3.0,7.0,6.0,323.0,90.0,204.0,184.0,71.0,182.0,30.0,40.0,36.0,36.0,44.0,18,115,1.0,1.0,5.0,10.0,2.0,10.0,2.0,7.0,1.0,10.0,13.0,6.0,2.0,7.0,1.0,5.0,38.0,5.0,5.0,2.0,2.0,1.0,35.0,27.0,18.0,0.0,2.0,1.0,3.0,6,4.0,23.0,1.0,6.0,6.0,2.0,3.0,18.0,2.0,12.0,65.0,4.0,6.0,2.0,6.0,37.0,2.0,3.0,3.0,2.0,20.0,2.0,8.0,7.0,29.0,1.0,11.0,4.0,12.0,4.0,1.0,4.0,34.0,3.0,22.0,4.0,4.0,3.0,6.0,6.0,3.0,3.0,6.0,4,9.0,1.0,5.0,2.0,2.0,4.0,3.0,4.0,2.0,2.0,14.0,2.0,2.0,3.0,6.0,2.0,8.0,19.0,3.0,2.0,0.0,3.0,13.0,3.0,3.0,3.0,9.0,7.0,8.0,13.0,5.0,7.0,8.0,3.0,4.0,1.0,2.0,32.0,29.0,69.0,11.0,1.0,34.0,1.0,22.0,5.0,4.0,2.0,1.0,5.0,3.0,1.0,9.0,3.0,0.0,4.0,3.0,2.0,3.0,3.0,6.0,30.0,12.0,1.0,27.0,1.0,1.0,0.0,0.0,3.0,2.0,2.0,1.0,2.0,3.0,2.0,4.0,2.0,1.0,3.0,0.0,2.0,2.0,3.0,3.0,1.0
0xf19308f923582a6f7c465e5ce7a9dc1bec6665b1,0,0,0,2120,730,314.0,610.0,267.0,81,93.0,2004.0,142.0,8.0,533,68.0,6.0,1067.0,924.0,198.0,295.0,342.0,48.0,176,9.0,348.0,170.0,70.0,36.0,10.0,27.0,22.0,17.0,63.0,61.0,10.0,15.0,29.0,16.0,43.0,75.0,31.0,26.0,26.0,40.0,166.0,28.0,33.0,17.0,22.0,27.0,20.0,194.0,15.0,143.0,313.0,54.0,20.0,789.0,6.0,10.0,30.0,34.0,12.0,1148,37.0,25.0,21.0,16.0,13.0,70.0,10.0,11.0,14.0,5.0,32.0,6.0,41.0,10.0,31,15.0,36.0,177.0,299,8.0,14.0,115.0,896.0,278.0,398.0,601.0,266.0,408.0,38.0,62.0,51.0,87.0,133.0,13,28,13.0,26.0,3.0,43.0,4.0,48.0,18.0,10.0,14.0,41.0,17.0,9.0,27.0,11.0,14.0,19.0,230.0,47.0,44.0,25.0,7.0,12.0,30.0,90.0,34.0,16.0,23.0,21.0,30.0,19,26.0,55.0,268.0,16.0,56.0,20.0,21.0,176.0,77.0,133.0,50.0,6.0,10.0,12.0,20.0,43.0,31.0,13.0,11.0,9.0,3.0,17.0,40.0,12.0,54.0,11.0,69.0,53.0,92.0,14.0,436.0,11.0,401.0,18.0,14.0,12.0,10.0,12.0,38.0,13.0,9.0,11.0,45.0,34,97.0,75.0,13.0,5.0,69.0,13.0,15.0,13.0,41.0,32.0,35.0,24.0,12.0,20.0,6.0,11.0,77.0,43.0,26.0,3.0,12.0,7.0,45.0,14.0,16.0,6.0,15.0,37.0,27.0,25.0,23.0,35.0,10.0,16.0,17.0,8.0,9.0,29.0,66.0,73.0,27.0,12.0,48.0,31.0,8.0,94.0,12.0,9.0,21.0,48.0,25.0,8.0,47.0,33.0,10.0,18.0,11.0,12.0,8.0,32.0,50.0,25.0,16.0,16.0,23.0,18.0,12.0,15.0,7.0,32.0,6.0,12.0,15.0,68.0,16.0,9.0,9.0,36.0,5.0,9.0,10.0,19.0,7.0,9.0,45.0,7.0
0x87230146e138d3f296a9a77e497a2a83012e9bc5,0,0,0,53,19,8.0,7.0,4.0,7,2.0,51.0,40.0,0.0,9,4.0,1.0,31.0,8.0,8.0,1.0,7.0,3.0,6,1.0,12.0,3.0,1.0,0.0,0.0,1.0,1.0,4.0,1.0,1.0,1.0,0.0,0.0,0.0,6.0,3.0,4.0,1.0,2.0,2.0,1.0,0.0,1.0,9.0,2.0,2.0,4.0,4.0,0.0,6.0,5.0,0.0,0.0,10.0,1.0,0.0,2.0,0.0,0.0,29,0.0,0.0,0.0,1.0,3.0,0.0,0.0,0.0,2.0,1.0,4.0,1.0,3.0,0.0,4,1.0,1.0,2.0,8,0.0,0.0,4.0,23.0,5.0,27.0,10.0,0.0,6.0,0.0,0.0,0.0,1.0,0.0,1,6,0.0,0.0,0.0,0.0,1.0,2.0,2.0,0.0,1.0,1.0,0.0,0.0,0.0,0.0,1.0,0.0,2.0,0.0,0.0,0.0,0.0,1.0,1.0,11.0,3.0,1.0,0.0,0.0,1.0,3,1.0,1.0,2.0,2.0,1.0,0.0,0.0,1.0,4.0,2.0,5.0,0.0,0.0,0.0,0.0,1.0,2.0,1.0,1.0,0.0,0.0,3.0,0.0,6.0,2.0,1.0,0.0,2.0,2.0,2.0,0.0,1.0,10.0,0.0,5.0,1.0,0.0,0.0,2.0,0.0,0.0,4.0,2.0,2,0.0,3.0,0.0,4.0,0.0,2.0,1.0,3.0,0.0,0.0,1.0,0.0,0.0,1.0,1.0,2.0,1.0,0.0,3.0,1.0,1.0,2.0,2.0,2.0,0.0,0.0,0.0,3.0,4.0,4.0,0.0,1.0,0.0,0.0,2.0,1.0,0.0,14.0,6.0,6.0,0.0,0.0,1.0,2.0,3.0,1.0,0.0,0.0,0.0,3.0,4.0,0.0,1.0,6.0,4.0,2.0,1.0,1.0,0.0,1.0,1.0,13.0,1.0,0.0,0.0,0.0,2.0,0.0,0.0,1.0,0.0,2.0,2.0,1.0,0.0,0.0,0.0,0.0,1.0,1.0,0.0,0.0,3.0,1.0,2.0,0.0
0x82902c20c5826984588dcd2dfcc322e05dcc435c,0,0,1,776,210,97.0,192.0,66.0,11,21.0,356.0,182.0,3.0,137,11.0,0.0,304.0,213.0,59.0,33.0,129.0,39.0,63,4.0,101.0,71.0,12.0,11.0,1.0,7.0,3.0,4.0,13.0,26.0,11.0,0.0,11.0,3.0,27.0,39.0,6.0,2.0,20.0,6.0,37.0,5.0,6.0,12.0,14.0,1.0,23.0,41.0,3.0,62.0,109.0,6.0,8.0,194.0,3.0,2.0,7.0,0.0,0.0,227,9.0,3.0,7.0,9.0,2.0,16.0,3.0,1.0,3.0,2.0,23.0,6.0,26.0,2.0,12,4.0,1.0,27.0,99,3.0,5.0,1.0,144.0,69.0,136.0,162.0,62.0,85.0,7.0,15.0,11.0,20.0,38.0,3,24,4.0,2.0,4.0,20.0,1.0,11.0,2.0,4.0,2.0,11.0,4.0,2.0,5.0,3.0,3.0,4.0,82.0,7.0,16.0,2.0,3.0,3.0,9.0,25.0,4.0,4.0,17.0,1.0,5.0,8,6.0,23.0,5.0,4.0,1.0,2.0,5.0,28.0,12.0,22.0,13.0,5.0,3.0,9.0,4.0,5.0,3.0,3.0,3.0,3.0,2.0,2.0,7.0,3.0,18.0,1.0,15.0,19.0,47.0,3.0,1.0,4.0,126.0,2.0,26.0,8.0,7.0,5.0,3.0,7.0,6.0,4.0,4.0,12,28.0,6.0,4.0,1.0,9.0,19.0,3.0,3.0,3.0,3.0,2.0,5.0,2.0,2.0,3.0,1.0,36.0,8.0,8.0,2.0,5.0,3.0,6.0,2.0,12.0,3.0,9.0,3.0,3.0,7.0,11.0,15.0,1.0,4.0,7.0,2.0,4.0,27.0,26.0,38.0,12.0,1.0,2.0,1.0,4.0,3.0,4.0,0.0,2.0,19.0,1.0,0.0,18.0,2.0,3.0,4.0,4.0,1.0,1.0,0.0,3.0,26.0,11.0,4.0,2.0,5.0,0.0,1.0,2.0,5.0,14.0,2.0,2.0,10.0,1.0,3.0,5.0,0.0,1.0,1.0,1.0,2.0,0.0,1.0,1.0,1.0
