address,mint,leak,limit,PUSH1,MSTORE,CALLVALUE,DUP1,ISZERO,PUSH2,JUMPI,REVERT,JUMPDEST,POP,CALLDATASIZE,LT,CALLDATALOAD,SHR,PUSH4,GT,EQ,JUMP,MLOAD,DUP3,DUP4,DUP2,ADD,SWAP2,SWAP3,SWAP1,DUP6,AND,SUB,EXP,NOT,RETURN,SHL,SLOAD,DUP9,MUL,SWAP6,SWAP5,DIV,SWAP4,DUP5,SHA3,CODECOPY,DUP11,DUP13,DUP14,PUSH3,PUSH32,CALLER,DUP8,SSTORE,LOG3,DUP7,INVALID,GASLIMIT,NUMBER,ORIGIN,ADDRESS,GASPRICE,PUSH21,PUSH5,PUSH19,PUSH22,PUSH20,PUSH15,PUSH6,PUSH7,SWAP15,LOG4,MISSING,CHAINID,SLT,CREATE2,SWAP12,XOR,STOP,MOD,PUSH29,LOG2,OR,LOG1,MSIZE,PUSH10,SMOD,PC,PUSH13,DUP10,DUP12,SWAP7,EXTCODESIZE,GAS,STATICCALL,RETURNDATASIZE,RETURNDATACOPY,TIMESTAMP,CALL,PUSH24,PUSH27,PUSH23,PUSH16,PUSH12,PUSH11,PUSH14,PUSH8,SELFBALANCE,SWAP14,ADDMOD,SGT,PUSH9,SAR,SWAP10,BALANCE,SDIV,CALLDATACOPY,SWAP9,SWAP8,PUSH26,CODESIZE,SELFDESTRUCT,BLOCKHASH,MSTORE8,DIFFICULTY,COINBASE,EXTCODEHASH,BASEFEE,PUSH18,PUSH25,PUSH28,MULMOD,SWAP16,BYTE,DELEGATECALL,PUSH30,SWAP11,PUSH17,EXTCODECOPY,SWAP13,CALLCODE,PUSH31,DUP15,SIGNEXTEND,CREATE,DUP16,LOG0
0x2753dce37a7edb052a77832039bcc9aa49ad8b25,0,0,1,660,176.0,1.0,118,33.0,378.0,101,23,223,93.0,23,13.0,7.0,3.0,47.0,13.0,47.0,186.0,56.0,128.0,49.0,146.0,153.0,59.0,27.0,157.0,26.0,76.0,73.0,0.0,20.0,1,105.0,43.0,2.0,4.0,0.0,8.0,4.0,13.0,35.0,27.0,0.0,1.0,0.0,0.0,29.0,29.0,24.0,5.0,12.0,4.0,7.0,1.0,0.0,0.0,0.0,0.0,0.0,0.0,3.0,0.0,0.0,2.0,1.0,2.0,0.0,0.0,3.0,12.0,0.0,8.0,0.0,0.0,0.0,2.0,0.0,0.0,1.0,5.0,1.0,0.0,0.0,0.0,0.0,0.0,0.0,0.0,0.0,3.0,0.0,0.0,0.0,0.0,0.0,0.0,0.0,0.0,0.0,2.0,0.0,0.0,0.0,1.0,1.0,0.0,1.0,0.0,0.0,0.0,0.0,0.0,0.0,1.0,0.0,0.0,0.0,1.0,0.0,0.0,3.0,0.0,0.0,1.0,0.0,0.0,0.0,0.0,0.0,0.0,4.0,0.0,1.0,0.0,1.0,0.0,0.0,0.0,0.0,0.0,0.0,0.0,0.0,0.0
0x94b7d24552933f50a5a5705c446528806dcea381,0,0,0,16,2.0,1.0,5,2.0,0.0,2,1,2,0.0,2,0.0,1.0,0.0,0.0,0.0,2.0,0.0,0.0,0.0,0.0,1.0,0.0,1.0,1.0,0.0,0.0,1.0,0.0,0.0,0.0,2,0.0,1.0,0.0,0.0,0.0,0.0,0.0,0.0,1.0,1.0,0.0,0.0,0.0,0.0,0.0,1.0,0.0,0.0,0.0,0.0,0.0,1.0,0.0,0.0,0.0,0.0,0.0,0.0,1.0,0.0,0.0,1.0,0.0,0.0,0.0,0.0,1.0,2.0,0.0,1.0,0.0,0.0,0.0,0.0,0.0,0.0,1.0,0.0,0.0,0.0,0.0,0.0,0.0,0.0,0.0,0.0,1.0,0.0,1.0,0.0,3.0,1.0,1.0,0.0,0.0,0.0,1.0,1.0,0.0,0.0,0.0,0.0,0.0,0.0,0.0,0.0,0.0,0.0,0.0,0.0,0.0,1.0,0.0,1.0,0.0,0.0,0.0,0.0,1.0,0.0,0.0,0.0,0.0,0.0,0.0,0.0,0.0,0.0,0.0,1.0,0.0,0.0,0.0,0.0,0.0,0.0,0.0,0.0,0.0,0.0,0.0,0.0
0xe0b9d4146aad6936cbfcbe4dae47e34aab96b093,0,0,0,489,107.0,22.0,160,68.0,469.0,96,38,370,318.0,9,10.0,3.0,2.0,28.0,16.0,35.0,279.0,80.0,101.0,52.0,176.0,148.0,158.0,55.0,239.0,24.0,99.0,55.0,4.0,4.0,21,2.0,18.0,1.0,4.0,0.0,4.0,6.0,8.0,43.0,29.0,0.0,0.0,0.0,0.0,0.0,29.0,4.0,11.0,9.0,5.0,17.0,1.0,0.0,0.0,2.0,1.0,0.0,0.0,4.0,0.0,0.0,115.0,0.0,0.0,0.0,0.0,0.0,6.0,0.0,7.0,0.0,0.0,0.0,3.0,1.0,0.0,1.0,2.0,0.0,0.0,0.0,0.0,0.0,0.0,0.0,0.0,0.0,2.0,3.0,1.0,10.0,3.0,0.0,2.0,0.0,0.0,1.0,0.0,0.0,0.0,0.0,0.0,0.0,0.0,1.0,0.0,0.0,0.0,0.0,0.0,0.0,0.0,0.0,0.0,0.0,0.0,0.0,0.0,0.0,0.0,0.0,0.0,0.0,0.0,0.0,0.0,0.0,0.0,0.0,0.0,0.0,0.0,0.0,0.0,0.0,0.0,0.0,0.0,0.0,0.0,0.0,0.0
0x10f6f2b97f3ab29583d9d38babf2994df7220c21,1,0,1,725,150.0,22.0,206,104.0,694.0,115,52,529,509.0,18,18.0,6.0,1.0,36.0,14.0,34.0,410.0,99.0,177.0,102.0,258.0,234.0,213.0,71.0,410.0,42.0,138.0,76.0,26.0,11.0,17,4.0,43.0,9.0,25.0,3.0,3.0,21.0,16.0,56.0,34.0,0.0,0.0,0.0,0.0,0.0,48.0,2.0,13.0,16.0,6.0,26.0,1.0,0.0,0.0,0.0,8.0,0.0,0.0,1.0,0.0,0.0,110.0,0.0,0.0,0.0,0.0,0.0,2.0,0.0,11.0,0.0,0.0,0.0,6.0,0.0,0.0,1.0,8.0,1.0,0.0,0.0,0.0,0.0,1.0,1.0,0.0,3.0,1.0,4.0,2.0,11.0,4.0,2.0,2.0,0.0,0.0,0.0,0.0,0.0,0.0,0.0,7.0,2.0,0.0,0.0,0.0,0.0,0.0,0.0,0.0,0.0,2.0,0.0,3.0,0.0,0.0,0.0,0.0,0.0,0.0,0.0,0.0,0.0,0.0,0.0,0.0,0.0,0.0,0.0,0.0,0.0,0.0,1.0,0.0,0.0,0.0,0.0,0.0,0.0,0.0,0.0,0.0
0x11cbc781dadaad13fc3a361772c80b1c027820af,0,0,0,940,198.0,35.0,250,110.0,447.0,167,67,294,191.0,20,18.0,6.0,2.0,56.0,15.0,56.0,197.0,53.0,95.0,67.0,164.0,129.0,84.0,39.0,246.0,30.0,138.0,108.0,0.0,26.0,1,133.0,109.0,1.0,3.0,1.0,8.0,7.0,15.0,35.0,52.0,3.0,1.0,0.0,1.0,22.0,29.0,17.0,8.0,34.0,4.0,11.0,1.0,2.0,3.0,1.0,9.0,1.0,1.0,1.0,1.0,0.0,1.0,0.0,1.0,0.0,0.0,0.0,2.0,0.0,7.0,0.0,0.0,0.0,2.0,0.0,0.0,0.0,13.0,0.0,0.0,0.0,0.0,0.0,0.0,0.0,0.0,0.0,4.0,7.0,4.0,12.0,4.0,2.0,0.0,0.0,0.0,0.0,2.0,0.0,0.0,0.0,1.0,0.0,0.0,0.0,0.0,0.0,0.0,0.0,0.0,0.0,0.0,0.0,0.0,1.0,0.0,0.0,0.0,0.0,0.0,0.0,0.0,0.0,0.0,0.0,0.0,0.0,0.0,0.0,0.0,0.0,0.0,0.0,0.0,0.0,0.0,0.0,1.0,0.0,0.0,0.0,0.0
0x3e597ea168a85aa2ae5e2c4333665bcd875ed10f,0,0,1,413,115.0,1.0,74,37.0,188.0,63,22,124,64.0,10,9.0,7.0,1.0,20.0,10.0,24.0,92.0,31.0,67.0,30.0,87.0,98.0,44.0,19.0,89.0,16.0,47.0,37.0,0.0,7.0,1,58.0,25.0,0.0,3.0,2.0,5.0,2.0,12.0,25.0,19.0,1.0,1.0,0.0,0.0,16.0,12.0,10.0,3.0,7.0,2.0,10.0,1.0,0.0,0.0,0.0,0.0,0.0,1.0,3.0,1.0,0.0,2.0,0.0,1.0,3.0,0.0,0.0,4.0,0.0,7.0,0.0,1.0,0.0,1.0,0.0,0.0,0.0,4.0,0.0,0.0,0.0,0.0,0.0,0.0,0.0,0.0,0.0,0.0,0.0,0.0,0.0,0.0,0.0,0.0,0.0,0.0,0.0,1.0,0.0,0.0,0.0,2.0,0.0,0.0,0.0,0.0,1.0,0.0,0.0,0.0,0.0,0.0,0.0,0.0,0.0,0.0,0.0,0.0,0.0,0.0,0.0,0.0,0.0,0.0,0.0,0.0,0.0,0.0,0.0,0.0,1.0,0.0,0.0,0.0,0.0,0.0,0.0,0.0,0.0,0.0,0.0,0.0
0x292e89d5d5bdab3af2f5838c194c1983f0140b43,0,0,1,413,115.0,1.0,74,37.0,188.0,63,22,124,64.0,10,8.0,7.0,1.0,20.0,10.0,24.0,92.0,31.0,67.0,30.0,87.0,98.0,44.0,20.0,89.0,15.0,47.0,37.0,0.0,7.0,1,58.0,25.0,0.0,3.0,2.0,5.0,2.0,12.0,25.0,19.0,1.0,1.0,0.0,0.0,16.0,12.0,11.0,3.0,7.0,2.0,10.0,1.0,0.0,0.0,0.0,0.0,0.0,0.0,3.0,1.0,0.0,2.0,0.0,1.0,2.0,0.0,0.0,4.0,1.0,7.0,0.0,0.0,0.0,2.0,0.0,0.0,0.0,4.0,0.0,0.0,0.0,0.0,0.0,0.0,0.0,0.0,0.0,0.0,0.0,0.0,1.0,0.0,1.0,0.0,0.0,0.0,0.0,1.0,0.0,0.0,0.0,3.0,0.0,0.0,1.0,0.0,1.0,0.0,0.0,0.0,0.0,1.0,0.0,0.0,0.0,0.0,0.0,0.0,0.0,0.0,1.0,0.0,0.0,0.0,0.0,1.0,0.0,0.0,0.0,0.0,0.0,0.0,0.0,0.0,0.0,0.0,0.0,0.0,0.0,0.0,0.0,0.0
0xef20505c8b343d12da174bf9d8495c1ce2670989,0,0,1,405,117.0,1.0,65,37.0,188.0,63,20,124,64.0,10,8.0,7.0,1.0,21.0,12.0,24.0,93.0,31.0,70.0,32.0,93.0,98.0,44.0,19.0,88.0,20.0,47.0,37.0,0.0,7.0,1,59.0,25.0,0.0,3.0,2.0,5.0,2.0,12.0,27.0,19.0,1.0,1.0,0.0,0.0,16.0,12.0,10.0,3.0,7.0,2.0,12.0,1.0,0.0,0.0,0.0,0.0,1.0,0.0,3.0,1.0,0.0,2.0,0.0,1.0,3.0,0.0,1.0,0.0,0.0,7.0,0.0,0.0,1.0,1.0,0.0,0.0,0.0,5.0,0.0,0.0,0.0,0.0,0.0,1.0,0.0,0.0,0.0,0.0,0.0,0.0,0.0,0.0,0.0,0.0,1.0,0.0,0.0,1.0,0.0,0.0,0.0,2.0,0.0,0.0,0.0,0.0,1.0,0.0,0.0,0.0,0.0,0.0,0.0,0.0,0.0,0.0,0.0,0.0,0.0,0.0,0.0,0.0,0.0,0.0,0.0,0.0,0.0,0.0,0.0,0.0,0.0,0.0,0.0,0.0,0.0,0.0,0.0,0.0,0.0,0.0,0.0,0.0
0xc71d244f7ad6c869ecbf13cbd9acae31718be4f8,0,0,1,404,117.0,1.0,65,37.0,188.0,63,20,124,64.0,10,8.0,7.0,1.0,21.0,10.0,24.0,93.0,31.0,70.0,33.0,93.0,98.0,44.0,19.0,88.0,19.0,47.0,38.0,0.0,7.0,1,59.0,25.0,0.0,3.0,2.0,5.0,2.0,12.0,27.0,19.0,1.0,1.0,0.0,0.0,16.0,12.0,11.0,3.0,7.0,2.0,12.0,1.0,0.0,0.0,0.0,0.0,0.0,1.0,4.0,1.0,0.0,2.0,0.0,1.0,2.0,0.0,0.0,6.0,0.0,7.0,0.0,0.0,0.0,3.0,0.0,0.0,1.0,4.0,0.0,0.0,0.0,0.0,0.0,1.0,0.0,1.0,0.0,0.0,0.0,0.0,0.0,0.0,0.0,0.0,0.0,0.0,0.0,1.0,0.0,0.0,0.0,2.0,0.0,0.0,1.0,0.0,1.0,0.0,0.0,0.0,0.0,0.0,0.0,0.0,0.0,0.0,0.0,0.0,0.0,0.0,0.0,0.0,0.0,0.0,0.0,0.0,0.0,0.0,0.0,0.0,0.0,0.0,0.0,0.0,0.0,0.0,0.0,0.0,0.0,0.0,0.0,0.0
0x5927b72440d8a8b8c6ca5a8be60e88975f9063fc,0,0,1,888,190.0,43.0,245,116.0,496.0,179,74,308,168.0,29,11.0,10.0,2.0,61.0,16.0,66.0,212.0,60.0,96.0,66.0,171.0,142.0,97.0,32.0,229.0,20.0,119.0,100.0,0.0,15.0,1,126.0,80.0,2.0,7.0,2.0,8.0,6.0,12.0,45.0,40.0,3.0,1.0,0.0,1.0,32.0,17.0,24.0,5.0,19.0,3.0,20.0,1.0,1.0,1.0,1.0,1.0,2.0,1.0,2.0,0.0,0.0,3.0,1.0,3.0,2.0,0.0,0.0,0.0,0.0,10.0,0.0,0.0,0.0,2.0,0.0,0.0,1.0,10.0,1.0,0.0,0.0,0.0,0.0,0.0,0.0,0.0,0.0,1.0,1.0,0.0,5.0,2.0,0.0,2.0,0.0,1.0,0.0,0.0,0.0,0.0,2.0,1.0,0.0,0.0,0.0,0.0,0.0,0.0,0.0,0.0,0.0,0.0,0.0,0.0,0.0,0.0,0.0,0.0,0.0,0.0,0.0,0.0,0.0,0.0,0.0,0.0,0.0,0.0,0.0,0.0,0.0,0.0,0.0,0.0,0.0,0.0,0.0,0.0,0.0,0.0,0.0,0.0
0xc709878167ed069aea15fd0bd4e9758ceb4da193,0,0,0,653,135.0,1.0,191,60.0,277.0,107,37,180,143.0,11,23.0,20.0,1.0,47.0,10.0,43.0,110.0,80.0,87.0,62.0,187.0,136.0,95.0,31.0,189.0,21.0,117.0,120.0,2.0,8.0,5,86.0,66.0,4.0,7.0,3.0,8.0,11.0,18.0,25.0,25.0,8.0,2.0,1.0,1.0,14.0,16.0,1.0,4.0,11.0,7.0,5.0,3.0,1.0,0.0,2.0,6.0,3.0,1.0,1.0,4.0,2.0,1.0,1.0,1.0,2.0,0.0,0.0,5.0,0.0,0.0,0.0,0.0,0.0,1.0,0.0,0.0,0.0,2.0,0.0,0.0,0.0,0.0,0.0,1.0,0.0,1.0,0.0,4.0,4.0,1.0,12.0,4.0,2.0,3.0,1.0,1.0,0.0,1.0,1.0,1.0,2.0,0.0,0.0,0.0,0.0,0.0,0.0,0.0,0.0,0.0,0.0,0.0,0.0,0.0,0.0,0.0,0.0,0.0,0.0,0.0,0.0,0.0,0.0,0.0,0.0,0.0,0.0,0.0,0.0,0.0,0.0,0.0,0.0,0.0,0.0,0.0,0.0,0.0,0.0,0.0,0.0,0.0
0x1e4402fa427a7a835fc64ea6d051404ce767a569,0,1,1,1044,175.0,46.0,403,183.0,1123.0,230,107,816,650.0,26,18.0,7.0,1.0,100.0,27.0,91.0,586.0,176.0,190.0,137.0,344.0,290.0,302.0,87.0,678.0,46.0,265.0,126.0,64.0,18.0,30,10.0,104.0,8.0,42.0,5.0,7.0,58.0,21.0,64.0,27.0,3.0,2.0,0.0,0.0,2.0,64.0,2.0,21.0,28.0,4.0,41.0,1.0,1.0,2.0,1.0,11.0,1.0,1.0,1.0,0.0,0.0,206.0,1.0,2.0,2.0,0.0,0.0,1.0,0.0,12.0,0.0,0.0,0.0,19.0,1.0,0.0,1.0,13.0,2.0,0.0,0.0,1.0,0.0,0.0,3.0,2.0,3.0,10.0,10.0,3.0,18.0,7.0,4.0,7.0,0.0,0.0,0.0,0.0,0.0,0.0,0.0,4.0,2.0,0.0,1.0,0.0,0.0,0.0,0.0,0.0,0.0,2.0,0.0,3.0,0.0,0.0,0.0,0.0,0.0,0.0,0.0,0.0,0.0,0.0,0.0,0.0,0.0,0.0,0.0,0.0,1.0,0.0,0.0,0.0,0.0,0.0,0.0,0.0,0.0,0.0,0.0,0.0
0x455dedacbe41c178953119847f2b95e2d9ad0a1d,0,1,1,1355,285.0,59.0,402,191.0,660.0,250,124,432,328.0,36,18.0,20.0,2.0,118.0,24.0,88.0,278.0,137.0,194.0,104.0,283.0,279.0,156.0,90.0,387.0,49.0,163.0,155.0,1.0,32.0,1,191.0,121.0,9.0,9.0,10.0,13.0,8.0,29.0,51.0,37.0,0.0,0.0,0.0,0.0,40.0,34.0,28.0,21.0,26.0,7.0,25.0,1.0,0.0,0.0,2.0,7.0,0.0,0.0,4.0,0.0,1.0,1.0,1.0,2.0,1.0,0.0,0.0,5.0,0.0,16.0,0.0,0.0,0.0,4.0,0.0,0.0,2.0,12.0,4.0,0.0,0.0,0.0,0.0,1.0,15.0,1.0,4.0,5.0,18.0,7.0,45.0,17.0,2.0,13.0,0.0,0.0,0.0,0.0,0.0,0.0,0.0,2.0,3.0,0.0,1.0,0.0,0.0,0.0,1.0,0.0,0.0,1.0,3.0,12.0,0.0,0.0,0.0,0.0,0.0,0.0,0.0,0.0,0.0,0.0,0.0,0.0,0.0,0.0,0.0,0.0,0.0,0.0,1.0,0.0,0.0,0.0,0.0,0.0,0.0,0.0,0.0,0.0
0x831467b7b6bf9c705dc87899d48b57ee55c8d5cc,1,0,0,554,157.0,1.0,281,59.0,253.0,76,29,173,263.0,13,23.0,22.0,1.0,36.0,9.0,34.0,104.0,104.0,91.0,59.0,235.0,233.0,155.0,45.0,286.0,8.0,151.0,94.0,18.0,8.0,18,0.0,43.0,0.0,23.0,0.0,0.0,26.0,2.0,22.0,35.0,11.0,1.0,0.0,0.0,2.0,26.0,3.0,1.0,10.0,6.0,1.0,1.0,3.0,0.0,5.0,6.0,7.0,2.0,2.0,4.0,2.0,109.0,2.0,1.0,2.0,0.0,0.0,4.0,0.0,0.0,0.0,0.0,0.0,4.0,0.0,0.0,0.0,3.0,0.0,0.0,0.0,0.0,0.0,0.0,2.0,1.0,0.0,0.0,0.0,0.0,0.0,0.0,2.0,0.0,1.0,2.0,0.0,0.0,2.0,0.0,0.0,0.0,0.0,0.0,0.0,0.0,1.0,0.0,0.0,0.0,0.0,0.0,0.0,1.0,0.0,0.0,0.0,0.0,0.0,0.0,0.0,0.0,0.0,0.0,0.0,0.0,0.0,0.0,1.0,0.0,0.0,0.0,0.0,0.0,0.0,0.0,0.0,0.0,0.0,0.0,0.0,0.0
0x6609f543d38816116fa5b9a98c918ca947f5455d,0,0,0,40,5.0,1.0,14,8.0,32.0,10,5,25,8.0,5,2.0,2.0,1.0,1.0,0.0,4.0,18.0,2.0,3.0,0.0,9.0,4.0,0.0,0.0,7.0,0.0,5.0,7.0,1.0,0.0,1,6.0,2.0,0.0,0.0,0.0,1.0,0.0,1.0,1.0,2.0,0.0,0.0,0.0,0.0,1.0,5.0,2.0,0.0,1.0,0.0,0.0,1.0,0.0,0.0,0.0,0.0,0.0,0.0,1.0,0.0,0.0,1.0,0.0,0.0,0.0,0.0,0.0,5.0,0.0,1.0,0.0,0.0,0.0,1.0,0.0,0.0,1.0,0.0,0.0,0.0,0.0,0.0,0.0,0.0,0.0,0.0,0.0,0.0,1.0,0.0,3.0,1.0,0.0,0.0,1.0,0.0,0.0,0.0,0.0,0.0,0.0,0.0,0.0,0.0,0.0,0.0,0.0,0.0,0.0,0.0,0.0,1.0,0.0,0.0,0.0,0.0,0.0,0.0,0.0,0.0,0.0,1.0,0.0,0.0,0.0,0.0,0.0,0.0,0.0,1.0,0.0,0.0,0.0,0.0,0.0,0.0,0.0,0.0,0.0,0.0,1.0,0.0
0x90f75ca026add95ae15ecbf48efc77ed272945be,1,1,0,639,137.0,1.0,212,77.0,314.0,120,43,206,177.0,14,41.0,25.0,1.0,47.0,14.0,34.0,123.0,93.0,136.0,46.0,165.0,190.0,134.0,41.0,230.0,28.0,77.0,109.0,2.0,9.0,4,74.0,109.0,7.0,11.0,5.0,11.0,2.0,12.0,45.0,24.0,8.0,0.0,0.0,0.0,19.0,16.0,10.0,18.0,23.0,3.0,24.0,12.0,1.0,1.0,1.0,5.0,2.0,0.0,1.0,2.0,0.0,1.0,1.0,0.0,0.0,0.0,0.0,6.0,0.0,0.0,0.0,0.0,0.0,3.0,1.0,0.0,2.0,8.0,0.0,0.0,2.0,0.0,0.0,1.0,1.0,1.0,5.0,4.0,4.0,3.0,13.0,4.0,11.0,1.0,0.0,0.0,0.0,2.0,1.0,0.0,1.0,7.0,1.0,0.0,0.0,0.0,1.0,0.0,0.0,0.0,0.0,0.0,1.0,1.0,0.0,0.0,0.0,0.0,1.0,0.0,0.0,0.0,0.0,1.0,0.0,0.0,0.0,0.0,0.0,0.0,0.0,0.0,0.0,0.0,0.0,0.0,0.0,0.0,0.0,0.0,0.0,0.0
0x52e4339b4b9ff254738d6e971e83440f60dc029c,1,0,1,550,159.0,1.0,278,63.0,237.0,74,28,163,259.0,12,22.0,21.0,1.0,34.0,9.0,32.0,96.0,105.0,88.0,59.0,236.0,232.0,154.0,43.0,280.0,8.0,146.0,95.0,18.0,8.0,18,0.0,42.0,0.0,22.0,0.0,0.0,26.0,2.0,23.0,33.0,10.0,1.0,0.0,1.0,1.0,28.0,1.0,1.0,10.0,6.0,1.0,1.0,2.0,0.0,4.0,5.0,5.0,2.0,2.0,4.0,1.0,103.0,1.0,1.0,2.0,0.0,0.0,3.0,0.0,0.0,0.0,0.0,0.0,3.0,0.0,0.0,0.0,3.0,0.0,0.0,0.0,0.0,0.0,1.0,1.0,1.0,0.0,0.0,0.0,0.0,0.0,0.0,1.0,0.0,1.0,2.0,0.0,0.0,0.0,1.0,0.0,0.0,0.0,0.0,0.0,0.0,1.0,0.0,0.0,0.0,0.0,0.0,0.0,0.0,0.0,0.0,0.0,0.0,0.0,0.0,0.0,0.0,0.0,0.0,1.0,0.0,0.0,0.0,0.0,0.0,0.0,0.0,0.0,0.0,0.0,0.0,0.0,0.0,0.0,0.0,0.0,0.0
0x51c5807dd8398aedfcc91e6483417838b41eaeb8,0,0,0,264,77.0,1.0,91,20.0,116.0,36,15,72,65.0,8,13.0,15.0,1.0,12.0,4.0,11.0,48.0,37.0,48.0,33.0,95.0,78.0,54.0,18.0,103.0,8.0,40.0,54.0,2.0,4.0,4,27.0,14.0,2.0,6.0,2.0,9.0,6.0,14.0,18.0,20.0,7.0,1.0,1.0,2.0,6.0,3.0,2.0,2.0,3.0,2.0,1.0,1.0,4.0,3.0,3.0,4.0,4.0,2.0,3.0,4.0,1.0,2.0,1.0,3.0,1.0,1.0,1.0,12.0,1.0,1.0,1.0,1.0,1.0,2.0,1.0,0.0,0.0,0.0,0.0,0.0,0.0,0.0,0.0,0.0,0.0,0.0,0.0,0.0,0.0,0.0,0.0,0.0,0.0,0.0,0.0,0.0,0.0,0.0,0.0,0.0,0.0,0.0,0.0,0.0,0.0,0.0,0.0,0.0,0.0,0.0,0.0,0.0,0.0,0.0,0.0,0.0,0.0,0.0,0.0,0.0,0.0,0.0,0.0,0.0,0.0,0.0,0.0,0.0,0.0,0.0,0.0,0.0,0.0,0.0,0.0,0.0,0.0,0.0,0.0,0.0,0.0,0.0
0xa0ffc741f109159ee203424a299e6d2731dcfc76,0,0,0,1109,292.0,1.0,588,153.0,573.0,195,101,398,659.0,12,39.0,16.0,1.0,128.0,32.0,70.0,210.0,251.0,191.0,103.0,467.0,375.0,262.0,76.0,633.0,25.0,287.0,155.0,90.0,13.0,32,23.0,128.0,2.0,25.0,0.0,2.0,84.0,8.0,27.0,16.0,5.0,0.0,0.0,0.0,2.0,75.0,10.0,12.0,19.0,2.0,22.0,9.0,1.0,2.0,1.0,19.0,2.0,1.0,0.0,1.0,0.0,222.0,2.0,0.0,0.0,0.0,0.0,2.0,0.0,0.0,0.0,0.0,0.0,11.0,0.0,0.0,0.0,11.0,3.0,0.0,0.0,0.0,0.0,0.0,2.0,0.0,2.0,20.0,20.0,12.0,55.0,20.0,3.0,8.0,1.0,1.0,0.0,3.0,0.0,0.0,1.0,0.0,1.0,0.0,0.0,0.0,0.0,0.0,0.0,0.0,0.0,0.0,1.0,0.0,0.0,0.0,0.0,0.0,0.0,0.0,0.0,0.0,0.0,0.0,1.0,8.0,0.0,0.0,0.0,0.0,0.0,0.0,0.0,0.0,0.0,0.0,0.0,0.0,0.0,0.0,0.0,0.0
0x9372b371196751dd2f603729ae8d8014bbeb07f6,1,0,0,1569,421.0,56.0,399,146.0,857.0,290,121,543,316.0,35,25.0,27.0,3.0,98.0,44.0,94.0,390.0,127.0,318.0,136.0,355.0,368.0,166.0,49.0,416.0,52.0,153.0,135.0,0.0,32.0,1,205.0,136.0,9.0,12.0,6.0,14.0,22.0,24.0,97.0,70.0,0.0,3.0,0.0,0.0,64.0,53.0,26.0,14.0,57.0,2.0,20.0,1.0,0.0,0.0,0.0,1.0,0.0,0.0,5.0,0.0,0.0,0.0,1.0,3.0,0.0,0.0,4.0,1.0,0.0,19.0,0.0,1.0,0.0,2.0,1.0,0.0,2.0,14.0,2.0,0.0,4.0,0.0,0.0,0.0,2.0,1.0,3.0,4.0,4.0,1.0,16.0,4.0,0.0,3.0,0.0,0.0,0.0,1.0,4.0,2.0,0.0,6.0,2.0,0.0,0.0,2.0,2.0,0.0,0.0,0.0,0.0,2.0,0.0,1.0,0.0,0.0,0.0,0.0,1.0,0.0,0.0,0.0,0.0,2.0,0.0,0.0,0.0,0.0,2.0,0.0,0.0,1.0,1.0,0.0,0.0,0.0,0.0,0.0,0.0,0.0,0.0,0.0
0x186ed770eecea82def7c92dcc077c4ba27acd5bd,1,0,1,743,131.0,1.0,245,97.0,289.0,145,72,217,152.0,24,37.0,31.0,2.0,72.0,19.0,49.0,117.0,67.0,74.0,67.0,197.0,89.0,101.0,64.0,241.0,15.0,145.0,125.0,3.0,11.0,4,96.0,97.0,3.0,7.0,1.0,13.0,21.0,23.0,26.0,40.0,0.0,1.0,2.0,0.0,0.0,20.0,23.0,13.0,23.0,5.0,13.0,7.0,0.0,0.0,0.0,0.0,0.0,0.0,0.0,0.0,0.0,3.0,0.0,1.0,0.0,0.0,0.0,10.0,0.0,0.0,0.0,0.0,0.0,1.0,0.0,0.0,1.0,6.0,9.0,0.0,0.0,1.0,0.0,0.0,4.0,0.0,1.0,8.0,9.0,3.0,22.0,8.0,0.0,5.0,0.0,0.0,0.0,0.0,1.0,0.0,0.0,0.0,0.0,0.0,0.0,0.0,0.0,0.0,0.0,0.0,0.0,0.0,2.0,1.0,1.0,0.0,0.0,0.0,0.0,0.0,0.0,0.0,0.0,0.0,0.0,0.0,0.0,0.0,0.0,0.0,0.0,0.0,0.0,0.0,0.0,0.0,0.0,0.0,0.0,0.0,0.0,0.0
0x28c748535cc0c774d7bb046adba0c9d77e3b4c92,0,0,1,314,78.0,1.0,75,18.0,136.0,47,15,96,55.0,6,5.0,4.0,2.0,25.0,6.0,22.0,68.0,26.0,57.0,23.0,58.0,74.0,34.0,17.0,74.0,12.0,40.0,38.0,0.0,5.0,1,43.0,29.0,0.0,2.0,0.0,5.0,3.0,8.0,19.0,11.0,0.0,1.0,0.0,0.0,9.0,11.0,8.0,2.0,8.0,2.0,4.0,1.0,0.0,1.0,0.0,0.0,0.0,0.0,3.0,0.0,0.0,0.0,0.0,0.0,0.0,0.0,0.0,7.0,0.0,7.0,0.0,0.0,0.0,3.0,0.0,0.0,1.0,3.0,0.0,0.0,0.0,0.0,0.0,0.0,0.0,0.0,2.0,0.0,1.0,0.0,3.0,1.0,0.0,1.0,0.0,0.0,0.0,0.0,1.0,0.0,0.0,1.0,1.0,1.0,1.0,1.0,0.0,0.0,0.0,0.0,0.0,0.0,0.0,0.0,0.0,0.0,0.0,0.0,0.0,0.0,0.0,0.0,0.0,0.0,0.0,0.0,0.0,0.0,0.0,0.0,0.0,0.0,0.0,0.0,0.0,0.0,0.0,0.0,0.0,0.0,0.0,0.0
0xd00736f864ecd5bef5996c735f98769ae0d10c7c,0,0,1,312,79.0,1.0,74,18.0,136.0,47,15,97,55.0,6,5.0,4.0,2.0,25.0,6.0,22.0,68.0,26.0,58.0,23.0,58.0,74.0,34.0,17.0,74.0,12.0,40.0,38.0,0.0,5.0,1,43.0,29.0,0.0,2.0,0.0,5.0,2.0,8.0,19.0,11.0,0.0,0.0,0.0,0.0,9.0,11.0,6.0,2.0,8.0,2.0,4.0,1.0,0.0,1.0,1.0,0.0,0.0,0.0,2.0,0.0,0.0,0.0,1.0,0.0,0.0,0.0,0.0,5.0,0.0,7.0,0.0,0.0,0.0,1.0,0.0,0.0,1.0,3.0,0.0,0.0,0.0,0.0,0.0,0.0,0.0,0.0,0.0,0.0,2.0,0.0,3.0,1.0,0.0,1.0,0.0,0.0,0.0,0.0,0.0,0.0,1.0,1.0,0.0,0.0,0.0,0.0,0.0,0.0,0.0,1.0,0.0,1.0,0.0,0.0,0.0,0.0,0.0,0.0,0.0,1.0,0.0,0.0,0.0,0.0,0.0,0.0,0.0,0.0,0.0,0.0,0.0,0.0,0.0,0.0,0.0,0.0,0.0,0.0,0.0,0.0,0.0,0.0
0x9a3fb36bf72a387fcc821a38ee9f50f1a0eb8cbd,1,0,1,561,123.0,22.0,153,66.0,569.0,89,40,416,336.0,13,2.0,3.0,1.0,53.0,12.0,35.0,328.0,79.0,113.0,63.0,180.0,176.0,180.0,50.0,367.0,24.0,144.0,70.0,22.0,5.0,16,1.0,45.0,5.0,8.0,1.0,1.0,21.0,7.0,44.0,30.0,4.0,2.0,0.0,0.0,1.0,40.0,3.0,9.0,15.0,5.0,25.0,1.0,1.0,3.0,4.0,6.0,2.0,1.0,1.0,0.0,1.0,110.0,1.0,2.0,2.0,1.0,0.0,8.0,0.0,6.0,1.0,0.0,0.0,7.0,0.0,0.0,0.0,4.0,1.0,0.0,0.0,0.0,0.0,1.0,2.0,1.0,2.0,1.0,1.0,0.0,3.0,1.0,1.0,1.0,0.0,0.0,0.0,0.0,0.0,1.0,0.0,0.0,0.0,0.0,0.0,0.0,0.0,0.0,0.0,0.0,1.0,0.0,0.0,1.0,0.0,0.0,0.0,0.0,0.0,0.0,0.0,0.0,0.0,0.0,0.0,0.0,0.0,0.0,0.0,0.0,0.0,0.0,0.0,0.0,0.0,0.0,0.0,0.0,0.0,0.0,0.0,0.0
0xe7e63e244c52b2230666e263657ba8db2b6b3705,1,0,1,561,123.0,22.0,152,66.0,569.0,89,40,416,336.0,13,2.0,3.0,1.0,52.0,12.0,35.0,328.0,79.0,113.0,63.0,180.0,176.0,180.0,50.0,366.0,24.0,144.0,70.0,22.0,5.0,16,1.0,44.0,5.0,8.0,1.0,1.0,21.0,7.0,44.0,30.0,4.0,2.0,0.0,0.0,1.0,40.0,4.0,9.0,15.0,5.0,25.0,2.0,1.0,3.0,3.0,6.0,2.0,1.0,1.0,0.0,1.0,110.0,1.0,2.0,2.0,0.0,0.0,2.0,0.0,7.0,0.0,0.0,0.0,9.0,0.0,1.0,0.0,5.0,1.0,0.0,0.0,0.0,0.0,0.0,2.0,2.0,2.0,0.0,1.0,0.0,3.0,1.0,1.0,1.0,0.0,0.0,0.0,0.0,0.0,0.0,0.0,0.0,0.0,0.0,1.0,0.0,0.0,0.0,0.0,0.0,0.0,0.0,0.0,1.0,0.0,0.0,0.0,0.0,0.0,0.0,0.0,0.0,0.0,0.0,0.0,0.0,0.0,0.0,0.0,1.0,0.0,0.0,0.0,0.0,0.0,0.0,0.0,0.0,0.0,0.0,0.0,0.0
0x25d8f027fd25eecbcd812521fb2f75f175807a91,1,0,1,561,123.0,22.0,152,66.0,570.0,89,40,416,336.0,13,2.0,3.0,1.0,53.0,12.0,35.0,328.0,79.0,114.0,63.0,180.0,176.0,180.0,50.0,366.0,24.0,144.0,70.0,22.0,5.0,16,1.0,45.0,5.0,8.0,1.0,1.0,21.0,7.0,45.0,30.0,4.0,2.0,0.0,0.0,1.0,40.0,4.0,9.0,15.0,5.0,25.0,1.0,1.0,3.0,4.0,6.0,2.0,1.0,2.0,0.0,1.0,110.0,1.0,2.0,2.0,0.0,1.0,9.0,0.0,7.0,0.0,0.0,1.0,9.0,0.0,0.0,0.0,4.0,1.0,0.0,0.0,1.0,0.0,0.0,2.0,1.0,2.0,0.0,1.0,1.0,3.0,1.0,1.0,2.0,0.0,0.0,0.0,0.0,0.0,0.0,0.0,0.0,0.0,0.0,1.0,0.0,0.0,0.0,0.0,0.0,0.0,0.0,0.0,1.0,0.0,0.0,1.0,1.0,0.0,1.0,0.0,0.0,0.0,0.0,0.0,0.0,1.0,0.0,0.0,0.0,0.0,0.0,0.0,0.0,0.0,0.0,0.0,0.0,0.0,0.0,0.0,0.0
0x1250b98cbde9f99f4c42dcdacee193221f17eb50,1,0,0,490,137.0,2.0,100,28.0,311.0,78,22,193,88.0,18,12.0,7.0,3.0,38.0,11.0,33.0,158.0,45.0,110.0,51.0,122.0,126.0,51.0,17.0,110.0,26.0,47.0,51.0,0.0,17.0,1,66.0,25.0,2.0,3.0,0.0,8.0,4.0,12.0,28.0,22.0,0.0,0.0,0.0,0.0,16.0,26.0,14.0,7.0,11.0,5.0,7.0,1.0,0.0,0.0,0.0,0.0,0.0,0.0,4.0,0.0,0.0,1.0,1.0,1.0,0.0,0.0,3.0,14.0,0.0,8.0,0.0,0.0,0.0,3.0,0.0,0.0,1.0,3.0,1.0,0.0,0.0,0.0,0.0,0.0,0.0,1.0,0.0,0.0,1.0,0.0,2.0,0.0,0.0,0.0,0.0,0.0,0.0,2.0,0.0,0.0,0.0,1.0,0.0,0.0,1.0,1.0,0.0,0.0,0.0,0.0,0.0,1.0,0.0,0.0,0.0,0.0,0.0,0.0,3.0,0.0,0.0,1.0,0.0,0.0,0.0,0.0,1.0,0.0,5.0,0.0,0.0,0.0,1.0,1.0,0.0,0.0,0.0,0.0,1.0,1.0,0.0,0.0
0x0414d8c87b271266a5864329fb4932bbe19c0c49,1,0,0,517,133.0,36.0,190,73.0,362.0,137,66,242,140.0,16,15.0,10.0,2.0,56.0,18.0,42.0,163.0,55.0,108.0,46.0,132.0,123.0,64.0,18.0,123.0,27.0,44.0,55.0,0.0,9.0,1,62.0,35.0,0.0,4.0,0.0,7.0,8.0,14.0,31.0,20.0,0.0,0.0,0.0,0.0,13.0,38.0,12.0,8.0,14.0,4.0,10.0,1.0,0.0,0.0,1.0,0.0,0.0,0.0,3.0,0.0,0.0,0.0,0.0,2.0,0.0,0.0,1.0,12.0,1.0,10.0,0.0,0.0,0.0,1.0,0.0,1.0,1.0,7.0,0.0,0.0,0.0,0.0,0.0,0.0,0.0,0.0,1.0,0.0,0.0,0.0,0.0,0.0,3.0,0.0,0.0,0.0,0.0,0.0,0.0,0.0,0.0,3.0,0.0,0.0,0.0,0.0,0.0,0.0,0.0,0.0,0.0,0.0,0.0,1.0,0.0,0.0,0.0,0.0,0.0,0.0,0.0,0.0,0.0,0.0,0.0,0.0,0.0,0.0,0.0,0.0,0.0,0.0,0.0,0.0,0.0,0.0,0.0,0.0,0.0,0.0,0.0,0.0
0x292f57c7fcd726ba651e46b620d99cc6afe0ec1c,0,1,1,644,127.0,27.0,218,85.0,722.0,131,55,562,493.0,19,19.0,8.0,1.0,38.0,19.0,35.0,432.0,92.0,176.0,100.0,245.0,217.0,207.0,61.0,388.0,42.0,94.0,91.0,22.0,8.0,19,2.0,42.0,4.0,27.0,2.0,1.0,23.0,10.0,58.0,21.0,0.0,0.0,0.0,0.0,0.0,44.0,2.0,5.0,12.0,4.0,23.0,1.0,0.0,0.0,0.0,6.0,0.0,0.0,1.0,0.0,0.0,74.0,0.0,1.0,0.0,0.0,0.0,2.0,0.0,11.0,0.0,0.0,0.0,9.0,0.0,0.0,1.0,8.0,0.0,0.0,0.0,0.0,0.0,0.0,1.0,0.0,1.0,1.0,2.0,1.0,5.0,2.0,1.0,1.0,0.0,0.0,0.0,1.0,0.0,0.0,0.0,6.0,0.0,0.0,0.0,0.0,0.0,0.0,0.0,0.0,0.0,1.0,0.0,1.0,0.0,0.0,0.0,0.0,0.0,0.0,0.0,0.0,0.0,1.0,0.0,0.0,0.0,0.0,0.0,0.0,0.0,0.0,0.0,0.0,0.0,0.0,0.0,0.0,0.0,0.0,0.0,0.0
0x9db8a10c7fe60d84397860b3af2e686d4f90c2b7,1,1,1,801,248.0,1.0,243,48.0,312.0,100,39,194,163.0,20,29.0,35.0,1.0,62.0,14.0,36.0,130.0,107.0,125.0,85.0,253.0,206.0,140.0,52.0,310.0,31.0,143.0,152.0,2.0,18.0,7,97.0,52.0,4.0,6.0,6.0,17.0,7.0,29.0,52.0,75.0,19.0,5.0,1.0,1.0,20.0,15.0,4.0,12.0,15.0,6.0,18.0,1.0,4.0,2.0,5.0,7.0,11.0,4.0,5.0,4.0,1.0,4.0,2.0,4.0,2.0,0.0,1.0,5.0,1.0,0.0,0.0,0.0,0.0,3.0,1.0,0.0,1.0,4.0,0.0,0.0,3.0,0.0,0.0,0.0,5.0,4.0,2.0,1.0,1.0,1.0,2.0,2.0,5.0,0.0,0.0,2.0,0.0,2.0,1.0,0.0,0.0,2.0,0.0,0.0,0.0,0.0,1.0,0.0,0.0,0.0,0.0,0.0,0.0,0.0,0.0,0.0,0.0,0.0,1.0,0.0,1.0,0.0,0.0,1.0,0.0,0.0,0.0,0.0,0.0,0.0,0.0,0.0,0.0,0.0,0.0,0.0,0.0,0.0,0.0,0.0,0.0,0.0
0xabe776435f7459e2f5ba773bfb753ed19a053dd0,0,0,0,356,100.0,1.0,184,48.0,161.0,49,19,111,172.0,9,16.0,16.0,1.0,23.0,6.0,22.0,67.0,69.0,53.0,35.0,145.0,148.0,102.0,31.0,190.0,7.0,99.0,61.0,11.0,5.0,13,0.0,24.0,0.0,12.0,0.0,0.0,14.0,2.0,17.0,22.0,8.0,1.0,0.0,0.0,0.0,16.0,1.0,1.0,5.0,4.0,0.0,1.0,2.0,0.0,4.0,4.0,4.0,2.0,3.0,4.0,1.0,77.0,0.0,1.0,1.0,0.0,0.0,4.0,0.0,0.0,1.0,0.0,0.0,4.0,0.0,0.0,0.0,2.0,0.0,0.0,0.0,0.0,0.0,0.0,1.0,1.0,0.0,0.0,0.0,0.0,0.0,0.0,1.0,0.0,1.0,1.0,0.0,0.0,0.0,0.0,0.0,0.0,0.0,1.0,0.0,0.0,1.0,0.0,0.0,0.0,1.0,0.0,0.0,0.0,0.0,0.0,0.0,0.0,0.0,0.0,0.0,0.0,1.0,1.0,0.0,0.0,0.0,0.0,0.0,0.0,0.0,0.0,0.0,0.0,0.0,0.0,0.0,0.0,0.0,0.0,0.0,0.0
0x8d07f605926837ea0f9e1e24dba0fb348cb3e97d,0,1,1,1515,266.0,2.0,409,209.0,32.0,287,110,691,430.0,31,37.0,30.0,1.0,153.0,41.0,101.0,538.0,153.0,246.0,153.0,359.0,327.0,216.0,92.0,484.0,79.0,201.0,180.0,6.0,45.0,2,200.0,158.0,10.0,20.0,11.0,21.0,11.0,26.0,67.0,26.0,3.0,2.0,0.0,1.0,1083.0,21.0,4.0,34.0,51.0,5.0,60.0,4.0,0.0,2.0,0.0,15.0,0.0,0.0,5.0,0.0,0.0,1.0,0.0,2.0,0.0,0.0,0.0,11.0,0.0,27.0,0.0,0.0,0.0,7.0,1.0,0.0,2.0,16.0,0.0,0.0,0.0,0.0,1.0,0.0,8.0,2.0,11.0,23.0,23.0,14.0,70.0,25.0,4.0,9.0,0.0,1.0,0.0,1.0,0.0,0.0,1.0,7.0,0.0,1.0,1.0,1.0,0.0,0.0,0.0,0.0,1.0,2.0,2.0,3.0,0.0,1.0,0.0,0.0,0.0,0.0,0.0,0.0,0.0,1.0,0.0,0.0,1.0,0.0,0.0,0.0,0.0,0.0,0.0,0.0,0.0,0.0,0.0,1.0,0.0,2.0,0.0,0.0
0x42269ac712372ac89a158ad5a32806c6b6782d66,0,1,0,1490,388.0,36.0,580,186.0,683.0,213,97,463,689.0,25,51.0,35.0,3.0,96.0,22.0,62.0,263.0,175.0,157.0,101.0,568.0,489.0,292.0,90.0,802.0,22.0,435.0,145.0,96.0,25.0,24,6.0,171.0,21.0,50.0,3.0,7.0,81.0,30.0,67.0,108.0,11.0,15.0,12.0,0.0,0.0,66.0,3.0,11.0,53.0,14.0,21.0,15.0,2.0,1.0,1.0,1.0,1.0,3.0,2.0,1.0,0.0,332.0,4.0,5.0,2.0,0.0,0.0,5.0,0.0,0.0,0.0,0.0,0.0,12.0,0.0,0.0,0.0,20.0,0.0,0.0,0.0,0.0,0.0,0.0,8.0,7.0,0.0,4.0,4.0,4.0,12.0,4.0,0.0,0.0,1.0,3.0,0.0,1.0,0.0,1.0,0.0,0.0,0.0,0.0,0.0,0.0,0.0,0.0,0.0,0.0,0.0,0.0,0.0,0.0,0.0,0.0,0.0,0.0,0.0,0.0,0.0,0.0,0.0,0.0,0.0,0.0,0.0,0.0,1.0,0.0,1.0,0.0,0.0,0.0,0.0,0.0,0.0,6.0,0.0,0.0,0.0,1.0
0xdf7ff95aa3d855a6fb21399432166a92fdcf1b1a,1,0,0,515,148.0,1.0,260,70.0,227.0,69,24,156,246.0,11,22.0,18.0,1.0,33.0,8.0,30.0,94.0,101.0,83.0,57.0,220.0,215.0,147.0,39.0,265.0,8.0,139.0,90.0,15.0,7.0,18,0.0,39.0,0.0,20.0,0.0,0.0,24.0,2.0,21.0,31.0,10.0,1.0,0.0,0.0,1.0,24.0,1.0,1.0,9.0,6.0,1.0,1.0,2.0,0.0,5.0,5.0,5.0,2.0,3.0,4.0,1.0,96.0,1.0,1.0,2.0,0.0,0.0,6.0,0.0,0.0,0.0,0.0,0.0,4.0,0.0,0.0,0.0,2.0,0.0,0.0,0.0,0.0,0.0,1.0,1.0,1.0,0.0,0.0,0.0,0.0,1.0,0.0,1.0,0.0,1.0,2.0,0.0,0.0,0.0,0.0,0.0,0.0,0.0,0.0,0.0,0.0,1.0,1.0,1.0,1.0,1.0,0.0,0.0,0.0,0.0,0.0,0.0,0.0,0.0,0.0,0.0,0.0,0.0,0.0,0.0,0.0,0.0,0.0,0.0,0.0,0.0,0.0,0.0,0.0,0.0,0.0,0.0,0.0,0.0,0.0,0.0,0.0
0x198376f921570e3cc547fd5c16e482cded8b4d1d,0,0,1,312,78.0,1.0,74,18.0,136.0,47,15,96,55.0,6,5.0,4.0,2.0,25.0,6.0,22.0,68.0,26.0,57.0,23.0,58.0,74.0,34.0,17.0,74.0,12.0,40.0,38.0,0.0,5.0,1,43.0,29.0,0.0,2.0,0.0,5.0,2.0,8.0,19.0,11.0,0.0,0.0,0.0,0.0,9.0,11.0,7.0,2.0,8.0,2.0,4.0,1.0,0.0,1.0,0.0,0.0,0.0,0.0,3.0,0.0,0.0,0.0,0.0,0.0,0.0,0.0,0.0,3.0,0.0,6.0,0.0,0.0,0.0,3.0,0.0,0.0,1.0,3.0,0.0,0.0,0.0,0.0,0.0,0.0,0.0,0.0,0.0,0.0,1.0,0.0,3.0,1.0,0.0,1.0,0.0,1.0,0.0,0.0,0.0,0.0,0.0,1.0,0.0,0.0,1.0,1.0,0.0,0.0,0.0,0.0,0.0,0.0,0.0,0.0,0.0,1.0,0.0,0.0,0.0,0.0,0.0,0.0,0.0,0.0,0.0,0.0,0.0,0.0,0.0,0.0,0.0,0.0,0.0,0.0,1.0,0.0,0.0,0.0,0.0,0.0,0.0,0.0
0x9d52414c4cc1fb8e7864a9b59495f430f8e5de44,0,0,0,1,0.0,0.0,1,0.0,0.0,1,1,1,0.0,2,0.0,0.0,0.0,0.0,0.0,0.0,0.0,0.0,1.0,0.0,0.0,0.0,1.0,0.0,1.0,0.0,0.0,0.0,0.0,0.0,1,0.0,0.0,0.0,0.0,0.0,0.0,0.0,0.0,0.0,0.0,0.0,0.0,0.0,0.0,0.0,0.0,0.0,0.0,0.0,0.0,0.0,0.0,0.0,0.0,0.0,0.0,0.0,0.0,0.0,0.0,0.0,1.0,0.0,0.0,0.0,0.0,0.0,0.0,0.0,0.0,0.0,0.0,0.0,0.0,0.0,0.0,0.0,0.0,0.0,0.0,0.0,0.0,0.0,0.0,0.0,0.0,0.0,0.0,1.0,0.0,8.0,1.0,0.0,0.0,0.0,0.0,0.0,0.0,0.0,0.0,0.0,0.0,0.0,0.0,0.0,0.0,0.0,0.0,0.0,0.0,0.0,1.0,0.0,0.0,0.0,0.0,0.0,0.0,0.0,0.0,0.0,0.0,0.0,0.0,0.0,0.0,0.0,0.0,0.0,1.0,0.0,0.0,0.0,0.0,0.0,0.0,0.0,0.0,0.0,0.0,0.0,0.0
0x50c6ec50a89a946c5886aeb54a22fe732558f7d1,0,1,0,665,158.0,1.0,306,65.0,347.0,107,45,250,386.0,13,38.0,25.0,1.0,87.0,17.0,36.0,149.0,118.0,111.0,69.0,270.0,284.0,177.0,49.0,413.0,29.0,142.0,83.0,24.0,10.0,15,6.0,97.0,3.0,22.0,0.0,2.0,19.0,7.0,34.0,26.0,6.0,0.0,0.0,0.0,0.0,34.0,14.0,15.0,28.0,5.0,15.0,12.0,1.0,14.0,1.0,4.0,2.0,1.0,9.0,0.0,1.0,83.0,1.0,0.0,0.0,0.0,0.0,16.0,0.0,0.0,1.0,1.0,0.0,12.0,1.0,0.0,0.0,8.0,0.0,1.0,0.0,1.0,0.0,0.0,0.0,0.0,1.0,5.0,5.0,1.0,15.0,5.0,0.0,4.0,1.0,0.0,0.0,2.0,0.0,0.0,1.0,0.0,1.0,0.0,0.0,0.0,0.0,2.0,0.0,0.0,0.0,0.0,0.0,0.0,0.0,0.0,0.0,1.0,1.0,0.0,0.0,0.0,0.0,0.0,0.0,4.0,0.0,0.0,0.0,0.0,0.0,0.0,0.0,0.0,0.0,0.0,0.0,0.0,0.0,0.0,0.0,0.0
0xde9e52f1838951e4d2bb6c59723b003c353979b6,1,0,0,579,171.0,1.0,283,54.0,227.0,73,33,164,283.0,16,22.0,32.0,1.0,39.0,7.0,37.0,97.0,107.0,87.0,57.0,241.0,242.0,156.0,51.0,305.0,11.0,148.0,93.0,15.0,6.0,17,3.0,36.0,3.0,14.0,1.0,1.0,17.0,4.0,24.0,40.0,13.0,4.0,1.0,0.0,4.0,30.0,16.0,5.0,11.0,6.0,3.0,1.0,3.0,6.0,6.0,8.0,7.0,2.0,3.0,2.0,2.0,121.0,2.0,1.0,3.0,0.0,0.0,3.0,0.0,0.0,0.0,0.0,0.0,9.0,0.0,0.0,0.0,3.0,0.0,0.0,0.0,1.0,0.0,1.0,3.0,1.0,1.0,0.0,1.0,1.0,2.0,1.0,1.0,0.0,0.0,3.0,0.0,2.0,0.0,0.0,0.0,0.0,0.0,0.0,0.0,0.0,0.0,0.0,0.0,0.0,1.0,0.0,0.0,0.0,0.0,0.0,1.0,0.0,0.0,1.0,0.0,0.0,0.0,0.0,0.0,0.0,0.0,0.0,0.0,0.0,0.0,0.0,0.0,1.0,0.0,0.0,0.0,1.0,0.0,0.0,0.0,0.0
0xe1a0ce8b94c6a5e4791401086763d7bd0a6c18f5,0,0,0,264,77.0,1.0,91,20.0,116.0,36,15,72,65.0,8,13.0,15.0,1.0,12.0,3.0,11.0,47.0,37.0,48.0,33.0,95.0,78.0,54.0,18.0,103.0,8.0,40.0,54.0,2.0,4.0,4,27.0,14.0,2.0,6.0,2.0,9.0,6.0,14.0,18.0,20.0,7.0,2.0,1.0,1.0,6.0,3.0,2.0,2.0,3.0,2.0,1.0,1.0,3.0,3.0,3.0,4.0,4.0,2.0,2.0,4.0,1.0,2.0,1.0,3.0,1.0,0.0,0.0,3.0,0.0,0.0,0.0,0.0,0.0,0.0,0.0,0.0,0.0,0.0,0.0,0.0,0.0,0.0,0.0,0.0,0.0,0.0,0.0,0.0,0.0,0.0,0.0,0.0,0.0,0.0,0.0,0.0,0.0,1.0,0.0,0.0,0.0,2.0,0.0,0.0,0.0,0.0,0.0,0.0,0.0,0.0,0.0,0.0,0.0,0.0,0.0,0.0,0.0,0.0,1.0,0.0,0.0,0.0,0.0,0.0,0.0,0.0,0.0,0.0,0.0,0.0,0.0,0.0,0.0,0.0,0.0,0.0,0.0,0.0,0.0,0.0,0.0,0.0
0x85aa3f04e539e426cbb55c0d584ea99cfe1d96a1,0,0,0,1316,250.0,43.0,348,164.0,606.0,218,93,385,255.0,26,14.0,16.0,2.0,83.0,15.0,83.0,251.0,110.0,126.0,80.0,218.0,181.0,156.0,57.0,336.0,39.0,188.0,163.0,2.0,24.0,1,191.0,172.0,4.0,6.0,3.0,15.0,13.0,15.0,53.0,46.0,9.0,1.0,0.0,1.0,34.0,24.0,33.0,17.0,50.0,6.0,21.0,1.0,2.0,2.0,2.0,13.0,2.0,1.0,3.0,0.0,0.0,2.0,0.0,1.0,1.0,0.0,0.0,13.0,0.0,11.0,2.0,0.0,0.0,2.0,0.0,0.0,0.0,13.0,1.0,0.0,1.0,0.0,0.0,0.0,1.0,0.0,3.0,12.0,13.0,4.0,25.0,10.0,2.0,9.0,0.0,0.0,0.0,0.0,0.0,1.0,0.0,1.0,0.0,0.0,0.0,0.0,2.0,0.0,0.0,0.0,0.0,1.0,0.0,0.0,0.0,0.0,0.0,0.0,0.0,0.0,0.0,0.0,0.0,1.0,1.0,0.0,0.0,0.0,1.0,0.0,0.0,0.0,0.0,0.0,0.0,0.0,0.0,0.0,0.0,0.0,0.0,0.0
0xe4182e57eeb29fbc2b3469e45c9e385cea8995ab,0,0,0,1116,301.0,2.0,343,115.0,314.0,145,67,254,280.0,18,41.0,34.0,7.0,86.0,20.0,36.0,148.0,153.0,152.0,124.0,329.0,277.0,185.0,86.0,401.0,41.0,201.0,193.0,6.0,29.0,8,143.0,75.0,6.0,7.0,7.0,13.0,13.0,34.0,77.0,79.0,15.0,6.0,1.0,1.0,87.0,20.0,4.0,19.0,25.0,6.0,33.0,2.0,6.0,4.0,5.0,6.0,10.0,4.0,4.0,5.0,1.0,1.0,2.0,4.0,0.0,0.0,1.0,8.0,3.0,0.0,0.0,0.0,0.0,3.0,1.0,0.0,2.0,14.0,0.0,0.0,2.0,0.0,0.0,2.0,7.0,5.0,3.0,10.0,11.0,7.0,33.0,11.0,5.0,4.0,2.0,1.0,2.0,2.0,1.0,1.0,1.0,0.0,0.0,0.0,0.0,0.0,0.0,0.0,0.0,0.0,0.0,0.0,0.0,0.0,0.0,0.0,0.0,0.0,0.0,0.0,0.0,0.0,0.0,0.0,0.0,0.0,0.0,0.0,0.0,0.0,0.0,0.0,0.0,0.0,0.0,0.0,0.0,0.0,0.0,0.0,0.0,0.0
0xf0b692ace03ffb689628e68d4919f91723d1c5a2,0,0,0,386,104.0,2.0,84,35.0,129.0,62,25,145,132.0,9,14.0,4.0,8.0,21.0,16.0,16.0,103.0,44.0,91.0,42.0,102.0,122.0,41.0,23.0,95.0,33.0,37.0,42.0,0.0,11.0,3,49.0,14.0,5.0,3.0,4.0,9.0,2.0,9.0,30.0,15.0,2.0,6.0,1.0,0.0,87.0,13.0,8.0,8.0,10.0,3.0,14.0,2.0,4.0,0.0,0.0,1.0,0.0,0.0,3.0,0.0,1.0,0.0,0.0,1.0,0.0,0.0,0.0,25.0,0.0,8.0,0.0,0.0,0.0,324.0,0.0,1.0,1.0,2.0,0.0,1.0,1.0,1.0,1.0,1.0,6.0,2.0,3.0,1.0,3.0,0.0,2.0,4.0,0.0,1.0,0.0,0.0,0.0,1.0,1.0,0.0,0.0,0.0,1.0,1.0,0.0,0.0,0.0,0.0,0.0,0.0,0.0,0.0,0.0,1.0,0.0,1.0,1.0,1.0,2.0,3.0,3.0,1.0,0.0,0.0,0.0,0.0,0.0,0.0,0.0,0.0,0.0,0.0,0.0,0.0,0.0,0.0,0.0,0.0,0.0,0.0,0.0,0.0
0xaaf8c293ed36989d1871d2310b2845450d885673,0,0,0,351,97.0,2.0,83,41.0,127.0,64,21,142,119.0,8,16.0,4.0,5.0,18.0,17.0,17.0,105.0,36.0,87.0,43.0,92.0,99.0,48.0,29.0,101.0,28.0,34.0,33.0,3.0,7.0,2,42.0,16.0,4.0,8.0,5.0,5.0,6.0,18.0,31.0,18.0,2.0,2.0,0.0,1.0,91.0,10.0,8.0,9.0,12.0,3.0,9.0,3.0,0.0,0.0,0.0,0.0,0.0,0.0,4.0,0.0,0.0,0.0,1.0,1.0,0.0,0.0,0.0,18.0,0.0,8.0,0.0,0.0,1.0,189.0,1.0,0.0,1.0,3.0,0.0,1.0,0.0,0.0,0.0,0.0,3.0,1.0,3.0,0.0,0.0,0.0,2.0,1.0,0.0,1.0,0.0,0.0,1.0,1.0,0.0,0.0,0.0,1.0,0.0,0.0,3.0,0.0,0.0,0.0,0.0,0.0,1.0,0.0,0.0,1.0,1.0,1.0,0.0,1.0,0.0,0.0,3.0,1.0,0.0,0.0,0.0,1.0,1.0,0.0,0.0,0.0,0.0,0.0,0.0,0.0,0.0,1.0,0.0,0.0,0.0,0.0,0.0,0.0
0x4165084a6e5388ce53c9d9892f904a2712dd943a,0,0,1,744,235.0,1.0,158,40.0,358.0,97,26,224,137.0,19,9.0,11.0,2.0,76.0,18.0,44.0,177.0,60.0,108.0,79.0,183.0,171.0,109.0,45.0,238.0,33.0,123.0,83.0,0.0,12.0,1,95.0,56.0,4.0,2.0,6.0,12.0,4.0,28.0,65.0,61.0,4.0,6.0,0.0,1.0,18.0,22.0,12.0,15.0,15.0,4.0,8.0,1.0,1.0,3.0,2.0,2.0,1.0,2.0,3.0,0.0,0.0,3.0,1.0,3.0,2.0,0.0,1.0,5.0,1.0,7.0,0.0,0.0,0.0,1.0,0.0,0.0,1.0,6.0,0.0,0.0,0.0,0.0,0.0,0.0,2.0,2.0,0.0,0.0,1.0,1.0,3.0,1.0,1.0,0.0,1.0,0.0,0.0,0.0,2.0,5.0,0.0,0.0,0.0,0.0,0.0,0.0,0.0,0.0,0.0,0.0,0.0,0.0,1.0,1.0,0.0,0.0,0.0,0.0,0.0,0.0,0.0,0.0,0.0,1.0,0.0,0.0,0.0,1.0,1.0,0.0,0.0,0.0,0.0,0.0,0.0,0.0,0.0,0.0,0.0,0.0,0.0,0.0
0x91383a15c391c142b80045d8b4730c1c37ac0378,0,0,0,178,32.0,4.0,104,24.0,134.0,41,21,102,120.0,7,7.0,6.0,6.0,7.0,11.0,17.0,61.0,40.0,39.0,27.0,60.0,58.0,45.0,13.0,66.0,4.0,34.0,28.0,2.0,4.0,4,13.0,2.0,0.0,2.0,0.0,0.0,0.0,3.0,9.0,6.0,8.0,0.0,0.0,0.0,0.0,17.0,7.0,1.0,4.0,0.0,1.0,4.0,1.0,2.0,0.0,1.0,1.0,0.0,6.0,2.0,0.0,29.0,1.0,1.0,3.0,0.0,0.0,14.0,0.0,0.0,0.0,0.0,1.0,63.0,0.0,0.0,1.0,5.0,1.0,0.0,0.0,0.0,0.0,0.0,1.0,1.0,0.0,2.0,4.0,1.0,11.0,3.0,0.0,0.0,0.0,0.0,0.0,3.0,0.0,0.0,0.0,0.0,1.0,0.0,0.0,1.0,1.0,0.0,0.0,0.0,0.0,2.0,1.0,0.0,1.0,2.0,0.0,1.0,0.0,0.0,0.0,1.0,0.0,0.0,0.0,0.0,0.0,0.0,0.0,3.0,0.0,1.0,2.0,0.0,0.0,0.0,0.0,0.0,0.0,0.0,0.0,0.0
0x16dfb898cf7029303c2376031392cb9bac450f94,0,0,0,371,80.0,1.0,96,33.0,385.0,53,22,298,279.0,8,11.0,3.0,1.0,21.0,6.0,15.0,244.0,62.0,119.0,55.0,129.0,133.0,144.0,43.0,226.0,27.0,54.0,60.0,6.0,5.0,11,4.0,23.0,0.0,5.0,0.0,0.0,13.0,3.0,38.0,11.0,0.0,0.0,0.0,0.0,0.0,31.0,6.0,3.0,3.0,2.0,19.0,1.0,0.0,0.0,0.0,0.0,0.0,0.0,1.0,0.0,0.0,39.0,0.0,1.0,0.0,0.0,0.0,3.0,0.0,7.0,0.0,0.0,0.0,1.0,0.0,0.0,1.0,0.0,0.0,0.0,0.0,0.0,0.0,0.0,1.0,0.0,0.0,0.0,4.0,4.0,12.0,4.0,0.0,0.0,0.0,0.0,0.0,0.0,0.0,0.0,0.0,0.0,0.0,0.0,0.0,0.0,0.0,0.0,0.0,0.0,0.0,0.0,0.0,0.0,0.0,0.0,0.0,0.0,0.0,0.0,0.0,0.0,0.0,0.0,1.0,0.0,0.0,0.0,0.0,0.0,0.0,0.0,0.0,0.0,0.0,0.0,0.0,0.0,0.0,0.0,0.0,0.0
0x17e65e6b9b166fb8e7c59432f0db126711246bc0,0,0,0,1079,267.0,2.0,187,78.0,473.0,136,25,316,202.0,19,22.0,6.0,3.0,53.0,20.0,60.0,259.0,81.0,167.0,77.0,219.0,177.0,150.0,53.0,335.0,30.0,142.0,115.0,1.0,26.0,2,141.0,151.0,9.0,6.0,6.0,18.0,6.0,25.0,51.0,61.0,5.0,2.0,2.0,0.0,81.0,30.0,21.0,7.0,55.0,6.0,12.0,2.0,1.0,0.0,0.0,1.0,0.0,0.0,1.0,0.0,0.0,0.0,0.0,1.0,1.0,1.0,0.0,12.0,0.0,7.0,2.0,2.0,0.0,1.0,1.0,1.0,5.0,17.0,0.0,0.0,2.0,0.0,0.0,0.0,6.0,1.0,1.0,0.0,1.0,0.0,2.0,1.0,0.0,2.0,0.0,0.0,0.0,0.0,1.0,1.0,0.0,0.0,0.0,2.0,0.0,0.0,1.0,0.0,2.0,1.0,0.0,1.0,0.0,1.0,0.0,0.0,0.0,0.0,0.0,0.0,0.0,0.0,0.0,0.0,0.0,0.0,0.0,0.0,0.0,0.0,0.0,0.0,0.0,0.0,0.0,1.0,0.0,0.0,0.0,0.0,0.0,0.0
0xec4cb1148ec60e00a6bfcfce4482db724db6bdde,0,0,0,472,136.0,1.0,242,52.0,209.0,65,21,144,224.0,10,20.0,17.0,1.0,30.0,8.0,27.0,86.0,93.0,76.0,55.0,199.0,199.0,135.0,39.0,240.0,7.0,122.0,83.0,14.0,7.0,17,0.0,35.0,0.0,20.0,0.0,0.0,23.0,2.0,20.0,29.0,10.0,1.0,0.0,0.0,2.0,19.0,1.0,1.0,7.0,5.0,1.0,1.0,3.0,4.0,5.0,4.0,4.0,2.0,2.0,2.0,1.0,84.0,3.0,1.0,2.0,0.0,0.0,4.0,0.0,0.0,0.0,0.0,0.0,2.0,0.0,0.0,0.0,2.0,0.0,0.0,0.0,0.0,0.0,0.0,1.0,1.0,0.0,0.0,0.0,0.0,0.0,0.0,0.0,0.0,1.0,2.0,0.0,1.0,0.0,0.0,1.0,0.0,0.0,0.0,0.0,0.0,0.0,0.0,1.0,0.0,0.0,0.0,0.0,0.0,0.0,0.0,0.0,0.0,0.0,0.0,0.0,0.0,0.0,0.0,0.0,0.0,0.0,0.0,0.0,0.0,0.0,0.0,0.0,0.0,0.0,0.0,0.0,1.0,0.0,0.0,0.0,0.0
0x6b5e9e55921e5e412cf1002599c05d4428cf50c5,0,0,0,266,87.0,1.0,69,18.0,134.0,38,13,92,80.0,8,7.0,4.0,2.0,17.0,3.0,16.0,69.0,28.0,59.0,21.0,67.0,82.0,37.0,17.0,60.0,26.0,23.0,27.0,0.0,3.0,1,33.0,11.0,0.0,2.0,0.0,8.0,2.0,9.0,20.0,10.0,0.0,0.0,0.0,0.0,8.0,10.0,6.0,3.0,3.0,2.0,6.0,1.0,0.0,0.0,0.0,0.0,0.0,0.0,4.0,0.0,0.0,0.0,0.0,3.0,2.0,0.0,0.0,5.0,0.0,6.0,0.0,0.0,0.0,2.0,0.0,0.0,1.0,0.0,0.0,0.0,0.0,0.0,0.0,0.0,1.0,0.0,0.0,0.0,1.0,2.0,3.0,1.0,0.0,0.0,0.0,0.0,1.0,0.0,0.0,0.0,0.0,2.0,0.0,0.0,1.0,0.0,0.0,0.0,0.0,0.0,0.0,0.0,0.0,0.0,0.0,0.0,0.0,0.0,0.0,0.0,0.0,0.0,0.0,0.0,0.0,0.0,0.0,0.0,0.0,0.0,0.0,0.0,0.0,0.0,0.0,0.0,0.0,0.0,0.0,0.0,0.0,0.0
0xa942890d7fc60f0d4a516f63dd273dcde72ae6c9,1,0,1,860,157.0,40.0,352,116.0,917.0,195,95,677,550.0,30,26.0,7.0,4.0,49.0,20.0,81.0,490.0,142.0,164.0,98.0,259.0,241.0,303.0,86.0,550.0,35.0,161.0,126.0,33.0,7.0,33,4.0,73.0,6.0,18.0,1.0,0.0,35.0,12.0,50.0,33.0,0.0,0.0,0.0,0.0,0.0,58.0,2.0,10.0,14.0,3.0,42.0,2.0,1.0,1.0,0.0,2.0,0.0,0.0,1.0,0.0,0.0,137.0,0.0,0.0,0.0,0.0,0.0,13.0,0.0,13.0,0.0,0.0,0.0,8.0,1.0,0.0,1.0,4.0,0.0,0.0,0.0,0.0,0.0,0.0,0.0,0.0,0.0,1.0,1.0,1.0,3.0,1.0,3.0,0.0,0.0,0.0,0.0,0.0,0.0,1.0,0.0,3.0,0.0,0.0,0.0,0.0,0.0,0.0,0.0,0.0,0.0,0.0,0.0,1.0,0.0,0.0,0.0,0.0,0.0,1.0,1.0,1.0,0.0,0.0,0.0,0.0,0.0,0.0,0.0,0.0,0.0,0.0,1.0,0.0,0.0,0.0,0.0,0.0,0.0,0.0,0.0,0.0
0x797885c0a6cfffcbc4d2e3c1ca0b4f07112db6a3,0,0,1,764,187.0,26.0,207,84.0,325.0,131,53,220,193.0,9,7.0,9.0,1.0,45.0,18.0,40.0,143.0,68.0,107.0,58.0,156.0,143.0,83.0,38.0,209.0,36.0,102.0,76.0,1.0,17.0,1,104.0,77.0,7.0,5.0,4.0,6.0,12.0,27.0,33.0,35.0,0.0,0.0,0.0,0.0,19.0,13.0,11.0,13.0,17.0,4.0,39.0,1.0,0.0,0.0,0.0,8.0,0.0,0.0,4.0,0.0,2.0,5.0,0.0,1.0,0.0,0.0,0.0,8.0,0.0,7.0,0.0,0.0,0.0,2.0,0.0,0.0,1.0,6.0,1.0,0.0,0.0,0.0,0.0,0.0,3.0,1.0,4.0,1.0,6.0,3.0,21.0,8.0,2.0,5.0,0.0,0.0,0.0,0.0,0.0,1.0,0.0,0.0,4.0,0.0,0.0,0.0,1.0,0.0,0.0,0.0,0.0,1.0,0.0,1.0,0.0,1.0,0.0,0.0,0.0,0.0,0.0,0.0,0.0,1.0,0.0,0.0,0.0,0.0,0.0,0.0,0.0,0.0,0.0,0.0,0.0,0.0,0.0,0.0,0.0,0.0,0.0,0.0
0xb504035a11e672e12a099f32b1672b9c4a78b22f,0,0,0,336,133.0,16.0,121,42.0,215.0,76,31,149,111.0,12,9.0,5.0,2.0,20.0,5.0,22.0,104.0,51.0,92.0,45.0,96.0,120.0,58.0,20.0,100.0,24.0,40.0,23.0,0.0,2.0,1,15.0,18.0,2.0,3.0,0.0,7.0,2.0,9.0,28.0,18.0,0.0,0.0,1.0,0.0,15.0,37.0,10.0,11.0,6.0,4.0,15.0,1.0,0.0,0.0,0.0,1.0,0.0,0.0,1.0,0.0,0.0,26.0,0.0,0.0,0.0,0.0,0.0,4.0,0.0,8.0,0.0,0.0,0.0,7.0,0.0,0.0,1.0,2.0,1.0,0.0,0.0,0.0,0.0,0.0,1.0,0.0,1.0,1.0,3.0,1.0,9.0,3.0,0.0,2.0,0.0,0.0,0.0,1.0,0.0,1.0,0.0,0.0,3.0,0.0,0.0,1.0,0.0,0.0,0.0,0.0,0.0,0.0,0.0,1.0,0.0,0.0,0.0,0.0,0.0,0.0,0.0,0.0,0.0,0.0,0.0,1.0,0.0,0.0,0.0,0.0,0.0,0.0,0.0,0.0,0.0,0.0,0.0,0.0,0.0,0.0,0.0,0.0
0xd28c8ff18f811e5fcd9b5b07889a343da8fd6502,0,0,0,336,133.0,16.0,121,43.0,215.0,76,31,149,110.0,12,9.0,5.0,2.0,20.0,5.0,22.0,104.0,51.0,91.0,45.0,96.0,120.0,58.0,20.0,100.0,24.0,40.0,23.0,0.0,2.0,1,15.0,18.0,2.0,3.0,0.0,7.0,2.0,9.0,28.0,18.0,0.0,0.0,0.0,0.0,15.0,37.0,10.0,11.0,6.0,4.0,15.0,1.0,1.0,0.0,0.0,1.0,0.0,1.0,2.0,0.0,0.0,26.0,0.0,0.0,0.0,1.0,0.0,5.0,0.0,8.0,0.0,0.0,0.0,8.0,0.0,0.0,1.0,2.0,0.0,0.0,0.0,0.0,0.0,0.0,0.0,0.0,1.0,1.0,2.0,1.0,9.0,3.0,0.0,2.0,0.0,0.0,0.0,0.0,0.0,0.0,0.0,0.0,3.0,0.0,1.0,1.0,0.0,0.0,0.0,1.0,0.0,0.0,0.0,1.0,0.0,0.0,0.0,0.0,0.0,0.0,0.0,0.0,0.0,0.0,0.0,1.0,0.0,0.0,0.0,0.0,0.0,0.0,0.0,0.0,0.0,0.0,0.0,0.0,0.0,0.0,0.0,0.0
0xa7cd93ed3133d82781cc17460fe1500b69a1b514,0,0,0,261,77.0,2.0,70,26.0,137.0,42,15,97,84.0,8,7.0,4.0,2.0,18.0,4.0,14.0,71.0,27.0,56.0,25.0,59.0,72.0,33.0,13.0,66.0,18.0,21.0,27.0,0.0,4.0,1,29.0,10.0,2.0,4.0,2.0,5.0,2.0,9.0,20.0,11.0,0.0,0.0,0.0,0.0,6.0,9.0,6.0,4.0,4.0,3.0,5.0,1.0,0.0,1.0,0.0,0.0,0.0,0.0,6.0,0.0,0.0,1.0,0.0,2.0,0.0,0.0,0.0,7.0,0.0,6.0,0.0,0.0,0.0,2.0,0.0,0.0,1.0,0.0,1.0,0.0,0.0,1.0,0.0,0.0,4.0,0.0,1.0,1.0,2.0,0.0,3.0,1.0,0.0,1.0,0.0,0.0,0.0,0.0,0.0,0.0,0.0,0.0,0.0,0.0,1.0,0.0,0.0,0.0,0.0,0.0,0.0,0.0,0.0,0.0,0.0,0.0,0.0,0.0,0.0,0.0,0.0,0.0,0.0,0.0,0.0,0.0,1.0,0.0,0.0,0.0,0.0,0.0,0.0,0.0,0.0,0.0,0.0,1.0,0.0,1.0,0.0,0.0
0xd217dc0cab1c952a7ce6f4d7ca4549cde1f37bb0,1,0,1,1050,247.0,1.0,333,78.0,459.0,148,73,280,243.0,27,41.0,56.0,1.0,73.0,22.0,50.0,186.0,142.0,161.0,114.0,327.0,280.0,158.0,42.0,334.0,26.0,140.0,188.0,4.0,15.0,5,129.0,56.0,3.0,12.0,7.0,20.0,15.0,25.0,58.0,61.0,28.0,1.0,1.0,1.0,31.0,17.0,2.0,11.0,19.0,6.0,7.0,5.0,4.0,4.0,3.0,3.0,5.0,4.0,8.0,7.0,2.0,5.0,4.0,10.0,3.0,0.0,2.0,6.0,0.0,0.0,0.0,0.0,0.0,3.0,2.0,0.0,0.0,6.0,2.0,0.0,2.0,0.0,0.0,2.0,1.0,0.0,0.0,3.0,3.0,0.0,9.0,3.0,0.0,4.0,0.0,3.0,0.0,4.0,0.0,0.0,1.0,3.0,0.0,0.0,0.0,0.0,2.0,0.0,0.0,0.0,0.0,3.0,0.0,0.0,0.0,0.0,0.0,0.0,0.0,0.0,2.0,1.0,0.0,0.0,1.0,0.0,0.0,0.0,0.0,0.0,0.0,0.0,0.0,0.0,0.0,0.0,0.0,0.0,0.0,0.0,0.0,0.0
0xb131f4a55907b10d1f0a50d8ab8fa09ec342cd74,0,0,0,496,152.0,1.0,105,27.0,262.0,71,19,171,143.0,13,9.0,9.0,2.0,28.0,13.0,30.0,137.0,52.0,97.0,44.0,120.0,155.0,58.0,34.0,122.0,25.0,43.0,58.0,0.0,5.0,1,58.0,22.0,11.0,4.0,5.0,14.0,4.0,13.0,27.0,16.0,0.0,6.0,1.0,0.0,16.0,28.0,7.0,22.0,6.0,3.0,11.0,1.0,0.0,0.0,0.0,3.0,0.0,0.0,3.0,0.0,0.0,0.0,0.0,2.0,0.0,0.0,0.0,9.0,3.0,6.0,0.0,2.0,0.0,2.0,0.0,0.0,1.0,2.0,1.0,0.0,0.0,0.0,0.0,0.0,4.0,0.0,7.0,0.0,1.0,1.0,2.0,1.0,1.0,0.0,0.0,0.0,0.0,0.0,0.0,0.0,0.0,1.0,0.0,0.0,1.0,0.0,0.0,0.0,1.0,0.0,0.0,1.0,2.0,3.0,0.0,0.0,0.0,0.0,0.0,0.0,1.0,0.0,0.0,0.0,0.0,0.0,0.0,1.0,0.0,0.0,0.0,1.0,1.0,0.0,1.0,0.0,0.0,0.0,0.0,0.0,0.0,0.0
0x548c9731ae163a73a28916eeb11717fe446dab54,1,0,0,433,91.0,2.0,113,39.0,450.0,79,18,345,301.0,11,12.0,3.0,2.0,22.0,13.0,36.0,274.0,60.0,112.0,54.0,161.0,145.0,156.0,47.0,280.0,30.0,102.0,60.0,14.0,3.0,14,3.0,31.0,1.0,10.0,0.0,3.0,19.0,5.0,53.0,21.0,0.0,0.0,0.0,0.0,1.0,31.0,13.0,3.0,8.0,4.0,15.0,1.0,0.0,0.0,0.0,1.0,0.0,0.0,2.0,0.0,0.0,93.0,0.0,0.0,0.0,0.0,0.0,9.0,0.0,7.0,0.0,0.0,0.0,3.0,0.0,0.0,1.0,3.0,0.0,0.0,0.0,0.0,0.0,1.0,0.0,0.0,1.0,0.0,1.0,1.0,3.0,1.0,0.0,0.0,0.0,0.0,0.0,0.0,0.0,0.0,0.0,0.0,0.0,0.0,0.0,0.0,0.0,0.0,1.0,0.0,0.0,0.0,0.0,0.0,0.0,0.0,0.0,0.0,0.0,0.0,0.0,1.0,0.0,0.0,0.0,0.0,1.0,0.0,0.0,0.0,0.0,0.0,1.0,0.0,0.0,0.0,0.0,0.0,0.0,0.0,0.0,0.0
0x8b2e68075a06959e3e35aa0e451a13e099e41b23,1,0,0,556,115.0,1.0,156,68.0,480.0,83,36,359,342.0,14,8.0,3.0,1.0,38.0,7.0,39.0,279.0,78.0,120.0,58.0,191.0,176.0,143.0,54.0,322.0,28.0,146.0,63.0,29.0,11.0,12,7.0,48.0,2.0,6.0,0.0,2.0,26.0,8.0,40.0,28.0,0.0,0.0,0.0,0.0,0.0,30.0,5.0,8.0,17.0,2.0,21.0,1.0,0.0,0.0,0.0,0.0,0.0,0.0,2.0,0.0,0.0,120.0,0.0,0.0,0.0,0.0,0.0,4.0,0.0,9.0,0.0,0.0,0.0,10.0,0.0,0.0,1.0,3.0,0.0,0.0,0.0,0.0,0.0,0.0,1.0,0.0,0.0,7.0,7.0,6.0,20.0,7.0,0.0,1.0,0.0,0.0,0.0,0.0,0.0,0.0,5.0,0.0,0.0,0.0,1.0,0.0,0.0,0.0,0.0,1.0,0.0,0.0,0.0,0.0,0.0,0.0,0.0,0.0,0.0,0.0,0.0,0.0,0.0,0.0,0.0,1.0,1.0,0.0,0.0,0.0,0.0,0.0,0.0,0.0,0.0,0.0,0.0,0.0,0.0,0.0,0.0,0.0
0x1c5ee1ffebec5f3e1686e8e59d43f96a3c702b7f,0,0,0,239,75.0,1.0,56,16.0,129.0,36,13,88,63.0,8,7.0,5.0,2.0,17.0,3.0,14.0,67.0,24.0,59.0,20.0,60.0,72.0,30.0,14.0,61.0,26.0,23.0,28.0,0.0,3.0,1,29.0,11.0,0.0,2.0,0.0,7.0,2.0,8.0,22.0,11.0,0.0,0.0,0.0,0.0,8.0,10.0,6.0,1.0,4.0,2.0,6.0,1.0,0.0,0.0,0.0,0.0,0.0,0.0,5.0,0.0,0.0,0.0,0.0,1.0,0.0,0.0,0.0,7.0,0.0,6.0,0.0,0.0,0.0,2.0,1.0,0.0,1.0,0.0,0.0,0.0,1.0,0.0,0.0,0.0,0.0,0.0,0.0,0.0,1.0,2.0,3.0,1.0,0.0,0.0,0.0,0.0,0.0,0.0,0.0,0.0,0.0,0.0,0.0,0.0,1.0,0.0,0.0,0.0,0.0,0.0,0.0,0.0,0.0,0.0,0.0,0.0,0.0,0.0,0.0,0.0,0.0,0.0,0.0,0.0,0.0,0.0,1.0,1.0,0.0,0.0,0.0,0.0,0.0,0.0,0.0,0.0,0.0,1.0,0.0,0.0,0.0,0.0
0x108d0f1fc10ed324f8cc65d0a91cad11cd4994a4,0,1,0,1523,366.0,68.0,455,217.0,780.0,293,116,506,393.0,36,15.0,13.0,3.0,130.0,27.0,79.0,322.0,174.0,242.0,118.0,342.0,356.0,163.0,63.0,418.0,36.0,195.0,183.0,8.0,12.0,2,160.0,136.0,6.0,7.0,8.0,10.0,38.0,20.0,45.0,33.0,0.0,3.0,0.0,0.0,58.0,136.0,11.0,43.0,21.0,7.0,26.0,1.0,0.0,0.0,0.0,10.0,0.0,4.0,1.0,0.0,0.0,3.0,0.0,0.0,0.0,0.0,0.0,10.0,4.0,13.0,0.0,1.0,0.0,22.0,0.0,0.0,4.0,12.0,2.0,0.0,1.0,0.0,1.0,0.0,13.0,1.0,5.0,13.0,28.0,11.0,55.0,20.0,1.0,18.0,0.0,0.0,0.0,0.0,0.0,0.0,0.0,0.0,4.0,0.0,0.0,1.0,0.0,0.0,1.0,0.0,0.0,1.0,3.0,15.0,0.0,0.0,0.0,0.0,0.0,0.0,0.0,0.0,0.0,0.0,1.0,1.0,0.0,0.0,1.0,0.0,0.0,0.0,0.0,0.0,0.0,1.0,0.0,0.0,0.0,0.0,0.0,0.0
0xee45e37e2b73e86c709d9edd1c8ea3b0ec72dad3,0,0,1,440,108.0,1.0,99,32.0,328.0,77,17,208,80.0,14,7.0,6.0,1.0,35.0,10.0,37.0,183.0,38.0,78.0,48.0,95.0,98.0,57.0,21.0,149.0,23.0,61.0,59.0,0.0,8.0,1,74.0,30.0,0.0,3.0,0.0,5.0,5.0,10.0,25.0,14.0,0.0,0.0,0.0,0.0,21.0,13.0,2.0,3.0,8.0,3.0,8.0,1.0,0.0,0.0,0.0,0.0,0.0,0.0,4.0,0.0,0.0,0.0,0.0,2.0,0.0,0.0,0.0,13.0,0.0,8.0,0.0,1.0,0.0,1.0,0.0,0.0,1.0,3.0,0.0,0.0,0.0,0.0,0.0,0.0,1.0,0.0,0.0,1.0,1.0,1.0,3.0,1.0,0.0,0.0,1.0,0.0,0.0,0.0,0.0,0.0,0.0,0.0,1.0,0.0,0.0,0.0,0.0,0.0,0.0,0.0,0.0,0.0,0.0,0.0,0.0,0.0,1.0,0.0,0.0,0.0,0.0,0.0,0.0,0.0,0.0,0.0,0.0,0.0,1.0,0.0,0.0,0.0,0.0,0.0,0.0,0.0,0.0,0.0,0.0,0.0,0.0,0.0
0x8275ebf521dc217aa79c88132017a5bcef001dd9,0,0,0,386,112.0,15.0,173,78.0,126.0,53,25,101,158.0,10,7.0,17.0,0.0,25.0,7.0,20.0,50.0,52.0,53.0,29.0,164.0,153.0,88.0,28.0,209.0,8.0,150.0,45.0,11.0,4.0,12,0.0,34.0,1.0,12.0,0.0,0.0,15.0,1.0,8.0,41.0,0.0,0.0,0.0,0.0,1.0,9.0,21.0,3.0,13.0,7.0,7.0,2.0,0.0,0.0,0.0,1.0,0.0,0.0,1.0,0.0,0.0,123.0,0.0,1.0,0.0,0.0,0.0,7.0,1.0,0.0,0.0,0.0,0.0,4.0,0.0,1.0,2.0,2.0,1.0,1.0,1.0,1.0,1.0,0.0,0.0,0.0,0.0,0.0,0.0,0.0,0.0,0.0,0.0,0.0,0.0,0.0,0.0,0.0,0.0,0.0,0.0,0.0,0.0,0.0,0.0,0.0,0.0,0.0,0.0,0.0,0.0,0.0,0.0,0.0,0.0,0.0,0.0,0.0,0.0,0.0,0.0,0.0,0.0,0.0,0.0,0.0,0.0,0.0,0.0,0.0,0.0,0.0,0.0,0.0,0.0,0.0,0.0,0.0,0.0,0.0,0.0,0.0
0xb954562066c71b3e6e7b2ac330b03c74c0dcd5ae,0,0,1,686,189.0,24.0,208,114.0,407.0,150,61,266,191.0,12,16.0,13.0,2.0,44.0,26.0,46.0,175.0,80.0,118.0,63.0,184.0,175.0,91.0,39.0,198.0,43.0,111.0,87.0,3.0,23.0,1,112.0,79.0,5.0,9.0,3.0,8.0,12.0,20.0,50.0,26.0,1.0,1.0,0.0,0.0,22.0,21.0,11.0,7.0,20.0,4.0,13.0,1.0,1.0,5.0,3.0,12.0,1.0,1.0,6.0,0.0,0.0,2.0,0.0,1.0,0.0,0.0,0.0,169.0,0.0,10.0,0.0,0.0,0.0,2.0,0.0,0.0,0.0,9.0,1.0,0.0,0.0,0.0,0.0,0.0,1.0,0.0,2.0,1.0,7.0,3.0,22.0,8.0,2.0,5.0,0.0,0.0,0.0,1.0,0.0,0.0,0.0,1.0,4.0,0.0,0.0,0.0,3.0,0.0,0.0,0.0,0.0,1.0,1.0,1.0,1.0,0.0,0.0,0.0,0.0,0.0,0.0,0.0,0.0,0.0,0.0,0.0,0.0,0.0,0.0,0.0,0.0,0.0,0.0,0.0,0.0,0.0,0.0,0.0,0.0,0.0,0.0,0.0
0xba751bff276907c438e927d2c2f18de574195e4b,1,0,1,528,118.0,1.0,136,41.0,517.0,72,33,390,296.0,14,8.0,4.0,1.0,39.0,8.0,43.0,321.0,88.0,118.0,71.0,184.0,182.0,182.0,44.0,332.0,19.0,111.0,77.0,15.0,6.0,17,1.0,35.0,0.0,12.0,0.0,1.0,16.0,6.0,41.0,24.0,4.0,1.0,0.0,0.0,0.0,45.0,1.0,5.0,11.0,5.0,11.0,1.0,1.0,0.0,1.0,1.0,1.0,1.0,0.0,1.0,0.0,88.0,1.0,2.0,0.0,0.0,0.0,14.0,0.0,7.0,0.0,1.0,0.0,7.0,0.0,0.0,0.0,4.0,0.0,0.0,0.0,0.0,0.0,2.0,1.0,1.0,0.0,1.0,1.0,1.0,2.0,1.0,1.0,2.0,1.0,0.0,0.0,0.0,1.0,0.0,0.0,0.0,0.0,0.0,0.0,0.0,0.0,0.0,0.0,0.0,0.0,0.0,0.0,0.0,0.0,0.0,0.0,0.0,0.0,1.0,0.0,0.0,0.0,0.0,0.0,0.0,0.0,0.0,0.0,0.0,0.0,0.0,0.0,0.0,0.0,0.0,0.0,0.0,0.0,0.0,0.0,0.0
0xf19308f923582a6f7c465e5ce7a9dc1bec6665b1,0,0,0,2042,568.0,94.0,656,259.0,1973.0,446,164,1125,766.0,50,33.0,21.0,2.0,176.0,96.0,127.0,873.0,246.0,307.0,261.0,586.0,401.0,399.0,123.0,912.0,154.0,308.0,316.0,3.0,49.0,1,360.0,206.0,50.0,31.0,27.0,65.0,54.0,81.0,172.0,139.0,3.0,18.0,15.0,13.0,29.0,31.0,57.0,53.0,98.0,6.0,86.0,1.0,0.0,1.0,0.0,0.0,0.0,0.0,7.0,0.0,0.0,0.0,0.0,26.0,0.0,0.0,10.0,437.0,0.0,12.0,2.0,4.0,0.0,3.0,0.0,0.0,1.0,44.0,0.0,0.0,1.0,0.0,0.0,0.0,26.0,22.0,23.0,1.0,5.0,2.0,12.0,4.0,13.0,3.0,0.0,0.0,0.0,0.0,0.0,0.0,0.0,19.0,1.0,2.0,1.0,0.0,7.0,0.0,4.0,0.0,0.0,0.0,3.0,7.0,0.0,0.0,0.0,0.0,0.0,0.0,0.0,0.0,0.0,1.0,0.0,0.0,0.0,0.0,0.0,0.0,0.0,2.0,1.0,0.0,1.0,1.0,0.0,6.0,0.0,0.0,4.0,0.0
0x87230146e138d3f296a9a77e497a2a83012e9bc5,0,0,0,53,7.0,1.0,18,8.0,43.0,9,5,28,8.0,5,2.0,2.0,1.0,1.0,0.0,3.0,22.0,5.0,5.0,0.0,10.0,8.0,6.0,0.0,8.0,0.0,7.0,11.0,0.0,1.0,1,8.0,2.0,0.0,0.0,0.0,0.0,0.0,0.0,1.0,3.0,2.0,0.0,0.0,0.0,2.0,4.0,4.0,0.0,1.0,0.0,1.0,1.0,0.0,1.0,0.0,0.0,0.0,0.0,2.0,1.0,0.0,1.0,0.0,1.0,2.0,0.0,0.0,6.0,0.0,0.0,0.0,0.0,0.0,4.0,1.0,0.0,1.0,0.0,0.0,0.0,0.0,0.0,0.0,0.0,0.0,0.0,0.0,1.0,1.0,0.0,3.0,1.0,0.0,0.0,0.0,0.0,0.0,2.0,0.0,0.0,0.0,0.0,0.0,1.0,0.0,0.0,0.0,0.0,0.0,0.0,0.0,1.0,0.0,0.0,0.0,0.0,0.0,0.0,0.0,0.0,0.0,0.0,0.0,0.0,0.0,0.0,0.0,0.0,0.0,1.0,0.0,0.0,1.0,1.0,0.0,0.0,0.0,0.0,0.0,0.0,0.0,0.0
0x82902c20c5826984588dcd2dfcc322e05dcc435c,0,0,1,765,187.0,26.0,208,84.0,324.0,131,53,220,192.0,10,7.0,9.0,1.0,45.0,18.0,41.0,143.0,68.0,107.0,59.0,157.0,143.0,83.0,37.0,209.0,36.0,102.0,76.0,1.0,17.0,1,104.0,78.0,7.0,5.0,4.0,6.0,13.0,27.0,33.0,35.0,0.0,0.0,0.0,0.0,19.0,13.0,11.0,13.0,17.0,3.0,39.0,1.0,0.0,0.0,0.0,8.0,0.0,0.0,3.0,1.0,2.0,4.0,0.0,2.0,0.0,0.0,0.0,11.0,0.0,7.0,0.0,1.0,2.0,2.0,0.0,0.0,1.0,6.0,1.0,0.0,0.0,0.0,0.0,0.0,3.0,1.0,4.0,1.0,6.0,3.0,21.0,9.0,2.0,5.0,0.0,0.0,0.0,0.0,0.0,0.0,1.0,0.0,4.0,2.0,0.0,0.0,1.0,1.0,0.0,0.0,0.0,1.0,0.0,1.0,0.0,0.0,0.0,0.0,0.0,0.0,0.0,0.0,0.0,0.0,0.0,0.0,0.0,1.0,0.0,0.0,0.0,0.0,0.0,0.0,0.0,0.0,0.0,0.0,0.0,0.0,0.0,0.0
