address,TP?,confidence
0x230034989f40159605983164e54a479485a9fba5,1,0.7366225882471927
0x731ea4ba77ff184d89dbeb160a0078274acbe9d2,1,0.5173674224281238
0x9386262a352e5b22c49150c1bfc64a10ea405227,1,0.5296187649034417
0x1e744cd47049f4b2ac2b571feabc58b771cd9ef0,1,0.5229790292046008
0xbf8511ba8c5f934a2dfffe67a5dfcd781e59c4ce,1,0.6299449627173979
0x8db14c8839ee82609045fb55176c4142f54a6c47,1,0.5229790292046008
0x6c8397561ad906a84afac41cfc0c3a9350b41cc8,1,0.6658807314658212
0xe98ceaca54a44b197f7248dd96eebade1cf7f399,1,0.5710824078910661
0xd0e455d29209e699d58de614b70066207da1c9b2,1,0.5577050542420022
0xe810f80e3401f67e5cb2dd803599bfc9d3bffcb9,1,0.5549363661530787
0x7a2ab08612bd07c8bf661883e21240f49b58e944,1,0.5229790292046008
0xf56196bd480cf77b6559644704b5886c7dbd44db,1,0.6299449627173979
0x568a693e1094b1e51e8053b2fc642da7161603f5,1,0.5549363661530787
0xd2371b1c095fc57503bdce1f2d2673d81961c83a,1,0.6299449627173979
0x8ef1351941d0cd8da09d5a4c74f2d64503031a18,1,0.5694214331688549
0x10d9601e7a7bf1c9c3dfe7d93b4050867829a3fd,1,0.6838989384678658
0x7897ed74a2448c6d539b64c8b3c9b42fc19abc1f,1,0.5549363661530787
0x6d52dfefb16bb9cdc78bfca09061e44574886626,1,0.5157151362519307
0x7a58b34e038627bb747254d52d1c25241b1cca8b,1,0.606850306027
0xbc314d97a6e24323b5ef6621d0b7467d38ab8d6f,1,0.5296187649034417
0xabeed8e3f3e5e9862c2b500dfbe3c8d0e82489e5,1,0.5229790292046008
0xed023b117953fcfaa92150d3ebe3e987d19563ce,1,0.5710824078910661
0x47382d68c05037f29fc523df5282791ae61a6699,1,0.6075408549744754
0x06d855f451160b892e8d1d1c7d8879705aab1fec,1,0.5229790292046008
0x0f4cafdce3737601c598bcfd4bbd69f75786ba40,1,0.5229790292046008
0x407b419144822e236d960e87e3c58c64feb715b8,1,0.5830690497937057
0xb633db4713148d16fe2b9e499fac6c6b8419597a,1,0.598576763941475
0x2821fb31998e60d220ff52af6299872f25a3e149,1,0.5229790292046008
0x9d0d6be62dc3b5712a23cf3de3fa95f372555e23,1,0.5549363661530787
0x707b002aeaff95b8b57f0201d208dff2be78a9fe,1,0.5229790292046008
0xca2bcc87e6ea90826754570d0722b6fc3a9eba21,1,0.5229790292046008
0x27c743954bce1bfaef8bcbd685527531001d88d7,1,0.5337569396785808
0xaf03be0017d0ba1c924b6c3de17e18d1be74b02a,1,0.598576763941475
0x813d59a260b09b797252adcae90a8d01ce1f6b06,1,0.6299449627173979
0xe8c73332eda7af625b872d36643d058330c982d2,1,0.5577050542420022
0xf3cfb35afdbffea20892488ba7f1574adda81b9d,1,0.7354688073897876
0x7654915a1b82d6d2d0afc37c52af556ea8983c7e,1,0.5213281799014591
0x0be5e8f107279cc2d9c3a537ed4ea669b45e443d,1,0.5976124157016932
0xfcd3a0f5f416e407647a7518b90354946d316059,1,0.5549363661530787
0xc96b052a8a915d98033b0b3ff9e542a92c5bf851,1,0.6299449627173979
0x5666c4d481ccc798d4d7cafe8a53820f71089e8b,1,0.5852326779239531
0x2e76886f251caf2efe6853b181cea3385cc3a24b,1,0.5229790292046008
0x4040adfdc283cb587dc959c2cd54910d22d26858,1,0.5229790292046008
0x880407c9cd119bef48b1821cdfc434e3ca3cd588,1,0.5173674224281238
0x87b1d03dbcbb9f1fe117e03738d618d32beb6248,1,0.5825961742384203
0xa589fb6491d807d95b6a3750d9faf60a23df78d3,1,0.6299449627173979
0x0e7d77bf4c468b6b626b07be5aa1c8222eb08324,1,0.6446848615840449
0x9f4ab8545b15ddac78ddd81ca1e35063178cc775,1,0.6299449627173979
0x3038045cd883abff0c6eea4b1954843c0fa5a735,1,0.5229790292046008
0x246fb400aa06bb8014584fdaa8a6783730a93b0d,1,0.5229790292046008
0x9c49b65ddef30ad4a32c0ff6bf103144cd7733fc,1,0.5946811189455521
0x6e799eff144b4c47edf0f0425d07874d2b025163,1,0.63362712704241
0xe919a09df295ceb8ec6a13fe4606f9020afafba9,1,0.5281577303776605
0x044082d51bcc68378b63f8774fb6b5d936b529b7,1,0.5830690497937057
0xe479dfd9664c693b2e2992300930b00bfde08233,1,0.5710824078910661
0xf31b25b753dfb6a79cf36630dcf03ff53178341c,1,0.5976384756457336
0x4820a69ee3d8f1de3fe96b22adab1d9583a6c223,1,0.5710824078910661
0x63628cc8781a0079ba0aee8e7ce279e6eb9f805e,1,0.5144786738258664
0x1acca663cf7e865eed61caeedc36dc0f7ab05baa,1,0.5229790292046008
0xca672019b062af2d3525625c23243784c5249a75,1,0.5229790292046008
0xfbcee7bc456124909dc9a15167e8a47b175754e6,1,0.5549363661530787
0xc7263b59b833a608ca9b82c3bf90ec0ca9e8d702,1,0.5229790292046008
0xba1ec2e889518aaeb412d6bae64c64a696b0f0ec,1,0.6299449627173979
0x3056bc3f98e35b815d88fb8f8b7201e94c7018b7,1,0.6131099287514511
0x34ba9c7402e1df11709c7983008b5a49d59e963f,1,0.6299449627173979
0x777b8a88ab35d3bcc98bf485f5b5c6f83adcfe5e,1,0.5229790292046008
0x25caf15e1cc43e7bfa9853a68de463bfb0d27021,1,0.5296187649034417
0xc99bd4519ed73de7e8465032782dca6924c2327d,1,0.5083290775560767
0x1e891c587b345ab02a31b57c1f926fb08913d10d,1,0.595925092151711
0x7d2701fb8c73e279e818db92544e471d5df3afdf,1,0.5710824078910661
0xe25cf98071bd482e2830f7daa668132b3c75a5cf,1,0.5946811189455521
0x988e1f272f67527bc0d8374c58e9038411c63e72,1,0.5083290775560767
0x066eee2be6388f8c19983185906ed89724c7b4cd,1,0.5524333742063547
0x9b6337547026342d4c8922537cc23268d1d75284,1,0.5229790292046008
0x7e5f189b635e943368aba3e4daa9cb7ae9581f42,1,0.5572269092723544
0x547febd018557b075e8b356ade5f0d58cd6e6d71,1,0.5229790292046008
0x97fdfa48126205cfc24a3da42965fd623cc5e035,1,0.519868980097425
0x9e2b71e87d9304c4773674584eb9d0c838643568,1,0.5229790292046008
0x5afc0b82bd845f20804e42ec049bee8e17fa9700,1,0.5215988237075838
0xf02b85793abf048335f7044f32c7877f6e4a943d,1,0.5083290775560767
0x49a81049eb1853d592fa5272d6bc2e630b4393a6,1,0.5830690497937057
0x5d285f735998f36631f678ff41fb56a10a4d0429,1,0.5337569396785808
0x5e8faebfd5623f9a041d7de844f20dd8131391bf,1,0.5549363661530787
0xc071c44d08088ea1126f1d6637c54b54761c11c1,1,0.5229790292046008
0x06df0657ba5e8f5339e742212669f6e7ee3c5057,1,0.5173674224281238
0x32931aaacd3c42dc4248cfd6576f188e7fede62b,1,0.7366225882471927
0xe5ae0e2237f80d1e0487b5b0409946664aafeea6,1,0.5229790292046008
0xaae873e38e28416ee8a839782a4b1109c48c091f,1,0.6299449627173979
0xdd782bc3c2593e6229b42806c1928e864f74fe57,1,0.5296187649034417
0x2f2c79834729efe9d0a15190adf198bddf71efa1,1,0.5413802857400183
0x5652ac06e148b8c8d86c2c040fdbbbf98860ef47,1,0.5143288581715927
0x8bc12b2dd6ef435d0826fa05ff14a269186091f8,1,0.6299449627173979
0x59ca30aaf1533ef40ba5be7ddea99119a5849f52,1,0.5710824078910661
0xe8063ee1fb96e75db6081657444eed133766e0fc,1,0.6330780525456184
0x76e425df47ddd39d39559bcf76c6c35a4a0ec827,1,0.5549363661530787
0x4e29ff51029e9fbb5e4ce3f8ae3a6b10e0e7dfdb,1,0.5229790292046008
0xe54bed429c033bae5cb0747efa0f41beefd9e99a,1,0.5229790292046008
0xd897a2e34a5155e8ba5d4093a7ac883d374ff1d0,1,0.7150459330047586
0x6e3990c89bd13397f3c080500805863275cc85ec,1,0.6299449627173979
0x2747fe8dc21d5efcc0787101dc986df028bd42b9,1,0.6662935049353079
0xc4ea05982d2e47d3b6cae011bf1d28ab155f0816,1,0.5229790292046008
0xea61319f55b6543962fe1d7bd990ef74849fc54f,1,0.5549363661530787
0xd16c5175c90c8730d365d3616d36148ff43c110c,1,0.5215988237075838
0xe6ccecc6543e4ab12ed5cc3612fbe92dd7fbaed1,1,0.5825961742384203
0x9e63951726c1db99d1223d14fa98c522c6ff9a50,1,0.6299449627173979
0x54a4654f625f7b760ecbac5a640b8b916ee1a0ea,1,0.5083290775560767
0x770b05bec95bbfdd90a9e46c48fcb101e70ebf9b,1,0.5229790292046008
0xb7d15f185755846ae18eccf9fa6e4eb93f758a18,1,0.6299449627173979
0xe7617c36fb3837d673b704ab5acadf839394a9c3,1,0.661947126523293
0x68b1a67786f78b7a9a140c17864da69e3867c333,1,0.5549363661530787
0x6bc7a6fd890c605f75d07bb4d228a1a4eedf3af1,1,0.6623166010628588
0x82b38a8d71b1054f60dccd563e17968b891ae52e,1,0.5038655735307844
0xedeab579e57a7d66297d0a67302647bb109db7a8,1,0.6623166010628588
0xdf72825a01e3fdca0295cf31ceb9004c5a0c58da,1,0.5332852993692476
0xafd31812e3ac7857944aac4b23c0877f12cb33ea,1,0.5549363661530787
0xb5c081d14d44b8a81ffa29132df8de9a68152675,1,0.6561978271437707
0x9ebce8a14762045db554d0626f857d0a32351c85,1,0.5229790292046008
0x6d0a44fb6a416da6efe1c192560be1bccd01f6be,1,0.5271455027510062
0xd5e5a80b6ddcd080dc5161003866614b10e6f9dc,1,0.6299449627173979
0x11f1c623c49a90c523f7e8875c592bba2b819f83,1,0.5830690497937057
0xa5fd1a791c4dfcaacc963d4f73c6ae5824149ea7,1,0.5229129946563157
0xd9c6434aa2c9c47dc5d4e782b9b23ff4529bedf0,1,0.5022227976509998
0x6d2fffa3dae1a5f68e13bf4be837eb10078ceeb4,1,0.5830690497937057
0xa5c463308e36e0ef97004e6e88e032c16a2e09d1,1,0.5549363661530787
0x75bff18af1e5eb4420913d9aa52aee78178e6aa7,1,0.5068634879287921
0x1e025340d6f75a2a4ef81139049cfbf976782eeb,1,0.5374314808122272
0xd942f19ca27dcae7c1e044f10a7080a8cd3bc7c0,1,0.5229790292046008
0x9e75153a78f1f61fe2e87d7ecdf9eb2aab01a3aa,1,0.706672228835266
0xf5d347fe5de0fab5ce7c5b451957f209f5943305,1,0.6299449627173979
0x20c6c51edfb707f8965bb7caafc77372978eff10,1,0.5549363661530787
0x2aac6e4eb55d57f2a08d16d5000cfab7cebb4819,1,0.6299449627173979
0x146b9af3bb629bd55b4d5d703955b998551cd1a6,1,0.661947126523293
0x59c24b4903676cbbb3a8f1077ef0029e6419cef2,1,0.5710824078910661
0xd1a7e773cbb9e4149a91ff860a871855bb109568,1,0.5549363661530787
0x09011b803cc859bbda9751c742ec144de6b6c15b,1,0.708041840353914
0x613da11d5d61f9f32e689c8cf656dab06d47b26b,1,0.598576763941475
0xa842844d1a0e2a7bf17c55a3ead3a144a1d51ed7,1,0.5229790292046008
0x4993bc704ab81e5826e7cd5ca71ebf3f66e98505,1,0.5229790292046008
0x148fabfe726359fa8eb5d72eb270773e3f5c507d,1,0.5830690497937057
0x4693511470f6c36281897bac54c5bd7d61abbee9,1,0.6710848942954075
0x27f8493696a224c40af66b745062c77e2b474671,1,0.6299449627173979
0xbe14013a5588f445b86d3d6e5d8e7bc1413e039e,1,0.5549363661530787
0x314495517f380ceb7c498a35739e40864240adcf,1,0.595925092151711
0xedbe509e65f7425016265a049941311497c0099c,1,0.5229790292046008
0xb81321e9bbab21c676831af3d031340d72e7277d,1,0.5549363661530787
0x9db43bd57e90e29be009229b38a96dff79bdc076,1,0.6299449627173979
0xb33208b52d1d0fca86dabff07db76780470a3749,1,0.6299449627173979
0x44a86bc0b0e27f92699c2f3c6f323d965ac651b5,1,0.5229790292046008
0x77586904ebeee8f117e46433b8863879d1cbd6f1,1,0.6299449627173979
0xc8cfb651c10b5cb7d08694b41f9fa2c06668e2b1,1,0.5179462724473998
0xedf44412b47a76e452fd133794e45d9485e4cd4b,1,0.5173674224281238
0x677fffb6f8cdeec7c1d379fab9ef716f7ff9a385,1,0.5549363661530787
0x963617e1ad931f48c6efe423b616c0e0e8cb60b0,1,0.6299449627173979
0xa6d954d08877f8ce1224f6bfb83484c7d3abf8e9,1,0.5229790292046008
0xe5dc9d1b58fd5a95fc20a6c6afaa76d44d70a7df,1,0.5229790292046008
0x4dac7251498f5855d15a6ea221d767940243cc21,1,0.6299449627173979
0x4234f63b1d202f6c016ca3b6a0d41d7d85f17716,1,0.5457029279410497
0x3ad91e16d9b59a065650f65e864f1f5ffb0c1af3,1,0.5830690497937057
0x4c902a3ff72dcf01bac6b9d0438565e649a87404,1,0.5405721608230782
0x78d4858dd7ce665541e0a0f6e6e68b5da6482273,1,0.6138001121868274
0x4d48ee87ab535833fdd79c7d1c4aac3c7c304b13,1,0.5549363661530787
0x93ffa4dca8ed05c30c44d11ddbd276b71f4017be,1,0.6623166010628588
0x7fc5f8ed7307ddebf24934ef9f3e3aa1edc1d841,1,0.6284012654721557
0x861ab771d6787ac7eecc2d33b6fed63a06ae7d1c,1,0.5549363661530787
0xb547cc51ce58293e6945ba08d664ce051563d9ac,1,0.5229790292046008
0x3f5b4afae259c95108c720f4eb997bc3ddb20686,1,0.5300832139707077
0xfd0174784ebce943bdb8832ecdea9fea30e7c7a9,1,0.5176399101837708
0xa7776e2595053414f21f903e5270973d3292b659,1,0.6121360078266718
0x49553f40e85c4c01b6e8c3fa383954a263fa19a5,1,0.5229790292046008
0xc8cc5c8db49d3a556bf64a5c4b3ae9ff862ac6af,1,0.6555305894669445
0xc80c5e40220172b36adee2c951f26f2a577810c5,1,0.5025399099286166
0x617913dd43dbdf4236b85ec7bdf9adfd7e35b340,1,0.5229790292046008
0xa77ab358361d0f6ae1014cb071563138be3b94c3,1,0.5830690497937057
0x6a5309dc905e85ce88f33bcd4d4d9a03ac68f847,1,0.5229790292046008
0xea7bd57288545d4da371d7a8ffa13392a8c893ad,1,0.6299449627173979
0xec8e410316bd8d45cf660fdfd1fbd9eeafe9ed6c,1,0.5173674224281238
0x954e3affbb76333e4d37f89bf1cd5830cd9c61bb,1,0.63362712704241
0xfaa5f725d1c4ca57d285c0ab885d437c555e954d,1,0.6299449627173979
0x90683e9948e49ffd3598dafa536c657f7f6edbf1,1,0.5260566741871262
0x6865a7897e4e09a57da98a5cbdfdbf4709ec5319,1,0.5173674224281238
0xc47d7d42e44b2e04c83a45cf45898e597a0c2311,1,0.595925092151711
0xe4d9306c7c9a275ad286c1349c684e0f2626d0c7,1,0.5549363661530787
0x5a7802e66b067cb1770ee5b1165aa201690a8b6a,1,0.5710824078910661
0xe31e62c08146a0b8bcf05aefbded7e6831ec0644,1,0.5229790292046008
0x0c6154cc75f0b2b2312c52974c69c1621b6e5b5a,1,0.5825961742384203
0x8397881cfd16fe31a28686502ebbf1e5ae152401,1,0.5083290775560767
0x0384b55dacd00f2aa740fe125a1ed5ebb01a5c6d,1,0.5229790292046008
0x5773bb32cafe05c9e128d0d37e9adf00f29d0cbb,1,0.5284347816846945
0xf66a742e4437c462e0f778245727c4676065d3fc,1,0.6022237933540437
0x592f8596ba9741f0d40fd8c55871a6428e870c8a,1,0.5660390973063384
0x6571ec4474893799454da4900b225e82249dcc30,1,0.6299449627173979
0x05acf6955e199b0dcc33b74a91bacbaffa86d5cb,1,0.63362712704241
0x936d0ec34fc65e6af52e3b72d5105c0d9c5e84cd,1,0.5083290775560767
0x85982b3b3b55100dc92752546bfb2fe5ea676a08,1,0.5549363661530787
0x87d598064c736dd0c712d329afcfaa0ccc1921a1,1,0.5173674224281238
0xe5db2f299bc4dcae6fab5b1940efaa59b65f2a9b,1,0.6299449627173979
0xabc7e6c01237e8eef355bba2bf925a730b714d5f,1,0.5229790292046008
0xa980100ab31293f6ecbcb2c58aa90679cd89b321,1,0.6299449627173979
0x08dbf4f942ba8cd7871c13addefdffef3e5a8035,1,0.595925092151711
0x946048a75af11c300a274344887ec39452218b3d,1,0.5229790292046008
0x4918ec06c75ca216f09ea931433641c3478d6820,1,0.5830690497937057
0xfdf271580f89bb88485ab7f8c5e21b518f6103f1,1,0.5710824078910661
0x4b94c8567763654101f690cf4d54957206383b75,1,0.5229790292046008
0xd7f21117ea7f137e12d89b16adbf683f71d72c9c,1,0.5587365115760683
0x2c984ec9bb20b33deb84fbeedf20effda481fdc4,1,0.5549363661530787
0xb565726e2e44e4ae9e3ce750fc4ba8fa65e701e0,1,0.5229790292046008
0x6b363a10432f145c99f93be8c78d655ebee644c8,1,0.5229790292046008
0x000c100050e98c91f9114fa5dd75ce6869bf4f53,1,0.5229790292046008
0xa8ab3820eb5a5c1eb77d9ded7ee95d5b5ce63357,1,0.6299449627173979
0xd6647d2d40b1ee8ab766dec0822ec756985fc1b3,1,0.6299449627173979
0xed462f6d5a89cc5cab505c0549c2a4e7bbd2522b,1,0.5549363661530787
0x0925bda166940800af5efd6c7d1136ddefbf0387,1,0.5710824078910661
0x833d404fc58ea23fe8be63130bdb2d1806843517,1,0.5229790292046008
0xa958f2404d1a1b33e2d22244aab118dcfcc358e3,1,0.5144786738258664
0xfd107b473ab90e8fbd89872144a3dc92c40fa8c9,1,0.5213281799014591
0x13987133347dfc4c05dc8fd50dc6dd11738c3595,1,0.5296187649034417
0x67e72299beaf3f59f365bb4a43e8d02bff61e176,1,0.5229790292046008
0xc924df2c2ee515dc6365a0bea182c634f0a1cb01,1,0.5549363661530787
0x990f8e8fe55879916834f83c228fec878ea1ce2b,1,0.6561978271437707
0xcb66862c93f25ee9c9f795eaad77b17938548e04,1,0.5296187649034417
0x708a64eba17df26cd7085c494b725160ba1a6b7d,1,0.5830690497937057
0x2467aa6b5a2351416fd4c3def8462d841feeecec,1,0.5229790292046008
0xb43c257e493e16e83c9212fad4ad2c87ca09cc09,0,0.8229254300115838
0x3e4f5dd1be2db446f4ddbdb1e4b2be0e58bbb408,0,0.8247342420039794
0xb6153f1244498b7a49cac433c09ae5eb20bcf480,0,0.8010982949198203
0x382de5a68e7d2f479e70ace61f77f8ce321e4cdf,0,0.8562331410397106
0x606f6376d63c5906289d04c784e5098721b26ac8,0,0.8012944153808256
0xd52bdbd7fc65da33f57c64e55134c01984c101f5,0,0.8453218367317941
0xa3a07912e74acf57f3362d8b4cda85ce652fc887,0,0.8229254300115838
0xffd31e68bf7af89df862435a138615bd60abf574,0,0.82404129933498
0x0869d49644ce3fd53dcbfa824b3794c0b4ae3774,0,0.8229254300115838
0x0bf0147fe980cfe37c0910c9023b14f2d030d2d3,0,0.8229254300115838
0xa2f5fa2c90fe3f959aafd2a42ea9c4ada668b682,0,0.8010982949198203
0x77f54e6a0ed49e8ce5155468feaec29368b10465,0,0.8436852262781922
0x0046f822ef4e6d51a40dd87d34ab1d5f088291a4,0,0.8229254300115838
0x2f2d5aa0efdb9ca3c9bb789693d06bebea88792f,0,0.8731732270483454
0x06e24feeaab8ff9b436dc466351852e972eef3ba,0,0.8453218367317941
0x7600bf5112945f9f006c216d5d6db0df2806edc6,0,0.8505074951625127
0x96843f4763b86fefd1f56aa7133e24acf2a88efd,0,0.8243005197398645
0x98ecf84ac50aa3c090f88b04676babc296d03527,0,0.8421062778835976
0xa093e7943b942eb82f0a24ee3022aaf8217fe527,0,0.8331683771258196
0xb8aa8971e9201d183d1dadf5acc5c3f6b3076bc0,0,0.8838408759431182
0xd5e84e9427bf9427b0c3f8b381051dec6fbd0194,0,0.8190416263118743
0xef5ee58d50f36f2b34d87c35a9972ea4a73426f3,0,0.8243005197398645
0x443dcadf55a41d7caf347b4d925041065fec66f6,0,0.8089736325762414
0xc7eae23c737b5c53ea661a2110e6c60402036445,0,0.8635362237344151
0xd3bb6ffb59d082f701bcdb5dc43a1753fc6b43da,0,0.8229254300115838
0x5ec71419f100642130e596c352d93dea7589a31f,0,0.8378244163826436
0x870e8ad4c7fd63ea65acd84ab3645723f34fda46,0,0.8010982949198203
0xd51c109110e7ccb7f6b84ddd2485c2f8e2753415,0,0.8229254300115838
0xf4c716ec3a201b960ca75a74452e663b00cf58b9,0,0.812403711387528
0xfccdeead7f02db39721e1e23a93a56d98f61ae1e,0,0.8012944153808256
0xdcaad9fd9a74144d226dbf94ce6162ca9f09ed7e,0,0.8032682404353357
0x3bf9aa2574d47580084fe622a10f9abaa61c7166,0,0.8229254300115838
0xca896d11e43c4927b2041a97eba1505e1ff26f8c,0,0.8229254300115838
0x4b92a948ced9d457b4655abf62ed930a090f8566,0,0.8243005197398645
0x9e762daeb001dc7778d0eb043d530357f0c4666c,0,0.8159411748819762
0x5090c029f044205a95f4bfa0c7247f2a8badc1c0,0,0.8436852262781922
0x28723f0bb2c2040caa9e2e8fe487bca7c00fc300,0,0.8505074951625127
0x10927c6089eb19afaad24c8e3b89e0626d7a017a,0,0.8023457886859813
0x1a136ae98b49b92841562b6574d1f3f5b0044e4c,0,0.8788932494759144
0x5dfdc8168c8cf48cd174fad3f8881289929b1f94,0,0.8453218367317941
0xd1d164258c599fdce8948437cf08ab76f96b4a8c,0,0.8788932494759144
0xaae10c1223df062e2df6982a80621977fa8b2d34,0,0.8243005197398645
0x2392ccf7eab0010f0da5ec9504dcedb8b7259b6a,0,0.8335744904444156
0x31fe7e62254b239305cbbdda71822186a0b3b38c,0,0.8170307938996269
0x4d31f5a4ea035872d11efb4ff2d6ed9bb3a58e81,0,0.801306974885716
0xd4160356a4e81f008b86f9867e71d1e1404c5292,0,0.8243005197398645
0x9e5de9854dff0be43d48d93aa56cc3a065069396,0,0.813266764784671
0x05bee33962905f710268056d2f2d6373a2369dc9,0,0.8250180480523401
0x0c78003843b4a72b765938cb3b14aecb188dbc6a,0,0.8453218367317941
0x7409a88f44ac96cfae981f444d377b025002906a,0,0.8453218367317941
0xf8d15960aa6aaf5972dc54cf002951553906c7bd,0,0.805887120411762
0x11ab8e468a6e4e0f69bfd35e4e5a941043f51fd3,0,0.8250180480523401
0x498aaea441af871de5e65848a31ce57385dea597,0,0.8243005197398645
0x69a02e511e027e5c26d2fbe4192e45b41db32819,0,0.8788932494759144
0x8316b95945abdbc15fb7736c1620e9904cd1d9e5,0,0.9098739419555197
0xf7efaf88b380469084f3018271a49ff743899c89,0,0.8012944153808256
0xcaec691284cb2d0cc5bd8987700fec8006a139fc,0,0.8010982949198203
0x05aac45d288ca22b4a207fe35c6ca422546ae16e,0,0.8140653607070006
0x5a2af9d2e16a08aaa25a96f307c689ae07ca1a63,0,0.8140653607070006
0xacce8e31616e608d001afdd63aa764f589666879,0,0.8017891719545441
0x3114b3312417b27a83bfd934764eee363d1e9325,0,0.8453218367317941
0x8003a0f7e225059494146cedc26d59a5a2058e59,0,0.8229254300115838
0xf204af93aa5da4364e30d3f92ea1d259cd8d6a7f,0,0.8335744904444156
0x6dd188556cfaef2f4c361cf4f1f8f3eaf5d05ee2,0,0.8562331410397106
0xaa8786eecd289fa7dd48a35ea31493bb67626623,0,0.8554382831019817
0xf9a6d564217c44ab64e28c7f34cb8fe246f57539,0,0.8250180480523401
0x3d5d02fff6b7fc5a3f886a5f1a931fac9d78baa9,0,0.8023457886859813
0xcc1b8eff29f5668380f056654ac4bd4c5448befa,0,0.8010982949198203
0x3d3b51b1091d1f6491aeb1916c94bafe57f6cc9d,0,0.8944250720074223
0x512a8293542b8b7693525b512733c976d25acde6,0,0.8012944153808256
0xd94c60e2793ad587400d86e4d6fd9c874f0f79ef,0,0.8023457886859813
0xdd97853ba34af302f3d6a6415a750ae38e26d1fc,0,0.8159411748819762
0x1860b26155ce3319ace6d1a7ad3a363b58bc97c5,0,0.8010982949198203
0xa91396b2d8f25cee6b0c7559c836ca90e1eb416a,0,0.8229254300115838
0x9ef2767b5c265cd032a94601203639abcd9cb92f,0,0.8229254300115838
0x7e2743451b1f3d2849e44cf67164bfe4538fd0f1,0,0.8390481770756696
0xd2b087b6bda673b48e3eec397360569874e03977,0,0.8453218367317941
0x103fc2836b27416f87badfd661e32a67036b6f03,0,0.8788932494759144
0xb5da84cdc928765c15a8192bf3c6649e7802772b,0,0.8032682404353357
0x7dbe5f177dd6fac70e970186fe904549d655f77e,0,0.8229254300115838
0x515f29d0865991e5e7d1d3641dffe7d9d8bc3471,0,0.8453218367317941
0x84c17fc312cb0e9b00330675e643b340e3303fe6,0,0.8229254300115838
0x866f7a9f6190af5641b72f4e2e3bfdb9d8babc50,0,0.8453218367317941
0x369e7f986383d2c8e7e11b9e9e99097f577d75b5,0,0.805902387196489
0xab274af9ccf1dd9ac0d7de680fb41ffc2486ce8d,0,0.8876176863315074
0x5a82e0b5cca00f8ea1f4961d19fd9e5b9307a3a9,0,0.8010982949198203
0x44033f223f8d1c1bc40a0bcca30c37f9737425a3,0,0.8229254300115838
0xe4d155ea6107fad9d20bc8ae0dedf7638f073f66,0,0.805887120411762
0x8ac5a1897dcc0f7d2933a9b03bb09c16be4c1533,0,0.8515255166735539
0xa4e2602390a09bf75fd7a591adc1ee4d2909f89b,0,0.8010982949198203
0x2700b4469ddb14f435e57eca538e95f43d9e6c38,0,0.9098739419555197
0x7f737b66921d18b008dc9c3a9b933a3bf559f1bc,0,0.8731732270483454
0xf23b1d8a9531a6aab7e50a24e6c98f88344d1718,0,0.8229254300115838
0xe88fff42196f5a47ffc1ba2854c14e8eee4bfd05,0,0.8453218367317941
0x5203deab886c7e84f84549865baf0ece0ff98667,0,0.8554382831019817
0x4787c40c7b6d3b067c6041156491db336170d198,0,0.808773092322209
0xea0e5d5a8888dc8bc817940f922a26ed2867c2d7,0,0.8453218367317941
0x9bc0b36cdedadb9ae906f53bdea6debe20b81b8e,0,0.8010982949198203
0xe1e7e4002bc27f50491bee42760b80a44fa7e381,0,0.82404129933498
0x1c5fb8a27bd7bc63cfefc408a753f87dc86cd201,0,0.8629914575852474
0xea6c8aefdd26c887779f72c41670277a9c23d282,0,0.8190416263118743
0x7ec1a31b22674afcb6a58d703ca9d54fc6606010,0,0.8010982949198203
0x56c9e0b23f54fdba5ef02466eb93211ac9f2c74e,0,0.8211529910889795
0x9b6baa7de8751328e8e0a8b872ff8d36539b313d,0,0.831033259828122
0xcfd5b40f4332cfdc384cf7b7ff0a0c1f214a3a76,0,0.873552478050187
0x0b4597d45be69bf1571b32e78ec02730f9743d3e,0,0.8373579582979691
0x68d3af29a900d21d092778a9d0aa4f73b1367141,0,0.8453218367317941
0x6ab7b3236a7df8e6b28f2310199edd0b5c228c17,0,0.8010982949198203
0x503eb1b5976212a7970cd1d05dd4a08a3ef95267,0,0.8453218367317941
0x77d7536eb289f61c47c728142bda4da54ca9c71f,0,0.9098739419555197
0xa29939f74c3e527c83011fab972b09ac68e71a47,0,0.8436852262781922
0xfea15f60f4bb409c77a798e2611dca661bece942,0,0.831033259828122
0xdbe43869ff2827f5b6f3321c339fdfbfbe7d07f7,0,0.8229254300115838
0xc5a26dd5e7eafda81c9bae02f12ad44d9026799d,0,0.8272622768653783
0x448a5065aebb8e423f0896e6c5d525c040f59af3,0,0.8335744904444156
0x5be16ecccc08d227807ed4ef83fb7390fb702d24,0,0.8562331410397106
0xfc81655585f2f3935895c1409b332ab797d90b33,0,0.8074189063398408
0x59f0f78a802d2f7b767b97840395c99e5828c140,0,0.8464880832075461
0x09d4b4014db27ddfbc73393af4f0a8f444e539ea,0,0.8243005197398645
0x64873079799dbc8bc0aa14e173037545941c8b5a,0,0.8140653607070006
0x6986c4b89add1ffbecb290f06e76107d72c6aba4,0,0.8229254300115838
0x7b45a572ea991887a01fd919c05edf1cac79c311,0,0.8012944153808256
0x7a2770fc68c659b0255d6d80bed82c7b0f163d6b,0,0.8229254300115838
0xb6c0ddc7df76e37e1292a79f77cebf2ed65f5cb8,0,0.8140653607070006
0xf0bc95c4b53261dc5ef9133cf994e36e40391d6e,0,0.8010982949198203
0xcc88d8ea235eb37d427a7040674d751a689ba4bc,0,0.8453218367317941
0x4a3e0c60f7fa67e8b65c401ddbbf7c17fea5fe40,0,0.8229254300115838
0x1f3c3c8fe087f4c330b3c89d155c7265bcd9aba0,0,0.8453218367317941
0xf6cadb5ceaba978dfed889c72a4d61d3a4bc53dd,0,0.8229254300115838
0x4b8d81ca8ce555ab97ee1eebe3c844c3ef7af8ef,0,0.8229254300115838
0x03a71d713cbcfcb27a4172117718e63f50f571a0,0,0.8354970351364545
0xb95dd00b76c15b11ae82e875e9719029cd4d2110,0,0.8243005197398645
0x7ba956389b6175e8f476c1738114006e66ea7cb2,0,0.8010982949198203
0xbaaec2df051aa58eaa5d6235e9489dcb03181c15,0,0.8229254300115838
0x05064de4d8fcc27c0aad610277ff3e40d422e3f2,0,0.8229254300115838
0x91b828ba9b962b1313a4e87cd1c24c261f8ceea5,0,0.8229254300115838
0xd05d4a9b35ecc0bb1a88ce8638dfe5cfccecbd2b,0,0.8250180480523401
0xba313f80d9a23fa5eeea4beda94f87b35c74cb04,0,0.8721372237835593
0x8e4e0a8c678987a8462f0a21c58b118c31897118,0,0.8010982949198203
0x300f516cda4475660ed27bf87bb49b95da8ba0e0,0,0.805887120411762
0x5943a67e4375b556df0856fdf08f972d02677b78,0,0.8743503434203227
0x7339c609b898f8f03a6db1939c658321f6e7e656,0,0.8229254300115838
0xbc2faad1ec407571249b0e874a9abd840111389b,0,0.8010982949198203
0xf455b486c103ebee261f93ca95b0af11d599fe85,0,0.8229254300115838
0x6b63ea3612dde97082aab468157950f927618d31,0,0.8729747222696398
0x18dadca4f799b3009582343c87f146df20ca8c9c,0,0.8390481770756696
0x0d068b35c5eda0fe336fe629718c00dbde36d27a,0,0.808773092322209
0x1f861e20d1599f7394dd0cdcf567aa2590bd997b,0,0.8010982949198203
0xdc919494349e803fbd2d4064106944418381edb3,0,0.8335744904444156
0x1cdb4710dfbf63c4d9b39c8ee37b084ecb2bd932,0,0.8012944153808256
0x44e4ebbfc7b33030e6b4828ff0f44bb890ec913b,0,0.8020355036522592
0x4fc253577d582ab489dd7325e5e77ca2c3cfc3fe,0,0.8250180480523401
0x7f3e7af72b565d508ce63abbfdefd0161390c9ed,0,0.8010982949198203
0xf56a188f3f8d02685ab14f8a89be47df5e87af32,0,0.8159411748819762
0xfc2a00bb5b7e3b0b310ffb6de4fd1ea3835c9b27,0,0.8453218367317941
0x985063dc56d133b2d2ad9bada8978d8c5adfc5c4,0,0.8010982949198203
0x44a67c8570a61a28bafd0035042f2f0a73a64428,0,0.8010982949198203
0xe3a5d0f9aab65000a304d6057ef2b69d5eb35eb6,0,0.8890887015487668
0xb9907e0151e8c5937f17d0721953cf1ea114528e,0,0.850217859428774
0x96fe4328429a14b9cb0872a6337d6f8422d422a6,0,0.8554382831019817
0xeba0348e243f2de2f1687060f9c795ac279c66af,0,0.8140653607070006
0xf17514cd9b0a25cc3300da4289b19cfdbf38c7f5,0,0.8453218367317941
0x24afa69210c46d703c693d0ab4295df080bd1c9b,0,0.8012944153808256
0xb9250c9581e4594b7c6914897823ad18d6b78e96,0,0.8731732270483454
0xfc23bae5632268ff06f5c79538049af39e54c630,0,0.8010982949198203
0xfe7e9141d1ec8d30a37f9908cd93eadd7a2d9d9b,0,0.81969986671552
0x818ca1fa9f88f76d061cddb4169c287e7dbcc6d8,0,0.8229254300115838
0x19d865a06ee4d67f12cc7852bdd8b2965947aa92,0,0.8453218367317941
0xa4f1ef229d63a2d6ca73c39126d6a137407bda1b,0,0.8229254300115838
0x53df97210e67a6bc8e4565145932c56bcd76a839,0,0.8010982949198203
0xc0ca0fa3c8f7b0ac7eb28a49068d642d12fd3f37,0,0.8487037128331668
0x39689fe671c01fce173395f6bc45d4c332026666,0,0.90441897335396
0x1e02f2293a67bc57700c542d7ca135394193c038,0,0.8229254300115838
0xe88d59b921981626a2c1f2450b37e3137a3e6ba7,0,0.8229254300115838
0x7221816f73e710eb952ce08bcaf54a31600fae6c,0,0.8140653607070006
0x8f3d6447a647ecf3c185ecbb165d2e6c41fad547,0,0.9098739419555197
0x0e08b02d89ca66cf157c6658c02933ef0bc38cb6,0,0.8453218367317941
0x549c10cedef9e3ca44d0de02f2e7e4c77c878f81,0,0.8229254300115838
0xa1e70923902524faf901a3978f499908f689d114,0,0.8229254300115838
0x9a100db3bdbd69600e949a9bc650ebf336811afd,0,0.8731732270483454
0xffdf17652cca46eb98a214cb3e413c8661241e49,0,0.8731732270483454
0xb4fdd675f2502c6bde3adf8b53912a6c760d14fc,0,0.8229254300115838
0xf226b12c03514571c5a473b2627f5528da46d263,0,0.8788932494759144
0xcc208c28644d60fa0eae08c4b19521e27ebcddfa,0,0.8600623421434888
0x433c32ee665c932986710e6dc028b6fb3b2fd126,0,0.8453218367317941
0x3c70c11ff551960195a82b8f6f27c1e86baf1268,0,0.8453218367317941
0xdddc5b65208287168bb640e8b303eaaafe2ea95f,0,0.8020355036522592
0x6ebeaf8e8e946f0716e6533a6f2cefc83f60e8ab,0,0.8432956261062702
0xf64c866b5b4f25c1d17e3a7cea883c367f460f91,0,0.8436852262781922
0xe045b6ee1b2bdb357ea1bd9435de0b07eda4053a,0,0.8331683771258196
0xc7c9b856d33651cc2bcd9e0099efa85f59f78302,0,0.8012944153808256
0x1d83a0313fb1cd7d8b0826c30725c63f0df85722,0,0.8453218367317941
0xacefc159db3ea5fd87b7a9b474ad1854c8b6ed7c,0,0.81969986671552
0x2a7e1f7932240a1e0609b4b993933649163d8755,0,0.9098739419555197
0x74d5c310c342147cc95d2e9532a16c53274868e9,0,0.8453218367317941
0xfae2617b2e24e3c934134079ade2182a1f98f4f9,0,0.8159411748819762
0x8d4d8f0dbaf52bd46e566eb2ee38d834c3ce6ccf,0,0.8453218367317941
0xcb4fc459c926e5e10b698009f6f3c1ed658faef7,0,0.8250180480523401
0x325476448021c96c4bf54af304ed502bb7ad0675,0,0.8140653607070006
0xdaff1f98299b12d475b4725a2635e5ba291aa651,0,0.8229254300115838
0xb0114bbdce17e0af91b2be32916a1e236cf6034f,0,0.8997670692402171
0x97a89a0286a673ac8cdabbc42e5b2aaae74b09e5,0,0.8788932494759144
0x4e9d3792ff24babf36b83c0c36113da6714917c6,0,0.8229254300115838
0xfdbcaf6cc7a4b7be8f862668b4c2bd6b979b5ce0,0,0.8554382831019817
0xe459238ede66ab1b2b19c9acf37dca27b922d191,0,0.8074189063398408
0x78c0d9b7a6377ad323d5b6285eda1baf83fbd5f1,0,0.8229254300115838
0x2acee12913a15ba41d396f85e7c048fb0d4d2a20,0,0.8629914575852474
0x4c54a332e3c962d5e513c3cc927c4ccf3452c79c,0,0.8229254300115838
0x291de53a16b76dfe28551fd3335225f506db8b82,0,0.8788932494759144
0xe109fa0fe69c2d1f382af82a0952b4a804893794,0,0.8159411748819762
0xbd04617f9bee584c0c45923a2d7971a64cea9297,0,0.8010982949198203
0x53e61d54469eae9f5487f1e61e0cda3d566e2f86,0,0.8229254300115838
0xc1caf0c19a8ac28c41fe59ba6c754e4b9bd54de9,0,0.8731732270483454
0x7910254cee5cb6bdcefd9b8ece1d0e59b6daa1d7,0,0.8731732270483454
0x928d06fba1226f83aa3df853ecae911e0c0ec499,0,0.8425261226727889
0x4aff03b46792ba7f65403a0d96b2fb8ca8d54367,0,0.8788932494759144
0x163f6810df4a4360a904fa0c65dbbe66dc6d375f,0,0.8010982949198203
0x6de3cc59152e19f108378984f45e20a34c9f6338,0,0.8229254300115838
0x348bf1a3c3322cf7949fe7ac08f0ac8caaf4741a,0,0.8035426383758267
0xa15b06ecbb777cfe1a87c8562d479d3a0a3fc822,0,0.8229254300115838
0x838cf4a80ee1bb6a7a7664849587323f15591cee,0,0.8229254300115838
0xece701c76bd00d1c3f96410a0c69ea8dfcf5f34e,0,0.9098739419555197
0x5b366f606dab2a1e221da2588f62bfe454760e78,0,0.808773092322209
0xe37b0c4c42e02c82a023d79600dc6465cfb94eb9,0,0.8250180480523401
0xfba89b223bc0e5abcd5bae85d4c431c21441127c,0,0.808201952445027
0xd6ffe28d964770b0c6ec8a4c84065cdd52b392d3,0,0.8229254300115838
0xe4e0234a6074a998fddbb5a28325a3725dae13c2,0,0.8229254300115838
0xec7798108cd7f1bb3737953c8ca43e15d656c487,0,0.8229254300115838
0x1a5dbaeca260678e5647584fb2306e2b3b53f257,0,0.8140653607070006
0xee3aaa50b8000cc87d66cd3d4704fd3316fc8725,0,0.9199454565415999
0xaaca36650c3790b9c53a9b88198c973b10a39892,0,0.8788932494759144
0xb509a146243be41759f5ea1fdf874c1897d0aa44,0,0.8554382831019817
0x18ed2af58d8b32ed5ac603bd057c3bffead57230,0,0.8229254300115838
0xea06c9cb0d69058468387f283e9a3f61c53e3c21,0,0.8446729364071406
0x5abbe7b5e08b812f42238b367d1cc51c2555de56,0,0.8467955969165907
0x325a2e0f3cca2ddbaebb4dfc38df8d19ca165b47,0,0.8721372237835593
0xee8965ca57f9d252a8d5da1faa5f7d85ad78a24f,0,0.8467955969165907
0xac9e0035dc040671e5646dc9b8896d7d78c48f85,0,0.8190416263118743
0x5cee173ee3a9568a4d66d882d78fdf5724251e82,0,0.8229254300115838
0x88583556156ec0d26a54472f33eba8d55d37dd6a,0,0.8729747222696398
0x6d86091b051799e05cc8d7b2452a7cb123f018d8,0,0.8453218367317941
0xdba6f4fe7e8a358150fc861148c3a19b22242743,0,0.8876176863315074
0x012fd5049a203df08c02fb2e0ed15ceed10d9ed4,0,0.8467955969165907
0xa43e06dc0e4498488ebc4ab09293aed0a3a7b20c,0,0.8229254300115838
0xa9a3167d6e902f69f808ca12026f060858b70dfc,0,0.8010982949198203
0x17a49a2f36655270d8ee7cb40e695796f47a6a59,0,0.812213259203505
0xd891bde7f49b131987c5f433edcc83af063f6a03,0,0.8010982949198203
0x2f380e3f5f7bb9a08b8ba0bfab902d89144f73ee,0,0.8010982949198203
0x56c66952a07e8463a9902a31a1ecf1fbd2253d2c,0,0.8453218367317941
0xebbb82dfc397b42ee518a24deed51f04b3c7ca2e,0,0.8731732270483454
0x4a0280d5f91e1b5f0ecbe6ef52df167ef39c0767,0,0.8010982949198203
0x7e993d81670dafbe8550235a8ce50887419ba723,0,0.8453218367317941
0xf1020306d38c4abf401b065d25867da2654d0681,0,0.8010982949198203
0xe80f1f6b4a36ebd45348cb6348cdf80b2f3a29a3,0,0.8453218367317941
0x84f6451efe944ba67bedb8e0cf996fa1feb4031d,0,0.8010982949198203
0x9869ff129b436929e5957fb85af22c42e1d1c740,0,0.8010982949198203
0x03b33346b0c9349692fb78ab4092cb4e5da85a64,0,0.8249928429325468
0xc78bb6c8848abe10c3a398fa1801926215d27f6f,0,0.8743503434203227
0x1848df8d1728a8ce654c7faf833b2d7296744fe4,0,0.8010982949198203
0x75b03d9bf05b9b1b5bdbc494723c22a4a9f8a381,0,0.8010982949198203
0xe648ae88a6d9b3373e115e3414be91b7cf12de4c,0,0.8631731367437953
0xeca2967b2a2cc584495b2226372bc0dde481f857,0,0.8467955969165907
0xe4dff030976cb5e8606e4138a1cd57b4131f9e8b,0,0.8453218367317941
0xda4dba3029946b950b7fcfd71342fdbe5bfa45fc,0,0.8250180480523401
0xddcaf6c604592b37f775f3d303a02013bbd7ad93,0,0.8229254300115838
0xee1a0710fcc892999d39a1710f2c16dba1f28ae6,0,0.8250180480523401
0x78a0cfcfcff3e1b6d5798406ee62f7484c8cdc8f,0,0.8136135685381876
0xe1b56b03537e14712339c45351f413d3fb575f5d,0,0.8010982949198203
0xc797f7d82962157b4c73d43dc7723df0f82c0194,0,0.8229254300115838
0x5ecf22fd1c54f4c01df5da427929c14a1090815f,0,0.8551853082888916
0x9735c9b9ed14f3f6cab74c267a720bfd2715eb2b,0,0.8012944153808256
0xee6d409e9d08af082c2493ea955a0d3ea418dc0f,0,0.8446729364071406
0xe231c2e3e9de515e65d11be3a756d50586b4621f,0,0.8140653607070006
0xeb4844a87937c9ee3ae6c89268806c0ab5bd5dff,0,0.8229254300115838
0x37d893cfeb6c5e43c43905df06a9513e0fafad74,0,0.8021504497002804
0xc8110527a0b803c0ba15456861d720864915b6ed,0,0.8229254300115838
0x29c5f6611ed391f43bb8f45a9833d0c2a400d4d6,0,0.8010982949198203
0xafc1d46163308c81bfb12d305ccb7deabb39e1fe,0,0.8074189063398408
0xddf22a0bb30107e895236d4f9e0ade4750a12163,0,0.8229254300115838
0x86d339cf5b46a733d79a2b7b81cebc45c470e88d,0,0.8355616789544202
0xb0346e5fea133bddfc050f85e3a0755b492adfec,0,0.8453218367317941
0xa73a6a1371bb51f1f85becbc8784a8b0c10def95,0,0.8136135685381876
0x49fddeae0b521dab8d0c4b77e7161094f971320d,0,0.8243005197398645
0x062344dc7fbe2cb6a14eaf84b613af64684252bf,0,0.8010982949198203
0xb0dfef33474de3411a8ba0595062af1189702166,0,0.8554382831019817
0xdcf59ee4803931a376a0fb6244036e49ebc7dd61,0,0.8623065155983751
0x50f2b7ab72551b399ac81081484ef0b0f23aa38c,0,0.8250180480523401
0x1f54e79798400ff0b467ff81f78b9a51ceca2ab5,0,0.8743503434203227
0xcde96b4e90d11add3c815c8786583c21dd9e2171,0,0.8453218367317941
0x69d1ef860246fa242041bf1d784e8cb43e2a9b07,0,0.8250180480523401
0x73388dc2f89777cbdf53e5352f516cd703d070a6,0,0.8425261226727889
0x9a4fe70bb7b39127f4772acaf0d000578644b39d,0,0.8229254300115838
0xc3b643bb85318b6a0e1b46c30365adacdf9469c2,0,0.8243005197398645
0x16da16948e5092a3d2aa71aca7b57b8a9cfd8ddb,0,0.8849997003442376
0xcba65975b1c66586bfe7910f32377e0ee55f783e,0,0.8788932494759144
0xd29bba42464530351859fbf80b0528dcd9ccc30e,0,0.8190416263118743
0xf7bb0e7ee82caa529bfe6bcc356268c92c264596,0,0.8012944153808256
0x2ab9f67a27f606272189b307052694d3a2b158ba,0,0.8243005197398645
0xac870cdc25a87f12a5533704d047138d098812b8,0,0.8721372237835593
0xf970b8e36e23f7fc3fd752eea86f8be8d83375a6,0,0.8010982949198203
0x5dbb3a9b22864a2a35c2c765f2cfb0ad0c726e8b,0,0.8010982949198203
0xdc0a2185031ecf89f091a39c63c2857a7d5c301a,0,0.8944250720074223
0xc0600f39a89b96c6c4341ce59ca22e478e327713,0,0.8562331410397106
0xe492ef69e1058b749d282886ea544670e5f08afd,0,0.808773092322209
0x17d30c85376bc2c39edc1da179162d308559a3c4,0,0.8010982949198203
0xbb1972a4eb98de90c150ba209e60238a74ac774b,0,0.8344903449935226
0x802d530a1c017f52dcfebfa5d5cc6be22f24e1e0,0,0.8010982949198203
0xcb5e39c946ace85d6003c791ef445dd2629c2003,0,0.8010982949198203
0xb71cd8f21d5c21edcd113ca2807189ddcaf9dd44,0,0.812213259203505
0xb8d24ac55866236b2c7b8fb046ca110d488fba02,0,0.8344903449935226
0x390a6ab0684073ae6cabe6c390a43e87b117ed0a,0,0.8623065155983751
0xde5c85111c10ee5a1c550101dec2c34c7c6e8561,0,0.8071008030977591
0x31507a244572175469f8ac92186eab35c3dadb28,0,0.8010982949198203
0xffc08dd84a66775e6236e0a80ee2f340e0042f8c,0,0.8159411748819762
0x7da90089a73edd14c75b0c827cb54f4248d47ecc,0,0.8243005197398645
0x552f355ccb9b91c8fb47d9c011abad5b72ec30e9,0,0.8335744904444156
0x974973d316be10725444ef4f6e3bf1eb5e9f6678,0,0.812213259203505
0xa4763e354256d5bded779b023be8a88dc33b12ce,0,0.8390481770756696
0x4473d7e836e473aba72af381536a979e5063f7f8,0,0.8446729364071406
0x2948002e609e5b5e286b91f1d47bb924c4274b69,0,0.8453218367317941
0x487c55dba1d199ebecbb4843efc270b85d1006c0,0,0.8453218367317941
0xf4c1d8863820b5e66fee5ea5d247f597f73f91f6,0,0.8010982949198203
0xb2750bca454da190d896ed72fb3fcb9a123d3def,0,0.8010982949198203
0xb6ef5b2dc525dce6ee47a643e742522d3056f186,0,0.8010982949198203
0xe0c85b973afcfbec4033d8524e2366d7faaa3487,0,0.8069282976348202
0x03e9a7bf2a324f8bac73ae0cb8be7645ab27b498,0,0.8010982949198203
0xe5a43b29a8a6f78a6d64635f07f321d61383dc65,0,0.843508099703667
0xb5335e24d0ab29c190ab8c2b459238da1153ceba,0,0.8250180480523401
0xe919351cd81e445ae93d31fab1bf0afc2c6f97f9,0,0.8229254300115838
0x7c2d76735b09de69c1ead5849b3a5176fa688f4a,0,0.8562331410397106
0x6396828a97ffa84733ba1f371f1bc0732a87ed39,0,0.8010982949198203
0x1bb9e4b787e100d4827cf94866e30ea6e1d75709,0,0.8229254300115838
0xf7e13ba09219dba3666d997d34b9ad1e2f1fe9ac,0,0.8997670692402171
0xe8d94885c6ae0fa7a6934af042c5547e380fe1c7,0,0.8229254300115838
0x47414a04f29930c8e1c10f0b4791a9ddf3836efd,0,0.8229254300115838
0x0e9f8e7e84fa6bb04287c0c002e92d779c5e7ae4,0,0.8250180480523401
0xe3f142d9901e05a9a8f6894af10ded55a2ba5b8a,0,0.8010982949198203
0x11acec4762979df69fb537aed5a88b7af0381e81,0,0.8229254300115838
0x1532cd178f5c87c3c307675bcd37c27abef5dc96,0,0.8229254300115838
0x5a13caa82851342e14cd2ad0257707cddb8a31b7,0,0.8229254300115838
0x49c67ae22c334d0123dd6dbdc44f5302e130a88b,0,0.8010982949198203
0x1f03a2dec4aa3a491b5c27c5a3383aa484a152aa,0,0.8229254300115838
0x128fa9cc962448d2b438047cdcec1197f63b0ef4,0,0.8554382831019817
0x178381837f84a7a636f57a3f2946cda512e5caab,0,0.8010982949198203
0x1f36f2249ec89266ad4ee4351538148aaebc72e8,0,0.8250180480523401
0xe6e1c5ec0b5b1c5e8e61bf39a87a8d7775e47adc,0,0.8453218367317941
0x0957535e68df0f8840112542e96fb6e7f6599806,0,0.8453218367317941
0x4b37d3d8519172597a6a49c8079208dc1ef994ee,0,0.8229254300115838
0x406d29c3a96864e4d159287f9bd582767a90f8d0,0,0.8731732270483454
0x381beac50b9a5ea06a320a72592f7460c49a2b48,0,0.8010982949198203
0x9954ff0295443c01f562dccb1f893be464e01986,0,0.8010982949198203
0x031e0c6a7c91df1bc171d33cccc6988fd2ddeb6f,0,0.8010982949198203
