Address,Hidden Balance Modification,Hidden Mint/Burn,Address Restrict,Amount Restrict,Modifiable External Call,TimeStamp Restrict,Hidden Balance Modification.1,Modifiable External Call.1,Modifiable Tax Address,Modifiable Tax Rate,Mint,Leak,Limit
0x93023f1d3525e273f291b6f76d2f5027a39bf302,0,1,0,0,0,0,0,0,0,1,1,0,1
0x2753dce37a7edb052a77832039bcc9aa49ad8b25,0,0,1,0,0,0,0,0,0,0,0,0,1
0x10f6f2b97f3ab29583d9d38babf2994df7220c21,0,1,0,0,0,0,0,0,0,1,1,0,1
0x11cbc781dadaad13fc3a361772c80b1c027820af,0,0,1,0,0,0,0,0,0,0,0,0,0
0x3e597ea168a85aa2ae5e2c4333665bcd875ed10f,0,0,1,0,0,0,0,0,0,0,0,0,1
0x292e89d5d5bdab3af2f5838c194c1983f0140b43,0,0,1,0,0,0,0,0,0,0,0,0,1
0xef20505c8b343d12da174bf9d8495c1ce2670989,0,0,1,0,0,0,0,0,0,0,0,0,1
0xc71d244f7ad6c869ecbf13cbd9acae31718be4f8,0,0,1,0,0,0,0,0,0,0,0,0,1
0x5927b72440d8a8b8c6ca5a8be60e88975f9063fc,0,0,1,1,0,0,0,0,0,1,0,0,1
0x1e4402fa427a7a835fc64ea6d051404ce767a569,0,0,0,0,0,0,0,0,0,1,0,1,1
0xcb6cd204d783dc8d66896a6def5867d332228d7b,0,0,1,0,0,0,0,0,0,1,0,0,1
0x455dedacbe41c178953119847f2b95e2d9ad0a1d,1,0,0,0,0,0,0,0,0,1,0,1,1
0x831467b7b6bf9c705dc87899d48b57ee55c8d5cc,0,1,0,0,0,0,0,0,0,0,1,0,0
0x8d07f605926837ea0f9e1e24dba0fb348cb3e97d,0,0,1,1,0,0,0,0,0,1,1,0,1
0xdf7ff95aa3d855a6fb21399432166a92fdcf1b1a,0,1,0,0,0,0,0,0,0,0,1,0,0
0x9a3fb36bf72a387fcc821a38ee9f50f1a0eb8cbd,0,0,0,1,0,0,0,0,0,0,1,0,1
0xe7e63e244c52b2230666e263657ba8db2b6b3705,1,0,0,0,0,0,0,0,0,1,1,0,1
0x25d8f027fd25eecbcd812521fb2f75f175807a91,1,0,0,0,0,0,0,0,0,1,1,0,1
0x1250b98cbde9f99f4c42dcdacee193221f17eb50,0,1,0,0,0,0,0,0,0,0,1,0,0
0x0414d8c87b271266a5864329fb4932bbe19c0c49,0,1,0,0,0,0,0,0,0,0,1,0,0
0x9db8a10c7fe60d84397860b3af2e686d4f90c2b7,0,1,0,0,0,0,0,0,0,0,1,1,1
0x52e4339b4b9ff254738d6e971e83440f60dc029c,0,1,0,1,0,0,0,0,0,0,0,1,1
0x9372b371196751dd2f603729ae8d8014bbeb07f6,0,1,0,0,0,0,0,0,0,0,1,0,0
0xde9e52f1838951e4d2bb6c59723b003c353979b6,0,1,0,0,0,0,0,0,0,0,1,0,0
0x85aa3f04e539e426cbb55c0d584ea99cfe1d96a1,0,0,0,1,0,0,0,0,0,0,0,0,0
0x4165084a6e5388ce53c9d9892f904a2712dd943a,0,1,0,0,0,0,0,0,0,0,0,0,1
0xa7cd93ed3133d82781cc17460fe1500b69a1b514,0,0,0,0,1,0,0,0,0,0,0,0,0
0x87230146e138d3f296a9a77e497a2a83012e9bc5,0,0,0,0,0,0,0,1,0,0,0,0,0
0x0aa5cae4d1c9230543542e998e04ea795eedf738,0,0,1,0,0,0,0,0,0,0,-1,-1,-1
0x5404efafdd8cc30053069df2a1b0c4ba881b3e1e,0,1,0,0,0,0,0,0,0,0,-1,-1,-1
0x32ff5b4c3b1744f0344d96fa2f87799ed2805749,0,1,0,0,0,0,0,0,0,0,-1,-1,-1
0x4534a3df5bfcedaabd2f3f557271f42b7bd57543,0,1,0,0,0,0,0,0,0,0,-1,-1,-1
0x253954d29386e174ed4bc69902391a8ed3fd51ca,0,1,0,0,0,0,0,0,0,0,-1,-1,-1
0xaf507f297b5eff8339315c4226977972734438b0,1,0,1,0,0,0,0,0,0,1,-1,-1,-1
0x2b3559c3dbdb294cbb71f2b30a693f4c6be6132d,1,0,1,0,0,0,0,0,0,0,-1,-1,-1
0x2a8dba970ba9750fa1c81b1be4c0e19c1aacca9d,0,0,0,1,0,0,0,0,0,0,-1,-1,-1
0x7172b87400b850069c425ecd18f2c2553b7fb479,0,0,1,1,0,0,0,0,0,0,-1,-1,-1
0x2ae25460c44d578e6f41ab900a7a5425b6492c16,0,1,0,0,0,0,0,0,0,0,-1,-1,-1
0xaf391eaa53fb34ae2e83e975f03461a936991245,0,1,0,0,0,0,0,0,0,0,-1,-1,-1
0x7da25bc4cfaed3f29414c6779676e53b19a356f5,0,1,0,0,0,0,0,0,0,0,-1,-1,-1
0x5946fe65ab9dc66a961234502ee96776e4fa9f52,1,0,1,1,0,0,0,0,0,0,-1,-1,-1
0xbc7cb585346f4f59d07121bb9ed7358076243539,0,1,0,0,0,0,0,0,0,0,-1,-1,-1
0x6795a9603e9992417560479b07ba04c5f0dd79e4,0,0,0,1,0,0,0,0,0,0,-1,-1,-1
0x8ed9c7e4d8dfe480584cc7ef45742ac302ba27d7,0,0,0,0,0,0,0,0,0,1,-1,-1,-1
0x3ccbcb3668d409672454d267402622fbe59a1315,0,0,0,1,0,0,0,0,0,1,-1,-1,-1
0x2dc1cda9186a4993bd36de60d08787c0c382bead,0,1,0,0,0,0,0,0,0,0,-1,-1,-1
0x3417d4fa067806f8f70c2a692548048962b7ac45,1,0,0,1,0,0,0,0,0,0,-1,-1,-1
0x158f194ce44954ad8b6161acd1802898716d0b84,0,0,1,1,0,0,0,0,0,0,-1,-1,-1
0xa2e8b27500d3bae6daad122bdd8f405b65752175,0,0,0,1,0,0,0,0,0,0,-1,-1,-1
0xdbc0e0c94707256ac2de70f0b0e182c9287663f6,1,0,0,0,0,0,0,0,0,0,-1,-1,-1
0xaf3302f7a83cb4e66b8f9450b00e7644e605878d,0,0,0,1,0,0,0,0,0,0,-1,-1,-1
0xd20ef93050c0943f74f5f8ff0cc97c74139d6437,0,1,0,0,0,0,0,0,0,0,-1,-1,-1
0x3c99f2a4b366d46bcf2277639a135a6d1288eceb,0,1,1,0,0,0,0,0,0,0,-1,-1,-1
0xd25631648e3ad4863332319e8e0d6f2a8ec6f267,0,0,1,1,0,0,0,0,0,1,-1,-1,-1
0xe0e279ee10e3bdc9b7577f5548dd46fca2e7e111,0,1,0,0,0,0,0,0,0,0,-1,-1,-1
0xe9c7a827a4ba133b338b844c19241c864e95d75f,0,1,0,0,0,0,0,0,0,1,-1,-1,-1
0x454876d97098528d83e661ed3ddf19b10e397352,1,0,0,1,0,0,0,0,0,1,-1,-1,-1
0xc51b24e6809b4e4578be862c4be19d8d767755ba,0,0,1,0,0,0,0,0,0,0,-1,-1,-1
0xbad6ea539b1b9f150d6d0b95ef4f45af70bf0bcd,0,0,1,0,0,0,0,0,0,0,-1,-1,-1
0xf22807575d019a0192395d8a5244a8bfc51d9c58,0,0,0,1,0,1,0,0,0,1,-1,-1,-1
0x06fa8deb5e82d2c05c7ce51f8c82e5e3de3f2a29,0,0,1,1,0,0,0,0,0,1,-1,-1,-1
0x6f8a43af478c3991572d655a994ccdd6405d8cde,0,0,1,0,0,0,0,0,0,0,-1,-1,-1
0x34cb0f01489ed5d0a55f0f6d5155efc137fccddb,0,0,1,0,0,0,0,0,0,1,-1,-1,-1
0x05ad901cf196cbdceab3f8e602a47aadb1a2e69d,0,0,0,1,0,0,0,0,0,1,-1,-1,-1
0x3b23a0ffbc53198d86fa5927e8ee32f7ef699a14,0,0,0,1,0,0,0,0,0,1,-1,-1,-1
0xfec3a505f67136033b27618add93329256101b4b,0,0,1,0,0,0,0,0,0,1,-1,-1,-1
0x74edaf28fc4b9e6a1618d613839daaf6a9d075db,0,0,0,1,0,0,0,0,0,1,-1,-1,-1
0xc59d46ce32d8652536b5ae96ded0242e04923fd6,0,0,1,0,0,0,0,0,0,1,-1,-1,-1
0x37760475953a7b37fdcee8d6c7506d9624565c84,0,1,1,0,0,0,0,0,1,0,-1,-1,-1
0x254433199984f5f43ffda965d83a927635afd300,0,0,1,0,0,1,0,0,0,1,-1,-1,-1
0x60b10129e83451b974260918a7a8e5ae3c44512b,0,0,1,0,0,1,0,0,0,1,-1,-1,-1
0x4d0710507b655b4038642ce0716c6e7e673c7597,0,0,1,0,0,0,0,0,0,0,-1,-1,-1
0x085ac603e691217cd33edddf587eff09c04af9e1,0,0,1,0,0,0,0,0,0,0,-1,-1,-1
0xdc1dcd09a17c23ee77568b4eaba16edd3d0503a3,0,0,1,1,0,0,0,0,0,1,-1,-1,-1
0x5dd4ec212bd8e9fa42d278e09b6d6857e4abaeca,0,0,0,0,0,0,0,1,0,0,-1,-1,-1
0x3f52ff3137b52fca2f96f41656632ee8d5e79401,0,0,1,0,0,0,0,0,0,1,-1,-1,-1
0x2d1bec79f2789a454134efaab9c4caa28f3c5828,0,0,0,0,0,0,0,0,0,1,-1,-1,-1
0xf2d5d38fa88f9e2be0830351275d0724f96b0f5f,0,0,1,0,0,0,0,0,0,0,-1,-1,-1
0x486eb84e0c8469197a2f392b633c51b401abf757,0,0,1,0,0,1,0,0,0,0,-1,-1,-1
0xdf9427170b3ab5e26039591797b538a82391eac2,0,0,0,0,0,0,0,0,1,1,-1,-1,-1
0xf17f7827403c166fda782ceb17b29900d1a2ad15,0,1,0,0,0,0,0,0,0,0,-1,-1,-1
0x733a90389db7d9c246d064a257e5652f7be36b8a,1,0,1,1,0,1,0,0,0,1,-1,-1,-1
0x880bce9321c79cac1d290de6d31dde722c606165,0,0,1,0,0,1,0,0,0,1,-1,-1,-1
0x371cf78dba846e253ea3e714e4a749ea722a6258,0,0,0,1,0,0,0,0,0,1,-1,-1,-1
0xb3b361ba28b1058f2dbdfbbb5bb3b98cf46b4540,0,0,0,0,0,0,0,0,0,1,-1,-1,-1
0x422252b656bcb93f2c3823737bf0bea0da5b02ab,0,1,1,0,0,0,0,0,0,0,-1,-1,-1
0x3ec24487f8511e7e5e03d069563a7abecdad9452,0,1,0,0,0,0,0,0,1,1,-1,-1,-1
0x7dd5b0514463f83eea3f7aae55361ea97b6d968c,0,0,0,0,0,0,0,0,0,1,-1,-1,-1
0x4303d63aa85574c0eada2116791a8318d9a07f4d,0,1,1,0,0,0,0,0,1,1,-1,-1,-1
0x1c5e99c04a1fcc474cdfdec39b80add760c0c713,0,0,0,0,0,0,0,0,0,1,-1,-1,-1
0xb4da61b4b8f720876023812a282410705eb594f3,0,0,0,0,0,0,0,0,1,1,-1,-1,-1
0x95914a07749d7ebbfa36753c3781371c45b2db27,0,0,1,1,0,0,0,0,0,1,-1,-1,-1
0x11fcb937052c7cdfeac85887a6e71510fc486cfd,0,0,1,1,0,0,0,0,0,1,-1,-1,-1
0x790540ff6117205ac6ef132a5782ba4f4a611355,0,1,0,0,0,0,0,0,1,1,-1,-1,-1
0x0ed30fe8fd51c593b077315a6cb60a9fb9b15155,0,0,0,0,0,0,0,0,0,1,-1,-1,-1
0x9d848ca913eefb0730f54a117370f929573cdd0a,0,0,1,0,0,1,0,0,0,1,-1,-1,-1
0x59375348e069fa7e0eb58b98f72d2dee078259c9,0,0,0,0,0,0,0,0,0,1,-1,-1,-1
0x706babd2a336fd61653cf8d13ddeeff66cf624bf,0,0,1,0,0,0,0,0,0,1,-1,-1,-1
0x2629c46c0700222a18194b5ede91752fab626631,0,0,0,0,0,0,0,0,0,1,-1,-1,-1
0x2d1e3be4dfd27d8d6c8f9568af27e3d8ec44d4a1,0,0,1,0,0,0,0,0,0,1,-1,-1,-1
0xe62935529b59c1c9a3f5d01323f791e309b007c3,0,1,0,0,0,0,0,0,1,1,-1,-1,-1
0xcf030ef1e14a7719aebe2471319b5547b4f22887,0,0,1,0,0,0,0,0,0,1,-1,-1,-1
0x4e8842f6caf3f64037df67c8427000dae207f56c,0,0,0,0,0,0,0,1,0,0,-1,-1,-1
0x06c61725b98f1ef191d41e6b4f1e0aa50bd465d5,0,0,0,0,0,0,0,0,1,0,-1,-1,-1
0x70faf21d51e663a24cffee1f1c22ed94c975cc7c,0,0,0,0,0,0,1,0,1,0,-1,-1,-1
0x817b5054392199fed877e1dfdf4bda7234691e8e,0,0,1,1,0,0,0,0,0,0,-1,-1,-1
0x5f351820674ccd9203ee9b019031647f31efd2d9,0,0,0,0,0,0,0,0,1,0,-1,-1,-1
0x781163f0110b69dcbb2289339e3ea16d040966d5,0,0,1,0,0,0,0,0,0,0,-1,-1,-1
0x95e6823f1fc728fd34cc79c36b69935acfc862e9,0,0,1,0,0,0,0,0,0,1,-1,-1,-1
0x7aa4b6937de7118bf4c8e56f9df3a99cefb64c1a,0,0,0,0,0,0,0,0,1,0,-1,-1,-1
0xd631464f596e2ff3b9fe67a0ae10f6b73637f71e,0,0,1,0,0,0,0,0,0,1,-1,-1,-1
0xa48d94e1cca09c4867d710cd24f002cb6aa196d3,0,0,0,0,0,0,0,0,0,1,-1,-1,-1
0xb5723edf367583b28f123dd436eef343f013d36b,0,0,0,0,0,1,0,0,0,1,-1,-1,-1
0xd21d53fa113dd5769aa1b603c296d6ae15d0044a,0,0,0,0,0,0,0,0,1,0,-1,-1,-1
0xe1e17b24f32cfe85a3c1ab63f14082d70592f6ee,1,0,0,0,0,0,0,0,0,1,-1,-1,-1
0x18a2e0ba304112134bd407744ff0b0a03ae77327,0,0,0,0,0,0,0,0,0,1,-1,-1,-1
0xe1f41f5f11e89c674d6c6c23899f7773322756f2,0,0,1,0,0,0,0,0,0,1,-1,-1,-1
0x2a895afaeb582b5c914daa3deecc08c9705c9fbc,0,0,0,0,0,0,0,1,0,0,-1,-1,-1
0xc9efd09c8170e5ce43219967a0564a9b610e5ea2,0,0,0,0,0,0,0,0,1,0,-1,-1,-1
0x737f5942d70f8f433d65823535e7ae1de1950d8e,0,0,1,1,0,0,0,0,1,0,-1,-1,-1
0xbd7afa932f59f0e451d57ba523ba379e7545a4b3,0,0,1,0,0,0,0,0,0,1,-1,-1,-1
0x448f861728f4ed28914f42b4c8c0ff70b8bd637b,0,0,1,0,0,0,0,0,0,0,-1,-1,-1
0xdf347911910b6c9a4286ba8e2ee5ea4a39eb2134,0,0,0,0,0,0,0,0,0,1,-1,-1,-1
0x3e7960a0cd30dfde3c57e071936b98c7e98c8303,0,1,0,0,0,0,0,0,1,0,-1,-1,-1
0x77018282fd033daf370337a5367e62d8811bc885,0,0,0,1,0,0,0,0,0,0,-1,-1,-1
0x1f528ea4d5d0bf9e78a15db65ae07953edc6edf6,0,0,1,1,0,0,0,0,0,1,-1,-1,-1
0x761776f726168c9df6dc63d5864880801e21f403,0,0,0,0,0,0,0,0,0,1,-1,-1,-1
0x605cfb514a2845902e17ed3c9416bd461e3f2e1b,0,0,0,0,0,0,0,0,1,0,-1,-1,-1
0xc5c24cb9177a130128fb15b0b0a74a502974f379,0,0,1,0,0,0,0,0,0,1,-1,-1,-1
0x22a681b2b57050ab42cb4a426d56a733c6ca859a,1,0,1,0,0,0,0,0,0,0,-1,-1,-1
0x10f9ccb9cfca4ad48bc9256c22ade8303cf5e95e,0,0,1,0,0,0,0,0,0,1,-1,-1,-1
0x2c44c71df4dbd3634e43ab0bc6dcb809d5286443,0,0,0,0,0,0,0,0,0,1,-1,-1,-1
0x71c349eecc025f1b618f7674ad5efcb9dda135e9,0,0,1,1,0,0,0,0,0,0,-1,-1,-1
0xd5b33544d03f54f4e4556fe6cc53254c4ff43ef7,0,0,0,0,0,0,0,0,0,1,-1,-1,-1
0x0022167e3b9f409e1ff6bb206ec6b276c372b277,0,0,0,1,0,0,0,0,0,0,-1,-1,-1
0x829d2578aa1b013665e421ae894d055da2120cc8,1,0,1,0,0,0,0,0,0,0,-1,-1,-1
0x9cb6dd255a6bbe32130ce645ec45c0a3e9d87a4a,0,0,1,0,0,0,0,0,0,0,-1,-1,-1
0x77fba84956ad63713652ddd1a574ad2c8f1bcdcf,0,1,1,0,0,0,0,0,0,1,-1,-1,-1
0xc2902f4b0c0b7ebae02ad1d85676c3afbb3d25b9,0,0,0,0,0,0,0,1,0,0,-1,-1,-1
0x1a4f05bd24c95147608657c26cd931c7b246cd21,1,0,0,0,0,0,0,0,0,0,-1,-1,-1
0xe5295855523c5802feb6d70105cf00bfe8f9c832,0,0,0,1,0,0,0,0,0,0,-1,-1,-1
0x7c86ccf95355cdae1cc5c435114d84e9bedb0841,0,1,0,0,0,0,0,0,0,0,-1,-1,-1
0xb4fc1fc74effa5dc15a031eb8159302cfa4f1288,0,0,1,0,0,0,0,0,0,0,-1,-1,-1
0x7b6ff2312c22177458b24a441a0b2bf9528dac57,0,1,0,0,0,0,0,0,0,0,-1,-1,-1
0x070669e366727369064633ef5702107d73cee0e5,0,1,0,0,0,0,0,0,0,0,-1,-1,-1
0xfae06de70e34d7390f1826dbfc7253e4328f29a5,0,0,0,0,0,0,0,1,0,0,-1,-1,-1
0x1d152e6352493fce07f17a90823cd21c51815c81,0,1,0,0,0,0,0,0,0,0,-1,-1,-1
0x920a7cbd0b5aed31827385783e7af245331ca9ee,0,1,0,0,0,0,0,0,0,1,-1,-1,-1
0xb281d84989c06e2a6ccdc5ea7bf1663c79a1c31a,0,0,0,0,0,1,0,0,0,0,-1,-1,-1
0x1a59be240aa89685145967322dfab3eba7e574db,0,1,0,0,0,0,0,0,0,0,-1,-1,-1
0x583e9b5ebb7b67157f7817ce3d57a2604fc83881,0,1,1,1,0,0,0,0,0,0,-1,-1,-1
0xbbdce1ed0986106e9efca252a1b24aaf6c34876c,0,1,1,0,0,0,0,0,0,0,-1,-1,-1
0x6fe3e5d5459d7fd7aa7b6ab15c4efdd7164944c8,0,0,0,0,0,0,0,1,0,0,-1,-1,-1
0xe2fbcb75746d30b836bef7fa8e29f84e4190e79b,0,0,0,0,0,0,0,1,0,0,-1,-1,-1
0xa26b031ad7dd0ef0df4d6af983b3b77effbdbc86,0,0,0,0,0,0,0,1,0,0,-1,-1,-1
0x7ab51257164f6e9e6ed932aa676e3e6479f1b732,0,1,0,0,0,0,0,0,0,0,-1,-1,-1
0x564a4f365c9a60617ed0947893a2c23b0b79e8c2,0,0,0,0,0,0,0,1,0,0,-1,-1,-1
0x90f06678589c5a5ca2bc7424506a393baa2e76f8,0,0,0,0,0,0,0,1,0,0,-1,-1,-1
0xa024fceaf429ca78b0b2a18fd274fbe229b1ed0e,0,0,0,0,0,0,0,1,0,0,-1,-1,-1
0xd4ace1e96ac89a4612c12bb0bcadbd29d1eab19c,0,0,0,0,0,0,0,1,0,0,-1,-1,-1
0xb11d8dd1d5a13bbdd80c8c3e9c28f7abd6714fab,0,0,0,0,0,0,0,1,0,0,-1,-1,-1
0x1300e8702240429a4f3f66cb6ab2def51c0a2ee7,0,0,0,0,0,0,0,1,0,0,-1,-1,-1
0xc6e8b0a6249e51b5b55b85af847ef884517604d6,0,0,0,0,0,0,0,1,0,0,-1,-1,-1
0x2530ab5b6508b3167494d57612613f68e11d8080,0,0,0,0,0,0,0,1,0,0,-1,-1,-1
0x106aabcde28b1c6fd93ed99a5ae12dfc31813629,0,0,0,0,0,0,0,1,0,0,-1,-1,-1
0xf9333d7a78f00ba4aea964043d577c34af2497f8,0,0,0,0,0,0,0,1,0,0,-1,-1,-1
0xde0cf62d54a53f2c72a345bea4c0e9b6158f0662,0,0,0,0,0,0,0,1,0,0,-1,-1,-1
0x51348a7c3969e670b1763d4b1c17441804ea001d,0,1,1,0,0,0,0,0,0,0,-1,-1,-1
0x91f8a9975604110c27630efaa069d3f6a4b844e7,0,0,0,0,0,0,0,1,0,0,-1,-1,-1
0x8b1d897ae48a0f6ee118eae829f2c1c8d48e44b7,0,0,0,0,0,0,0,1,0,0,-1,-1,-1
0xf99f2aec50adfde23cc67ab6240168b0a59f1d30,0,0,1,0,0,0,0,0,1,0,-1,-1,-1
0x996f581341881a796481916c6b3f34f1b74ffcdf,0,0,0,0,0,0,0,1,0,0,-1,-1,-1
0x30d79364ddc7c4a88a8dc753389fabd4fcde6b04,0,0,0,0,0,0,0,1,0,0,-1,-1,-1
0xd1c3ee0f845bcc38a8cb9dc5337dfd5a372bb8ed,0,0,0,1,0,0,0,0,0,0,-1,-1,-1
0x14ac066ac2cd24cbde31f78659c11f13ab61e4e7,0,1,0,0,0,0,0,0,0,0,-1,-1,-1
0x1ed990bdcaef4b13b01f4996dde59ecd04f1343a,0,0,0,1,0,0,0,0,0,0,-1,-1,-1
0xadd62696db2c2fb7de8e0f07f422e03bf69646a2,0,0,0,1,0,0,0,0,0,0,-1,-1,-1
0xcbb391907a492a1e721bb16ae0563243e2b71987,0,0,1,0,0,0,0,0,0,0,-1,-1,-1
0x082d7215fdfa70d969d7fb5e783f8fe86a463330,0,1,0,0,0,0,0,0,0,1,-1,-1,-1
0x302cae5dcf8f051d0177043c3438020b89b33218,0,0,1,1,0,0,0,0,0,0,-1,-1,-1
0x846422103b109efbe7dd15f541c3dfc838fc1848,0,1,0,0,0,0,0,0,0,0,-1,-1,-1
0xbe862864614fb652e663ea82fc3adead65e73d29,1,0,0,0,0,0,0,0,0,0,-1,-1,-1
0x15d5fed8f86732efec2c62e94ae8d434add7af1e,0,0,1,0,0,0,0,0,0,1,-1,-1,-1
0x7bfebd989ef62f7f794d9936908565da42fa6d70,0,0,0,1,0,0,0,0,0,0,-1,-1,-1
0x2266362f414bf2476c5465dc2ea953fe2a99ae1c,0,1,0,0,0,0,0,0,0,0,-1,-1,-1
0x1f373733ed5d6999908ea80b69b2d9cd2d63d98b,0,0,0,0,0,0,0,1,0,0,-1,-1,-1
0x2cf82a3ad32aa580110278022a6493b631044bef,0,1,0,0,0,0,0,0,0,0,-1,-1,-1
0x56d7e6a12f56dfca75fbb3f62b6f647f56f63445,0,0,0,1,0,0,0,0,0,0,-1,-1,-1
0xc58713ab4f62000ad9a59a913c97b89bb8f62282,0,0,0,1,0,0,0,0,0,0,-1,-1,-1
0xe9c28e4f233d3c64e2274e75701952ef35696d47,0,0,0,1,0,0,0,0,0,0,-1,-1,-1
0x593a3e0037c18237e153f9d00797926866ee923d,0,1,0,0,0,0,0,0,0,0,-1,-1,-1
0x84ef2e2e977062da3cfc12c038fa3ce2d42d01b1,0,0,0,1,0,0,0,0,0,0,-1,-1,-1
0xf6af193b542ce3fd00f120a49e1a5c343f74cf4a,0,0,1,1,0,0,0,0,0,0,-1,-1,-1
0xc8cbe83ed79cf762b74518be313ea5c1da0fff6c,1,0,0,0,0,0,0,0,0,0,-1,-1,-1
0x517ac17dbcd76f97c994dfe3d322f0c2ff9eda17,0,0,1,0,0,0,0,0,0,0,-1,-1,-1
0x7a1abb5b9baab8d971a318800dd43c8fb91b37ba,0,0,0,1,0,0,0,0,0,0,-1,-1,-1
0x19273d7f057a0ed9ae63d3fa025a852c5a430829,1,0,0,0,0,0,0,0,0,0,-1,-1,-1
0x883e2496df47c07c7f2987691f99d491328d98c1,1,0,0,0,0,0,0,0,0,0,-1,-1,-1
0x738ea75b01d8db931b4374c6ebd3de82d7d3a272,0,1,0,0,0,0,0,0,0,0,-1,-1,-1
0x6df52fc4c234600d2d1f064c33be762146964bb1,0,0,0,1,0,0,0,0,0,0,-1,-1,-1
0x2a763105e8abf596f9fb1a3fd07e776a26720b08,1,0,0,0,0,0,0,0,0,0,-1,-1,-1
0xf746d527336e299ce53e2ed337c2668d6cfb7c5e,1,0,0,0,0,0,0,0,0,0,-1,-1,-1
0x13e9e6160b3e48cfc07b6b8c0aeed2ef3cc66bc9,1,0,0,0,0,0,0,0,0,0,-1,-1,-1
0xc29284ef3551767b37a2ccbd54cfcbd30384b58c,1,0,0,0,0,0,0,0,0,0,-1,-1,-1
0x8f2775e4be08055c7dd4ebf654628b183106a8e1,0,0,0,1,0,0,0,0,0,0,-1,-1,-1
0xea05110ce800719cc041e5fe79490af0d94d803f,1,0,0,0,0,0,0,0,0,0,-1,-1,-1
0x9d41227c99c75cccbf4fc65cb3585a5798e77009,1,0,0,0,0,0,0,0,0,0,-1,-1,-1
0xac17a40635c3c3f824562b77e79ce2f5c5295bed,0,0,1,0,0,0,0,0,0,0,-1,-1,-1
0x0f5dd8d652b3910feebf6dae75df794a35e2fd93,1,0,0,0,0,0,0,0,0,0,-1,-1,-1
0x3eb4fc424fab9100a64c87dc19602ed03cb1b4b3,1,0,0,0,0,0,0,0,0,0,-1,-1,-1
0x8e404e8cace57ddb2e18978fdcc44753338f363a,0,0,1,0,0,1,0,0,0,0,-1,-1,-1
0xced59c3249f20ca36fba764bfdd9d94f471b3154,0,1,0,0,0,0,0,0,0,0,-1,-1,-1
0xf419707b7c8cc13fa2803e8aa57f248b20510319,1,0,0,0,0,0,0,0,0,0,-1,-1,-1
0x8e2aada8069c2fce1139de697870e83f4145a8ab,1,0,0,0,0,0,0,0,0,0,-1,-1,-1
0x807a7f15e3aa1b2188c71ab744369d422b2de3af,1,0,0,0,0,0,0,0,0,0,-1,-1,-1
0x231b69254d48de6e96c395100b3d9bce8d658e49,0,0,0,1,0,0,0,0,0,0,-1,-1,-1
0x5db5bbd56bd5b5bd456b537b6759a768ea2883de,1,0,0,0,0,0,0,0,0,0,-1,-1,-1
0xb330c402506b61ba6e351da7d217c4bb52364333,1,0,1,0,0,0,0,0,0,0,-1,-1,-1
0xdd63525fab69a97224962a076a642bfcf0714f2e,0,0,0,0,0,0,0,0,0,1,-1,-1,-1
0xf1f8444b084d8d92f121ec4194ab8eddbc74cdc8,0,1,0,0,0,0,0,0,0,0,-1,-1,-1
0xe9be1172e2a12deada42fd397ff8d4d9ed227a30,0,1,0,0,0,0,0,0,0,0,-1,-1,-1
0xa2036f15f47d6c85d9a9338390496032b9823ce5,0,1,0,0,0,0,0,0,0,0,-1,-1,-1
0x37941b3fdb2bd332e667d452a58be01bcacb923e,0,0,1,0,0,0,0,0,0,0,-1,-1,-1
0xb4615aad766f6de3c55330099e907ff7f13f1582,0,0,1,0,0,0,0,0,0,0,-1,-1,-1
0x1ee508008b30248ac6b077df6904cfca4c63785b,0,1,0,0,0,0,0,0,0,0,-1,-1,-1
0x70730a580c7dc0a635029aed8dd5edb7d150af4a,0,0,1,0,0,0,0,0,0,0,-1,-1,-1
0xc3c51c071e5f1eca09575ac35e90956ae3b27311,0,1,0,0,0,0,0,0,0,0,-1,-1,-1
0x8b99bb8ddd8103cbeccc3b20c4b0038ca65a51ae,0,1,0,0,0,0,0,0,0,0,-1,-1,-1
0x4876c5892d975780405f1b73802221b2850feb8e,0,1,0,0,0,0,0,0,0,0,-1,-1,-1
0x820ba67398c3ea745eb8766fd3f444a92d4de316,0,0,0,1,0,0,0,0,0,0,-1,-1,-1
0xf30a9cd4cd1fd9ea3270afcecde5fece34bc4aca,0,0,1,1,0,0,0,0,0,0,-1,-1,-1
0xe6eff43ca45b23470e36c9148f1beb24ca38d572,0,0,1,1,0,1,0,0,0,0,-1,-1,-1
0x6d86f0a41c3966cef8ea139648db707e912563c9,0,1,1,0,0,0,0,0,0,0,-1,-1,-1
0x05c9b6764a153faf4262d3885a845af694775953,0,1,0,1,0,0,0,0,0,0,-1,-1,-1
0x4a4ed2069ace9d0835a03716174c3c8f8882dc93,1,1,1,0,0,0,0,0,0,0,-1,-1,-1
0x6f5bafffc6bf7e17e9fdb2ddae79aee976ca0dd1,0,1,1,0,0,0,0,0,0,0,-1,-1,-1
0xc84e1748376781c09703c1292d9dd659ebfc0c8b,0,0,0,1,0,0,0,0,0,0,-1,-1,-1
0xcc63f8f2def2202f928b594ff80d8ba30d447d7e,0,1,0,0,0,0,0,0,0,0,-1,-1,-1
0x7907c5172ed24eb569f0c45141ce4e27851b9146,0,1,0,0,0,0,0,0,0,0,-1,-1,-1
0xbd2f6b7a19f2449675f7432d29d1dc1150ccd08f,0,0,1,0,0,0,0,0,0,0,-1,-1,-1
0x917216459430b99034767416c21f54f82abb5db6,0,1,0,0,0,0,0,0,0,0,-1,-1,-1
0x3bb1c03e4ed495acd60476211859729dc579502f,0,0,0,1,0,0,0,0,0,0,-1,-1,-1
0x367f87879bb49117cc0d0e92ec65bb2aabb2b823,0,0,1,0,0,0,0,0,0,0,-1,-1,-1
0x5dbb9f64cd96e2dbbca58d14863d615b67b42f2e,0,0,1,0,0,0,0,0,0,0,-1,-1,-1
0x4ee98216499b81a9942e7aa77970b68c792ff679,0,0,0,1,0,0,0,0,0,0,-1,-1,-1
0xf3dbdf718667874e19ef368721a10409345fc218,0,0,1,0,0,0,0,0,0,0,-1,-1,-1
0x36206debfaf4c686be01e5e68fdea66d09b4319a,0,1,0,1,0,0,0,0,0,0,-1,-1,-1
0xc3602d8d7301a69b8e36ac438b911fbe4f8a37b3,0,1,1,0,0,0,0,0,0,0,-1,-1,-1
0x8883fa1d06b1653b08557f90f19c92b86c382cfb,0,1,1,0,0,0,0,0,0,0,-1,-1,-1
0x40f75ed09c7bc89bf596ce0ff6fb2ff8d02ac019,0,1,0,0,0,0,0,0,0,0,-1,-1,-1
0xc5019e129b75d380d3d837b8e609dec6c8f5d044,0,0,1,1,0,0,0,0,0,0,-1,-1,-1
0x37cd4e8875e3edaffdfe9be63958f07effbd0bfd,0,1,0,1,0,0,0,0,0,0,-1,-1,-1
0x66fff5bb007c4885a00fc14bdb1eee389b804ef7,0,1,0,1,0,0,0,0,0,0,-1,-1,-1
0x79879c0a8b949458dfa60ca7a8df24f59e42bb1b,0,1,0,0,0,0,0,1,0,0,-1,-1,-1
0xd029fdbf7b826c97982f3dabe4f930d9148363fe,0,0,0,0,0,0,0,1,0,0,-1,-1,-1
0xed0624512d6d4c8e6b1335d5039b53e82400e037,0,0,1,1,0,0,0,0,0,0,-1,-1,-1
0x6e70ee54564298e7f1dc0523f8190aef8529ebbf,0,1,0,0,0,0,0,1,0,0,-1,-1,-1
0xb9934562d37e5a6c883de7ce54d6febb36dcbfda,0,0,1,0,0,0,0,0,0,1,-1,-1,-1
0x5459b93a1bdf9cb027e70cdf7bfc450e41fdf326,0,0,0,1,0,0,0,0,0,0,-1,-1,-1
0x2f8726192d599806e1eabbed1687e48e38e56489,0,0,0,1,0,0,0,0,0,0,-1,-1,-1
0x76d44d2d4056b48c30a2eeacbd1583d3c7087a6d,0,0,1,1,0,0,0,0,0,0,-1,-1,-1
0xd4ac227eb1a4c0384aae06f7808f08bb8f516ebf,0,0,0,1,0,0,0,0,0,0,-1,-1,-1
0x62dfdb6e54b4e876e5e7003a71097ddd5affaa05,0,0,0,0,0,0,0,1,0,0,-1,-1,-1
0x0725a39120e3987dc88856800c409260286616c2,0,0,1,1,0,0,0,0,0,1,-1,-1,-1
0x636cc5d886f928c2e33d0d52b0fcae0155cbce25,0,0,0,1,0,0,0,0,0,0,-1,-1,-1
0x673246c704b6ba3982549230e9b05acf07c255b6,0,0,1,1,0,0,0,0,0,1,-1,-1,-1
0xe7a4d4669ad6b445f213e213768d0673c2637795,0,0,1,0,0,0,0,0,0,0,-1,-1,-1
0xc31abb4be8d38772b90b46be7e88f84cfe08cef9,0,0,1,0,0,0,0,0,0,0,-1,-1,-1
0x8f81bbc8cd2484b252e8288528cf2ec903619369,0,0,1,0,0,0,0,0,0,0,-1,-1,-1
0x8993bb142c1be4dd22c1f79b3a68b18852b55aad,0,0,0,0,0,0,0,0,0,1,-1,-1,-1
0x44ce3a2e98125c1c370beb6fba6e8bc19cab3fd9,0,0,0,1,0,0,0,0,0,0,-1,-1,-1
0xbcc1ae526d8bebab02af19945a866ddc0df80f37,0,0,0,0,0,0,0,1,0,0,-1,-1,-1
0x6185521d06f17ab5fbe187dc9a699c3c021090d5,0,0,0,0,0,0,0,1,0,0,-1,-1,-1
0xa73835d6337719f316ad66f3c11ac6cc9bcf7b07,0,0,1,1,0,0,0,0,0,0,-1,-1,-1
0x0003018ba02bacafc28cd8926d4a46a4bb20d76a,1,1,0,0,0,0,0,0,0,0,-1,-1,-1
0x9119e3f30c18b9e6b16ab6589534391e5e4a5653,0,0,1,0,0,0,0,0,0,1,-1,-1,-1
0xe5af63234f93afd72a8b9114803e33f6d9766956,0,0,0,0,0,0,0,1,0,0,-1,-1,-1
0x5a6b8dad072bb9257dcd6b3125126c0637aa2f0a,0,0,0,1,0,0,0,0,0,0,-1,-1,-1
0xd23b64dbd334d12c38f09cc9eb23350aa1034c30,0,0,1,1,0,0,0,0,0,0,-1,-1,-1
0xc48b4814faed1ccc885dd6fde62a6474aecbb19a,0,0,0,1,0,0,0,0,0,0,-1,-1,-1
0x4b6cb2bf1f0b594d0211c4df2b0dd1aa4c7a1892,0,0,0,1,0,0,0,0,0,1,-1,-1,-1
0x48a0b5f2d0f36598f470334f4fe21900bf2bf71b,0,0,1,0,0,1,0,0,0,0,-1,-1,-1
0x29bb058cc9f11ec778a6691a4ea4c54186837112,1,1,0,0,0,0,0,0,0,0,-1,-1,-1
0x436f510a72f7972996b07dc2edeafa26308539e7,0,0,1,1,0,0,0,0,0,0,-1,-1,-1
0xc631a358c9ef5da18144a185b7122735d4c04be9,0,0,0,1,0,0,0,0,0,0,-1,-1,-1
0xeda3eb7a5494443beb800cd4cc70388228cee84e,0,0,1,1,0,1,0,0,0,0,-1,-1,-1
0x5f594c5fe7d5688f1cc5df2869d6019dfd99a208,0,1,1,1,0,0,0,0,0,0,-1,-1,-1
0xfd808d72761ad2423f100c53aa2f2c7f133def0a,0,0,0,0,0,0,0,1,0,0,-1,-1,-1
0xe0f463832295adf63eb6ca053413a3f9cd8bf685,0,1,0,0,0,0,0,0,0,0,-1,-1,-1
0x7e20fec0e64e81e4b9812bd4886cd1fd3ad4df45,0,0,1,1,0,0,0,0,0,1,-1,-1,-1
0xe5ba47fd94cb645ba4119222e34fb33f59c7cd90,0,0,0,1,0,0,0,0,0,0,-1,-1,-1
0x374df15933567e9b3ef19361d64b708519d31695,0,0,1,0,0,0,0,0,0,0,-1,-1,-1
0xe77d77309027c71f006dff5d2f1b76060f4f5f13,0,0,1,1,0,0,0,0,0,0,-1,-1,-1
0x20e7125677311fca903a8897042b9983f22ea295,0,0,0,0,0,0,0,1,0,0,-1,-1,-1
0x82b558c60fc4d1e12862b0d8fad693ae81aba48c,0,1,0,0,0,0,0,0,0,0,-1,-1,-1
0x4eadbfe053dcecdf13e51dc5e429305be6a802d3,0,0,1,0,0,0,0,0,0,0,-1,-1,-1
0x1d7f3bcd965bfd03eec6942f283516708bb448a9,0,0,0,0,0,0,0,1,0,0,-1,-1,-1
0x3f2807f783c394641a9fd1bbb568b5fcbec25575,1,1,0,0,0,0,0,0,0,0,-1,-1,-1
0x4a3c2be1caa3cb7e0a2c34b11b383fb82da5162f,0,0,1,0,0,0,0,0,0,0,-1,-1,-1
0x40e0a6ef9dbadfc83c5e0d15262feb4638588d77,0,0,1,0,0,0,0,0,0,0,-1,-1,-1
0x2aa504586d6cab3c59fa629f74c586d78b93a025,0,0,0,1,0,0,0,0,0,0,-1,-1,-1
0x24676ea2799ac6131e77bcd627cb27dee5c43d7e,0,0,0,0,0,0,0,0,0,1,-1,-1,-1
0x208cfec94d2ba8b8537da7a9bb361c6baad77272,0,1,0,1,0,0,0,0,0,0,-1,-1,-1
0x5dc53496e8dd50887785d75d432cba6a86f82cad,0,0,1,1,0,0,0,0,0,0,-1,-1,-1
0x988a3e9834f1a4977e6f727e18ea167089349ba2,0,1,0,0,0,0,0,0,0,0,-1,-1,-1
0x0f34919404a290e71fc6a510cb4a6acb8d764b24,0,1,0,0,0,0,0,0,0,0,-1,-1,-1
0x25e44e0250f0492c188918f2d726b4861263ef5b,0,0,1,0,0,0,0,0,0,0,-1,-1,-1
0xaafa10755b3b1dbf46e86d973c3f27f3671ed9db,0,1,0,0,0,0,0,0,0,0,-1,-1,-1
0xa048c212449c68eaaf866309c1202db7ab512c5c,0,0,0,1,0,0,0,0,0,0,-1,-1,-1
0x27c828e9f972dc907bcea3d87f194c6b533d808d,0,1,0,1,0,0,0,0,0,0,-1,-1,-1
0x9943107d6fc813a257c7ceb63ee4bc238e49cfb8,0,1,0,0,0,0,0,0,0,0,-1,-1,-1
0x17cd80aa8f4aed7c403e4c6b9c2cd3fabef09d99,0,0,1,1,0,1,0,0,0,1,-1,-1,-1
 0x9531c509a24ceec710529645fc347341ff9f15ea,0,0,0,0,0,0,0,1,0,0,-1,-1,-1
0x507586012a126421c3669a64b8393fffa9c44462,0,1,0,0,0,0,0,0,0,0,-1,-1,-1
0x3308cecce12518ed1a075bbd4eca20273b5b8ff1,0,1,0,0,0,0,0,0,0,0,-1,-1,-1
0x710122026bf280f3c99a829f33e9fa4d8df73dc0,0,1,0,0,0,0,0,0,0,0,-1,-1,-1
0x20b9ffd06d32eaee94edcd9098db01b2d13d4c61,0,1,0,0,0,0,0,0,0,0,-1,-1,-1
0x98cb26fc9bc01fabeae0a6acd661d8bbbbb863be,0,1,0,0,0,0,0,0,0,0,-1,-1,-1
0xbdcfc20eb75d52e6a408aba5e16e8999b18a2653,0,1,0,0,0,0,0,0,0,0,-1,-1,-1
0x72f9ebc0ba6d64603621469258e6687f2c4921da,0,1,0,0,0,0,0,0,0,0,-1,-1,-1
0xf093b0e654ec92bf0c2abc0d94e4a7e673fd03d4,0,1,0,0,0,0,0,0,0,0,-1,-1,-1
0x233a65b06ef83ccf2fd58832086dd782f9da1642,0,1,0,0,0,0,0,0,0,0,-1,-1,-1
0x67b537abe7187e357d67593aa7a46806d0275389,0,1,0,0,0,0,0,0,0,0,-1,-1,-1
0xa2eb9e826d66d8399ad4b75d01da8f30ae29ef8b,0,1,0,0,0,0,0,0,0,0,-1,-1,-1
0xe83e098eedb43b33d340d4757529e5a2c4ee3230,0,0,0,1,0,0,0,0,0,0,-1,-1,-1
0x0cd7ca934c174f43b2c69683ed302db0f5cf199e,0,1,1,1,0,0,0,0,0,0,-1,-1,-1
0x15f203e0bf4f86f9c3b4a35be5433f2f9daf2188,0,1,0,0,0,0,0,0,0,0,-1,-1,-1
0x9da9dc22c7b7d1d38a01ee074ed46a8e10e129ad,0,1,0,0,0,0,0,0,0,0,-1,-1,-1
0x1193b7059d65873efd8f781d77c60f1b81fe2ab2,0,1,0,0,0,0,0,0,0,0,-1,-1,-1
0x454329a3a3f7e2b98c47fd0392e863dc6f51567f,0,1,0,0,0,0,0,0,0,0,-1,-1,-1
0x78aa8f4c712d2be19e75472737e5e0d9ca43763e,0,1,0,0,0,0,0,0,0,0,-1,-1,-1
0xeb9126d215f8c87b7dd864b3011fbb46260bcbe6,0,1,0,0,0,0,0,0,0,0,-1,-1,-1
0xaf6193aeaffdd9c89d7b3a2bc9a96676328df230,0,1,0,0,0,0,0,0,0,0,-1,-1,-1
0x4fbdfb60ec6123821d09d645fb94511a93c49f13,0,1,0,0,0,0,0,0,0,0,-1,-1,-1
0xe007e72142217204041c6bf08e8dc0c9387d3cca,0,1,0,0,0,0,0,0,0,0,-1,-1,-1
0x7a2efb71a36b387e35e2cc683435727e35c1e978,0,1,0,0,0,0,0,0,0,0,-1,-1,-1
0x2dab4ce3490bb50b2ea4c07ab1b6a9cfe29d89b3,0,0,0,0,0,0,0,0,0,0,-1,-1,-1
0xea27688726a94c21180a300484d55a791f993fc6,0,1,0,0,0,0,0,0,0,0,-1,-1,-1
0x967e7ef78afbb658f1894f4d48fbe82899d5c4e8,0,1,0,0,0,0,0,0,0,0,-1,-1,-1
0x86fa049857e0209aa7d9e616f7eb3b3b78ecfdb0,0,1,0,0,0,0,0,0,0,0,-1,-1,-1
0xb183814602773f3156fc149016800f3b913b4c29,0,1,1,1,0,0,0,0,0,0,-1,-1,-1
0xc38a62ecfcb31a69c9f7e5a39e9d0320d2f6729f,0,1,0,0,0,0,0,0,0,0,-1,-1,-1
0xe62ae6bf3817196d1122683df1ae4019014dd0b5,0,1,0,0,0,0,0,0,0,0,-1,-1,-1
0x1c738fc81d6dd69ad0bbc86b23f43265d65d92ce,0,1,0,0,0,0,0,0,0,0,-1,-1,-1
0x4a6569ff2ca81a37342875d684aeb95e0a6d0534,0,1,0,0,0,0,0,0,0,0,-1,-1,-1
0x7d0a7c00f9bb62aaf2c811c56716ab96ad216546,0,0,1,0,0,0,0,0,0,0,-1,-1,-1
0x4d0b6356605e6fa95c025a6f6092eccf0cf4317b,0,1,0,0,0,0,0,0,0,0,-1,-1,-1
0xb81ea7581aa24c4ca0e8fc99918da7ae60139a87,0,1,1,0,0,0,0,0,0,1,-1,-1,-1
0xc0af9cc9826e541489d02c0d2fa6eca0fe517e20,0,1,0,1,0,0,0,0,0,0,-1,-1,-1
0x94ee788d976c680ca22e8782e4584ac60005d033,0,1,0,0,0,0,0,0,0,0,-1,-1,-1
0xaa7be9e55ca3a1b48dcbe4712e75a95a7d8aac9f,0,1,0,0,0,0,0,0,0,0,-1,-1,-1
0x9ae2a45c924af622b5155859920fedb469e7faf9,0,1,0,0,0,0,0,0,0,0,-1,-1,-1
0x9ad36aff5c08f5007e5f1c168f2b958db77ef7c4,0,1,0,0,0,0,0,0,0,0,-1,-1,-1
0xb966150c7a0150ed4ea979e04f18d109301aab95,0,0,0,1,0,0,0,0,0,1,-1,-1,-1
0xdec72bbc3365646fe0267fc08cd05f79c4be0060,0,1,0,0,0,0,0,0,0,0,-1,-1,-1
0x359ef5f20c07b1f8e76c69399789fc7d4ffac912,0,0,0,1,0,0,0,0,0,1,-1,-1,-1
0xfd99fc6c75bf49c8de18cc706c478b7349fe2777,0,1,1,1,0,0,0,0,0,1,-1,-1,-1
0xcfe7127212ff9b45c0bed4aed32aaf30e34e6aca,0,1,0,0,0,0,0,0,0,0,-1,-1,-1
0x3583c4b76b02e953f0d07bff6603c5f09f439443,0,1,0,0,0,0,0,0,0,0,-1,-1,-1
0x9c994bd7df0fbda6f3fe3178783face2b18e4dbe,0,1,0,1,0,0,0,0,0,0,-1,-1,-1
0x65ff69c76f8be20ea4dede0455e89ec456694483,0,1,0,0,0,0,0,0,0,0,-1,-1,-1
0x4b10b781d7a60c3308359c1f95f12b4d1913892f,0,1,0,0,0,0,0,0,0,0,-1,-1,-1
0x07e903a1acb9f1d186f284fd4e769c6426791443,0,0,0,1,0,0,0,0,0,0,-1,-1,-1
0xdca9c8810d8a7bdce68c0aec7d803584a842d3a3,0,1,0,0,0,0,0,0,0,0,-1,-1,-1
0x387ab2f298937ace3ee44c01f543107768991c0d,0,1,0,1,0,0,0,0,0,0,-1,-1,-1
0x2d18050ad9d8bb3e760f60d534e13a4c1681385a,0,1,0,0,0,0,0,0,0,0,-1,-1,-1
0x77df72b1d05bf8f523a59191281619005500f74b,0,1,0,1,0,0,0,0,0,0,-1,-1,-1
0x96e53d16888e537695d718171d8ebcadc456bbca,0,1,0,0,0,0,0,0,0,0,-1,-1,-1
0x8319ce36f8cbb1e1dc9e8ea42c166b22ce0c5f99,0,1,0,0,0,0,0,0,0,0,-1,-1,-1
0xf10e339d581a42a1e456d600b7eec4a88d277234,0,1,0,0,0,0,0,0,0,0,-1,-1,-1
0x0b667aee8afe91d30e21e44b11fb737426bc3d9a,0,1,0,0,0,0,0,0,0,0,-1,-1,-1
0xe4a927f41c4708ff4087e12e4acc4301972356af,0,1,0,0,0,0,0,0,0,0,-1,-1,-1
0x8f30c8cc5c254b2922e50be564beb88a21c4d9d1,0,1,0,0,0,0,0,0,0,0,-1,-1,-1
0x3d275cb965868c23bb7fa0fd5170239cd31b01cb,0,1,0,0,0,0,0,0,0,0,-1,-1,-1
0x8c38fb7ab9a344805ecff0294458377fed112e57,0,1,0,0,0,0,0,0,0,0,-1,-1,-1
0x3a58aa4a8899fd437e87d21b87832e1b743e891c,0,1,0,0,0,0,0,0,0,0,-1,-1,-1
0x68f33bc57aae271c5d6b75bd95172743bd4d35eb,0,1,0,0,0,0,0,0,0,0,-1,-1,-1
0x7c5894dc72bca37bb6eed8a9c78adc4ddae482d7,0,1,0,0,0,0,0,0,0,0,-1,-1,-1
0x815f7f190a472618be2c3dbc54523bdb03faa187,0,1,0,0,0,0,0,0,0,0,-1,-1,-1
0xb7869e379aaa7c7d30b67ba01ced5da2bb7be14d,0,1,0,0,0,0,0,0,0,0,-1,-1,-1
0x8e6898d3854e0a2cd3790173be9091b30339d717,0,1,0,0,0,0,0,0,0,0,-1,-1,-1
0x6710f8085f2eaf9fea2db0008cdc1e1fe7699e5b,0,1,0,0,0,0,0,0,0,0,-1,-1,-1
0x489e1d5538702f72f0f0a5f764eab50ba8f93cce,0,1,0,0,0,0,0,0,0,0,-1,-1,-1
0xfb38cf1a9bb63a4936a0a11e4e8b6d076f6110b0,0,1,0,0,0,0,0,0,0,0,-1,-1,-1
0x318a611c512cdbd65a7a98d93ef82125420ee652,0,1,0,0,0,0,0,0,0,0,-1,-1,-1
0x5ee8446b060755256002ab40cd24482e12d8a96f,0,1,0,0,0,0,0,0,0,0,-1,-1,-1
0x569610567f5262b6a9bfdf6b04793a407d8e97c7,0,1,0,0,0,0,0,0,0,0,-1,-1,-1
0x3b74e4eebdf79d85fe16fd5437d9136fe5232be9,0,1,0,0,0,0,0,0,0,0,-1,-1,-1
0xdd3f44d093f581370557c2a433529a4a6649c556,0,1,0,0,0,0,0,0,0,0,-1,-1,-1
0xdf4fe3c10049ee6017ba4a6f6363479187986748,0,1,0,0,0,0,0,0,0,0,-1,-1,-1
0xa356097644cb4e0bcf939ace69a719849521cd8b,0,1,0,0,0,0,0,0,0,0,-1,-1,-1
0x84900a5c08ae0201940d76c72ea56f836bd8d8f4,0,1,0,1,0,0,0,0,0,0,-1,-1,-1
0xf2aa50d892bf476aca7b14c8bf590a8ce65b3282,0,1,0,0,0,0,0,0,0,0,-1,-1,-1
0x75bd46ff3e3f0bfa1e3400156f91461909a555c6,0,1,1,0,0,0,0,0,0,0,-1,-1,-1
0xc6cc722b0fcf11ff55b4c329b76d5124b24e18fb,0,1,0,0,0,0,0,0,0,0,-1,-1,-1
0x67749e090fc7258982fc00d27a2ad708d6f97f44,0,1,0,0,0,0,0,0,0,0,-1,-1,-1
0x740676fef9f13d499ef890028b065d6282e472e3,0,1,0,0,0,0,0,0,0,0,-1,-1,-1
0x731812990c96e96060d782a9f1fd1f68650ef1eb,0,1,0,1,0,0,0,0,0,0,-1,-1,-1
0x4912b5fee159a2073df3566be41610ed0969e7df,0,1,0,0,0,0,0,0,0,0,-1,-1,-1
0xb63bf77619133edc879e75326c867dc6926b7d2a,0,1,0,0,0,0,0,0,0,0,-1,-1,-1
0xfa00505ac5ef3b2bb37e421d9146c167d4c3c741,0,1,0,0,0,0,0,0,0,0,-1,-1,-1
0x7801542a76b116b2d358ada1f5b094bc052f1cb4,0,1,0,0,0,0,0,0,0,0,-1,-1,-1
0xf9ef4932c713c30345fcc6467a0d855ec8090e0a,0,1,0,0,0,0,0,0,0,1,-1,-1,-1
0xdf4a607e1f402f4ecd29c45d1347ddfa003b76ac,0,1,0,0,0,0,0,0,0,0,-1,-1,-1
0x9eaacd7d41fdde61314eeeb61326c06402b9bfe3,0,1,0,0,0,0,0,0,0,0,-1,-1,-1
0xac8071a2d6b2347751db4b380deb798af95860bc,0,1,0,0,0,0,0,0,0,0,-1,-1,-1
0x205c23bd79d134f0f76f0b8b58d618c4b9449e84,0,1,0,0,0,0,0,0,0,0,-1,-1,-1
0x7706ea9d7c59316436660efebb06a428d0c8954d,0,1,0,0,0,0,0,0,0,0,-1,-1,-1
0x77f7518e4da5240eccc7e5a673e5ff3759ead795,0,1,0,0,0,0,0,0,0,0,-1,-1,-1
0xb3aec2a1737a94b8458a1b6940412fb9cc41f2b9,0,1,0,1,0,0,0,0,0,0,-1,-1,-1
0xceb54b80ac921d0de3133d0047b8f75dd1742a9a,0,1,0,0,0,0,0,0,0,0,-1,-1,-1
0xf573f6cfa6ba5100776a334c24c644b2785794f0,0,1,0,0,0,0,0,0,0,0,-1,-1,-1
0xa6226c90b58c64611fcc8551228b20557e34f1a9,0,1,0,0,0,0,0,0,0,0,-1,-1,-1
0x9e3571fbf2c4199c7e4e4167fa897891c56576e0,0,1,0,1,0,0,0,0,0,0,-1,-1,-1
0xc8e763d7d1fb08e1249a046bbc9e1ca45ff7b9f2,0,1,1,1,0,0,0,0,0,0,-1,-1,-1
0xedaf4a8e3ca36035094223b37ca9da7f7dde6b1b,0,1,1,1,0,0,0,0,0,0,-1,-1,-1
0x9b7cf9ec7c92a57858a517824eb57775105dbb9e,0,1,1,1,0,0,0,0,0,0,-1,-1,-1
0xdff5ae6213b65ad7355c72d19c3c1a3d8c2c78fd,0,1,0,0,0,0,0,0,0,0,-1,-1,-1
0x702638277cf7464fd815d73322bc6b4d7c6cf3b1,0,1,0,0,0,0,0,0,0,0,-1,-1,-1
0xd8204b91e4504b132557a055317294b39d96275a,0,1,0,0,0,0,0,0,0,0,-1,-1,-1
0x8d2fad82aa2962c6a4cd4d172ac74e0f2b64ec8d,0,1,0,0,0,0,0,0,0,0,-1,-1,-1
0xc5a10bfadc3c4efb317f4cf01a4af9fc83db755f,0,1,1,0,0,0,0,0,0,0,-1,-1,-1
0xc07afe7d2e7689ada0d0de668b6fc3c981967bde,0,1,0,1,0,0,0,0,0,0,-1,-1,-1
0x0fabd04f68ff13a72eb1542201a211ee70feba5f,0,1,0,0,0,0,0,0,0,0,-1,-1,-1
0xf0168d40aafaa078deb86b321941ce35ae5661e9,0,1,0,0,0,0,0,0,0,0,-1,-1,-1
0x90d7219bfe2dedca9ef5bdf599141f2c6eb36248,0,1,0,0,0,0,0,0,0,0,-1,-1,-1
0x3c37a717bc49469a9f3adf562dedbdcf3a94a6de,0,1,0,0,0,0,0,0,0,0,-1,-1,-1
0x2a1c844d7479ba8f9536abc5db680a7c021bcd99,0,1,0,0,0,0,0,0,0,0,-1,-1,-1
0xfb5833f486679f3e3df0c93c33e6d21fc312913a,0,1,0,1,0,0,0,0,0,0,-1,-1,-1
0xcfc86a2cf04c3e7c6789540dc796b9c238293945,0,1,0,0,0,0,0,0,0,0,-1,-1,-1
0x8933864eb758c3f6e02f099e578055d7b1ae85bd,1,0,0,0,0,0,0,0,0,0,-1,-1,-1
0x55642e8df0153010df8415f0d2e6e4679a1d5d88,0,1,0,1,0,0,0,0,0,0,-1,-1,-1
0xe0e400617a20adee7b2034324c3fa4c37bce97e8,0,1,0,0,0,0,0,0,0,0,-1,-1,-1
0x1053fa642c14a9a0f67910fa31819acb48859627,0,1,0,1,0,0,0,0,0,0,-1,-1,-1
0x703418a72fc982ec157b6388e6e9f2c9e09d96d3,0,1,0,0,0,0,0,0,0,0,-1,-1,-1
0x77f4977e71b7a9f9d47d895c838136e7cc670c82,0,1,0,0,0,0,0,0,0,0,-1,-1,-1
0xa12005eda0eb0f83462d39a8452b3b976f926a76,0,1,0,0,0,0,0,0,0,0,-1,-1,-1
0x26ebcc14842dcc8ab75c09284707e2bbcaddfe5c,0,1,0,0,0,0,0,0,0,0,-1,-1,-1
0x750363605a07e198bf8ce242e7c522ba6997a29c,0,1,0,0,0,0,0,0,0,0,-1,-1,-1
0x5512d41616c839042459babb3f969b2c90323633,0,1,0,0,0,0,0,0,0,0,-1,-1,-1
0xb44d111a55fa1737b8ac7dd8f10b8abb4541d053,0,1,0,1,0,0,0,0,0,0,-1,-1,-1
0x0725518b659c3640969fc45d891cb845041ed5df,0,1,0,0,0,0,0,0,0,0,-1,-1,-1
0x4270ca010388f4d119593a9a609669eb2e0fee1a,0,1,0,1,0,0,0,0,0,0,-1,-1,-1
0x2da04e42d171a720382917cb35966ed45c7039da,0,1,0,0,0,0,0,0,0,0,-1,-1,-1
0xd66f33f7a51baca6d3d41fe316baadd8622c8131,0,1,0,0,0,0,0,0,0,0,-1,-1,-1
0x2c082a245d472d9b4f396d11937ffacd5570a486,0,1,1,0,0,0,0,0,0,0,-1,-1,-1
0x6067042494860178dacb0ab200d5a92f409a2256,0,1,1,0,0,0,0,0,0,0,-1,-1,-1
0xbb1477d0cf1430b15ed7bf056a7e9de87441fdaf,0,1,0,0,0,0,0,0,0,0,-1,-1,-1
0x1697198726858f52dd5b1380421f27d567797850,0,1,0,0,0,0,0,0,0,0,-1,-1,-1
0x6e6fb3a10f73827ceea365543d985493709abc4b,0,1,0,0,0,0,0,0,0,0,-1,-1,-1
0xa1632f4dae2919634670264aa6e6b7b61b52908c,0,1,0,0,0,0,0,0,0,0,-1,-1,-1
0x8c2d08ae44e25caad9de36aa726fbc5671e2b081,0,1,0,0,0,0,0,0,0,0,-1,-1,-1
0x9905c2383008c1c2e5c0650d23ff6f940fa32a28,0,1,0,0,0,0,0,0,0,0,-1,-1,-1
0xa8a9a6b2a7c4b1ff1e3d2e35cf745d6f6d062e99,0,1,0,0,0,0,0,0,0,0,-1,-1,-1
0x141ccd27bbca7524dc6b7eea1eb41e097d7e832d,0,1,0,0,0,0,0,0,0,0,-1,-1,-1
0x23e794d2fa4983c635efd0c02b6ecb8e99ce6879,0,1,0,0,0,0,0,0,0,0,-1,-1,-1
0x1bfc7d1748843f490f8fcecaa44d608881535cc1,0,1,0,1,0,0,0,0,0,0,-1,-1,-1
0xf882413338a88f3d41f0df4c31d8ca5d33e3e3d1,0,1,0,0,0,0,0,0,0,0,-1,-1,-1
0x175ab41e2cedf3919b2e4426c19851223cf51046,0,1,0,0,0,0,0,0,0,0,-1,-1,-1
0x7c89b9ee3adea9ffb0a25a9f45e2e962b47cb931,0,1,0,0,0,0,0,0,0,0,-1,-1,-1
0x152ce3dddfabc381ad14c3d1fde07a93eb03f169,1,0,1,0,0,0,0,0,0,0,-1,-1,-1
0x26a1c3449a43c13f72452247996f904707d5e91d,1,0,0,0,0,0,0,0,0,0,-1,-1,-1
0xad2fc798c6ff076545bc023fbd0fa43633ad4df9,0,0,0,0,0,0,0,0,0,1,-1,-1,-1
0xf3ca45633b2b2c062282ab38de74ead2b76e8800,0,1,0,0,0,0,0,0,0,0,-1,-1,-1
0xa24c6991ae8bfe3ddb9e00a078455819e85637ff,0,1,0,0,0,0,0,0,0,0,-1,-1,-1
0xafad6387e0b83d73eb758a05f4d2e70dd54e2228,1,1,0,0,0,0,0,0,0,0,-1,-1,-1
0x64a27e640f1c2283c803fc10e3181459e2975695,0,1,0,0,0,0,0,0,0,0,-1,-1,-1
0xa465814a44747fa366bce8d65666b0f39123a99b,0,1,0,0,0,0,0,0,0,0,-1,-1,-1
0x2210412eb1a95b391b0cd4b475c508a1088c8a55,0,1,0,0,0,0,0,0,0,0,-1,-1,-1
0x159aad97c625c7eac5ddddbc088c639490b9c55a,0,1,0,0,0,0,0,0,0,0,-1,-1,-1
0x84e9885be04e14ce7c66a3b270c3e804bf91732e,0,1,0,0,0,0,0,0,0,0,-1,-1,-1
0xee61921ca013dd3fdc09965e239a9f0035453109,0,1,0,0,0,0,0,0,0,0,-1,-1,-1
0xffad3dcefa6ac11d2aca3a8bda27e0650b3c1c3e,0,1,0,0,0,0,0,0,0,0,-1,-1,-1
0xb1f5b0e504c46c1c0d115e4e1ee4c6bdf63f252e,0,1,0,0,0,0,0,0,0,0,-1,-1,-1
0xfdf9cae8b8b496e7e6145de80821e58fa12747bd,0,1,0,0,0,0,0,0,0,0,-1,-1,-1
0x558d9e1bd77b22c9ba31222a68f173f55cf55813,0,1,0,0,0,0,0,0,0,0,-1,-1,-1
0x01fd5ccc564bb79b168f152fb8f1aac76124a018,0,1,0,0,0,0,0,0,0,0,-1,-1,-1
0x36eea950eb74ca6639f64fb4b16f0adb6844ec72,0,1,0,0,0,0,0,0,0,0,-1,-1,-1
0x9ce5ffa03e263505547042d2febc11531eb7aa71,0,1,0,0,0,0,0,0,0,0,-1,-1,-1
0x24b9822aacc8986b2d8f5d4df7fc900a4c108295,0,1,0,0,0,0,0,0,0,0,-1,-1,-1
0xea04c94ed49327cb52b142eb3aa1c2a656e9a5bc,0,1,0,0,0,1,0,0,0,0,-1,-1,-1
0x9e0bc04dad42429523fd375b9a0a2384d1738fa0,0,1,0,0,0,0,0,0,0,0,-1,-1,-1
0x95fc8747eb0246eeb59d9c5df76ec806d77f7b2d,0,1,0,0,0,0,0,0,0,0,-1,-1,-1
0xfb19cef55cfbb082489a4a79a484353198fec099,0,1,0,0,0,0,0,0,0,0,-1,-1,-1
0xe5e28532614ec9fc81b1b83404fabb09e6b2b591,0,1,0,1,0,0,0,0,0,0,-1,-1,-1
0x5e46aa897f7545628fde5aeba7a202547572eb9e,0,1,0,1,0,0,0,0,0,0,-1,-1,-1
0xf5d0fefaab749d8b14c27f0de60cc6e9e7f848d1,0,1,0,0,0,0,0,0,0,0,-1,-1,-1
0x2d4effc84fabb4aba0bc16582cd9931498af10e4,0,1,0,0,0,0,0,0,0,0,-1,-1,-1
0x48445110edc612cd2520f3f48f877817800e792a,0,1,0,1,0,0,0,0,0,0,-1,-1,-1
0x1ef43a30b70628d0bfe676d036d3b7147b250b51,0,1,0,0,0,0,0,0,0,0,-1,-1,-1
0x9096236747706f7bffab31578615534ad62ef5c5,0,1,0,0,0,0,0,0,0,0,-1,-1,-1
0xd9d4467f115effaa0dd3af9749768ebb5d9f06e1,0,1,0,0,0,0,0,0,0,0,-1,-1,-1
0x348b7f3106b5da47405332534d06069ff9ce4d1b,0,0,0,1,0,0,0,0,0,1,-1,-1,-1
0x099c7ff2783cd9bef5942352084a9d4d5669285d,0,1,0,0,0,0,0,0,0,0,-1,-1,-1
0xefbb2129a700eb79ad7babe2eab477bcfc95dc38,0,1,0,0,0,0,0,0,0,0,-1,-1,-1
0x002e53436696821ec06b177ebc24d1765aec08ec,0,1,0,0,0,0,0,0,0,0,-1,-1,-1
0xcd734b1f9b0b976ddc46e507d0aa51a4216a1e98,1,1,0,0,0,0,0,0,0,0,-1,-1,-1
0x485a1703506acbca235d87266322f66694cbc781,0,1,0,0,0,0,0,0,0,0,-1,-1,-1
0x66b32cee882d82a897a1f6102a18da5af6f01f6f,0,1,0,0,0,0,0,0,0,0,-1,-1,-1
0x9d8aac497a4b8fe697dd63101d793f0c6a6eebb6,0,0,1,1,0,0,0,0,0,0,-1,-1,-1
0xca578afee65fd2268d383f8fc4a9fc6ae1d2def0,0,0,1,1,0,0,0,0,0,0,-1,-1,-1
0xf006e192878146ecc5f1fdee02af19713076f862,0,0,0,1,0,0,0,0,0,1,-1,-1,-1
0x77b97372d1feb50f79a9212fed50e3daf0eb44db,0,0,0,1,0,0,0,0,0,0,-1,-1,-1
0x6ca2cc52bb2cb67dd952e73b8786eb3a368b484c,0,0,0,1,0,0,0,0,0,0,-1,-1,-1
0xa0a81b5a8caedddb0e6c81d3e07aaa4ea5314452,1,0,1,1,0,0,0,0,0,0,-1,-1,-1
0xff8888d4f46ed54bbbabf554d81b65ef3596b12c,0,1,0,1,0,0,0,0,0,0,-1,-1,-1
0x105b81a13ecbb92773a7b9854d125cb7478b8340,0,1,0,0,0,0,0,0,0,0,-1,-1,-1
0xed741db80ba7c18454e674b8230364511782f5fa,1,0,0,0,0,0,0,0,0,0,-1,-1,-1
0x4846239fdf4d4c1aeb26729fa064b0205aca90e1,0,1,0,0,0,0,0,0,0,0,-1,-1,-1
0xf776e108e50560075f69b6754cae708975e74a2c,0,0,0,1,0,0,0,0,0,1,-1,-1,-1
0x730e05bfbf01bb578887e1f87df2b58fd908a6bf,0,1,0,0,0,0,0,0,0,0,-1,-1,-1
0x5ca6b72fa6ff2d27b941c0956f0808d9bba2eff9,0,1,0,0,0,0,0,0,0,0,-1,-1,-1
0x35bc82c530e3b80dc038afe2b721723f99047a8d,0,1,0,0,0,0,0,0,0,0,-1,-1,-1
0xc65f62d372aa50e99b2a564ddb418a6bc84faa15,0,1,0,0,0,0,0,0,0,0,-1,-1,-1
0xa9ba5a49ae258788b5da7985926ad6c71beaf879,1,0,1,0,0,0,0,0,0,0,-1,-1,-1
0xd7526b3e1cb8c32900b51c4bd8cda85872407b20,1,0,1,0,0,0,0,0,0,0,-1,-1,-1
0x1b0cf55e3f9f82b9d24deaa4e6cd7239d41f4657,0,1,0,0,0,0,0,0,0,0,-1,-1,-1
0x2dc38868a9215a1347c6fd8480d4a127da4812eb,0,1,0,0,0,0,0,0,0,0,-1,-1,-1
0x09ff2267eda5f1e99db5b0ddd85555a7b46c76bb,0,1,0,0,0,0,0,0,0,0,-1,-1,-1
0xf05731df070ad8e6058d07e620e2f50bfa78e4c2,0,1,0,0,0,0,0,0,0,0,-1,-1,-1
0x1b732a0fa37795aa1833625ec8f66e3b2c2845ac,0,1,1,0,0,0,0,0,0,0,-1,-1,-1
0x0bb033ed58bd5d19bc732249bcd8fceff53aedf6,0,0,0,1,0,0,0,0,0,0,-1,-1,-1
0xc993e816a84f7ff5f988ea660a043e877e297af6,0,1,0,0,0,0,0,0,0,0,-1,-1,-1
0xd248537d601f8e062dd36c8e7d26302d51cc653a,0,1,0,0,0,0,0,0,0,0,-1,-1,-1
0xa532c7fc2c912db822dbdc14a020c7f1b62b5141,0,1,0,0,0,0,0,0,0,0,-1,-1,-1
0x88f639186aee2fc903da4fe5742df35b760225e8,1,0,0,0,0,0,0,0,0,0,-1,-1,-1
0x681b24478e9f7e31ee3b5b7f807c9151e46aa165,1,0,0,0,0,0,0,0,0,0,-1,-1,-1
0x3ccf0306d214b6ad4e8315c5c31a2b7f32b649d8,1,0,0,0,0,0,0,0,0,0,-1,-1,-1
0x44436dad31d1ad018312a3eb7586103ac638e1e7,0,1,0,0,0,0,0,0,0,0,-1,-1,-1
0xe8b251822d003a2b2466ee0e38391c2db2048739,0,0,0,0,0,0,0,1,0,0,-1,-1,-1
0xae8f1356ec073accdd4bf5914d37a44dfd954a0d,0,1,0,0,0,0,0,0,0,0,-1,-1,-1
0xbce67604c08c4839980c32485657f63211c73e14,1,0,0,0,0,0,0,0,0,0,-1,-1,-1
0x1b0e620ffe9d4880b934925bcaa0b13306658bed,0,0,0,0,0,0,0,1,0,0,-1,-1,-1
0x0473033c26ba5e5055b1e2d9fe6916d95922de3b,0,1,0,0,0,0,0,0,0,0,-1,-1,-1
0x1dafac57c2f74cbc2736486309a009880ce4cbfc,0,1,0,0,0,0,0,0,0,0,-1,-1,-1
0xae47fdaa99e9b9413805605af4b979a82e24cc59,0,0,0,1,0,0,0,0,0,0,-1,-1,-1
0x8e1d3ab094c1ee517b34cb2defd0ee9fe7658cea,0,1,0,0,0,0,0,0,0,0,-1,-1,-1
0xe5fb5febbef64588dcba54aeb643d05a8ed02b91,0,1,0,0,0,0,0,0,0,0,-1,-1,-1
0x8e8fe3add2ab97dee73636d87d7cff113fd09746,0,1,0,0,0,0,0,0,0,0,-1,-1,-1
0xadd1077851588300c8c7d0313e71f4d68e2414d6,1,0,0,0,0,0,0,0,0,0,-1,-1,-1
0xd7d84e9df527882149d9c5908a3937107724b325,0,0,1,0,0,0,0,0,0,0,-1,-1,-1
0xe202529bc704d6297a53d60933616803678e2644,0,0,0,1,0,0,0,0,0,0,-1,-1,-1
0xeb0035f39525319c5cdd814de3459e185243dd94,0,1,0,0,0,0,0,0,0,0,-1,-1,-1
0x2fe06398bedbad27cbfcbb399eb616629540eb4d,0,0,0,1,0,0,0,0,0,0,-1,-1,-1
0x43eb8277b06ec9a6b6ea32953c2ac34c18c44d02,1,0,0,0,0,0,0,0,0,0,-1,-1,-1
0xdc65d31b94dbc5188ee5e01c22618537e5e86bac,0,0,0,0,0,0,0,1,0,0,-1,-1,-1
0xf212f5f479801606e4eee5ecb150d09cd16320f3,0,1,0,0,0,0,0,0,0,0,-1,-1,-1
0x90d702f071d2af33032943137ad0ab4280705817,0,0,1,1,0,0,0,0,0,0,-1,-1,-1
0x154f0dce06eb0e7ea5d6cf1bc70039ca22b5fb17,0,0,0,1,0,0,0,0,0,0,-1,-1,-1
0x1d5fab22d056428cae676aa11c0d5f31647b69e6,0,1,0,0,0,0,0,0,0,0,-1,-1,-1
0x191bafe4e3888ec289753c7d592634e3abe1ee14,0,1,0,0,0,0,0,0,0,0,-1,-1,-1
0xf0b47ee3d3bdbef94999b2b8f4b81a52fbe2e3ed,0,1,1,0,0,0,0,0,0,0,-1,-1,-1
0xcd6c56a778681a969aed4ea09dcb2ad8d81d4d36,1,0,0,0,0,0,0,0,0,0,-1,-1,-1
0xa2fffdc6efb2b76109519f23d84d3f6122e1d639,0,0,1,0,0,0,0,0,0,0,-1,-1,-1
0x7ef1081ecc8b5b5b130656a41d4ce4f89dbbcc8c,0,1,0,0,0,0,0,0,0,0,-1,-1,-1
0x93a8b61c4707efe76a88cae8dc226d9bf77e9405,0,1,0,0,0,0,0,0,0,0,-1,-1,-1
0xf6bcf98ebe20ab7b68b3d703652e0029115b4a7a,0,1,1,0,0,0,0,0,0,0,-1,-1,-1
0x0fe5fdf01b48008dc68fc32e8fb7e0d93ca99bc5,0,0,1,0,0,0,0,0,0,0,-1,-1,-1
0x5a7a0ad8d92fbeee4a9a68d35cd29fe248cad790,0,1,1,0,0,0,0,0,0,0,-1,-1,-1
0x0209ce3516587cc4a22b54c024b2ee724c117036,0,0,0,0,0,0,0,1,0,0,-1,-1,-1
0xdba87d3b55fb2ed762d3b43b663ebbe21a8167a6,1,0,0,0,0,0,0,0,0,0,-1,-1,-1
0x0bc7127b00f232de924f683f9340e01a9650d533,0,1,0,0,0,0,0,0,0,0,-1,-1,-1
0x846d152216146c77c81af3a1657790ed8ba69281,0,0,0,0,0,0,0,1,0,0,-1,-1,-1
0x079de196d5e8babca45f7d621fe0127f4dc753d9,0,1,0,0,0,0,0,0,0,0,-1,-1,-1
0x073bcc5e45263077f4269cd126905333564b852c,0,1,0,0,0,0,0,0,0,0,-1,-1,-1
0x960a223f27b474de35f05b27210cc62cf7bdb1eb,0,1,1,0,0,0,0,0,0,0,-1,-1,-1
0x86d3f38edaf7e7959e5d8e6aea5ad3187b78c346,0,1,0,0,0,0,0,0,0,0,-1,-1,-1
0x24673e71c9be517d3fa2ff6eef421f7bc0e23b38,0,0,1,0,0,0,0,0,0,0,-1,-1,-1
0xdf8ab83a6e4b868d140808810b0875fd1cdc2417,0,1,0,0,0,0,0,0,0,0,-1,-1,-1
0x15bcdfad12498de8a922e62442ae4cc4bd33bd25,0,1,0,0,0,0,0,0,0,0,-1,-1,-1
0x14f8d4ff4348fd42a976a67a017c86b434a63853,0,0,1,0,0,0,0,0,0,0,-1,-1,-1
0x61129781bdb5468b1bc4476fc696ac5ef06fa5f0,0,0,0,0,0,0,0,1,0,0,-1,-1,-1
0x6b4b3b0b0130c9b4dda7c6fb4602beefbbf10672,0,1,0,0,0,0,0,0,0,0,-1,-1,-1
0x02f92a9c381bdea49bde29a8277666c73e60c88d,0,1,0,0,0,0,0,0,0,0,-1,-1,-1
0xf771733a465441437ecf64ff410e261516c7c5f3,0,1,1,0,0,0,0,0,0,0,-1,-1,-1
0x9867a6c0847829e93fb6fbb19667083cb5d1af93,0,1,0,0,0,0,0,0,0,0,-1,-1,-1
0xea004e8fa3701b8e58e41b78d50996e0f7176cbd,0,1,0,0,0,0,0,0,0,0,-1,-1,-1
0xccab7c83b1ed8a209130d7ed6ce24a23889b4910,0,1,1,0,0,0,0,0,0,0,-1,-1,-1
0xe2bd4670da28e7c0d90f0c7ec41b79515893a4e3,0,1,0,0,0,0,0,0,1,1,-1,-1,-1
0x81726558d317f234a39b40ef9d6d3bbbcc92cd4a,1,0,1,0,0,0,0,0,0,0,-1,-1,-1
0xc89b4a8a121dd3e726fe7515e703936cf83e3350,0,1,1,0,0,0,0,0,0,0,-1,-1,-1
0x56b52f384ffd3cea09730b04d9342d23b3212ef3,0,1,0,0,0,0,0,0,0,0,-1,-1,-1
0x735c98ae8cd26b732a23c3889f237c5633b9f997,0,1,0,0,0,0,0,0,0,0,-1,-1,-1
0x6f3009663470475f0749a6b76195375f95495fcb,0,1,0,0,0,0,0,0,0,0,-1,-1,-1
0x4639cd8cd52ec1cf2e496a606ce28d8afb1c792f,0,1,0,0,0,0,0,0,0,0,-1,-1,-1
0x3d92941f6ebb2e131c2af6f7725494aed8763c5b,0,1,1,0,0,0,0,0,0,0,-1,-1,-1
0x2306934ca884caa042dc595371003093092b2bbf,0,0,0,0,0,0,0,1,0,0,-1,-1,-1
0xa77f34bde382522cd3fb3096c480d15e525aab22,0,1,0,0,0,0,0,0,0,0,-1,-1,-1
0x4690d8f53e0d367f5b68f7f571e6eb4b72d39ace,0,1,0,0,0,0,0,0,0,0,-1,-1,-1
0xc96eec418b50c538c3f3e32e71575da068a97401,1,0,0,1,0,0,0,0,0,0,-1,-1,-1
0x0fafc0c448c7074107e353ae728640c7a2bcbc77,1,0,0,0,0,0,0,0,0,0,-1,-1,-1
0xcfe21c71b71ead41cde416cf85f5bb1a8cbbac5e,0,1,0,0,0,0,0,0,0,0,-1,-1,-1
0x5a39244d557981c31b368788d99ad6e64b82d557,0,1,0,0,0,0,0,0,0,0,-1,-1,-1
0xb8acec42a049bceb738928c705eb200e7ebbdade,0,0,0,0,0,0,0,1,0,0,-1,-1,-1
0xf5a8830d3dacc3d3d53c16ed09e6f808477e592e,0,1,0,0,0,0,0,0,0,0,-1,-1,-1
0x75e016abe8ed1d1337d24a434bfbc12e7b638e1e,0,1,0,0,0,0,0,0,0,0,-1,-1,-1
0x66c0dd5a710ba1d9d7ceb51285bc7a93f8f9f9e2,0,1,0,0,0,0,0,0,0,0,-1,-1,-1
0x066f114ded7685ed047d5fef07b403125a530ddd,0,1,0,0,0,0,0,0,0,0,-1,-1,-1
0x2df306333b558ffff41cd359d89f952c3d0ff0a1,0,1,0,1,0,0,0,0,0,0,-1,-1,-1
0x660d00bcb57274c137a8eecbde2c635f0edee91f,0,1,0,0,0,0,0,0,0,0,-1,-1,-1
0x393eeed02fabca105e74dbaba61b31423e213723,0,1,0,0,0,0,0,0,1,0,-1,-1,-1
0xc08db636dd6bab586e16b02c8b866511548aa814,0,1,0,0,0,0,0,0,0,0,-1,-1,-1
0x7a07c67a3b9b6ab30a2ac5cf3a0dbff284613a32,0,1,0,1,0,0,0,0,0,0,-1,-1,-1
0x0257ffa79592ebffd8fab13ef50f83c2ae7050f0,0,1,0,0,0,0,0,0,0,0,-1,-1,-1
0x0d2cdfdb3ffd1c866cd4453b985f57f207ee8238,0,1,0,0,0,0,0,0,0,0,-1,-1,-1
0xfc20df587485748b6f1f764de50d5ce92908d271,0,1,0,0,0,0,0,0,0,0,-1,-1,-1
0x117bc8f9ce583282a413d90d492ef6ac08723834,0,1,0,1,0,0,0,0,0,1,-1,-1,-1
0xeffb1662699e0cf0ea55f9ab4d5fe040c95de221,0,0,0,0,0,0,0,0,0,1,-1,-1,-1
0xbb8a43af111b59c7742f36e9cd245357d04059fd,1,0,0,0,0,0,0,0,0,0,-1,-1,-1
0xfd0df7b58bd53d1dd4835ecd69a703b4b26f7816,0,1,0,0,0,0,0,0,0,0,-1,-1,-1
0xa7d51a4c85487d065257d0330eeccdadf93550fe,0,1,0,0,0,0,0,0,0,0,-1,-1,-1
0xc4957a864245aa4373be1f33ae24e93876b7dfe1,1,1,0,0,0,0,0,0,0,0,-1,-1,-1
0x7e057891a6ca27eced719dc781d7a45308dd6c70,1,0,0,0,0,0,0,0,0,0,-1,-1,-1
0xcfe4d62d41873de1a4e57b5935c930d3da2d1018,0,1,0,1,0,0,0,0,0,0,-1,-1,-1
0x1de28723445be1463237d3f8546136139fb194a8,0,0,0,0,0,0,0,0,1,0,-1,-1,-1
0x3d3d5cce38afb7a379b2c3175ee56e2dc72cd7c8,0,1,1,0,0,0,0,0,0,0,-1,-1,-1
0xad3f6438bbf0cd94e42b58ecb461732b03deec69,0,1,1,0,0,0,0,0,0,0,-1,-1,-1
0xc9849e6fdb743d08faee3e34dd2d1bc69ea11a51,0,1,0,0,0,0,0,0,0,0,-1,-1,-1
0x0cc77e575ba11af68743fe5b24d733c2aad9defb,0,1,1,0,0,0,0,0,0,0,-1,-1,-1
0x1d8dce63d49252dd8eca38b1abfe4d3f160e0647,0,1,0,0,0,0,0,0,0,0,-1,-1,-1
0xda5f5e63084f2ba6eef845cea653913b46c7fe95,0,1,0,0,0,0,0,0,0,1,-1,-1,-1
0xf0f8b0b8dbb1124261fc8d778e2287e3fd2cf4f5,0,0,1,0,0,0,0,0,0,0,-1,-1,-1
0xe25b0bba01dc5630312b6a21927e578061a13f55,0,1,0,1,0,0,0,0,0,0,-1,-1,-1
0xee8bd1502c3e9f6c543781467c01592ac51cfbb8,0,1,0,0,0,0,0,0,0,0,-1,-1,-1
0xf0ee6b27b759c9893ce4f094b49ad28fd15a23e4,0,0,0,1,0,0,0,0,0,0,-1,-1,-1
0xc2fbab8de59f2671d55137dfd837f68e9a040867,0,1,0,0,0,0,0,0,0,0,-1,-1,-1
0xa2b0fde6d710e201d0d608e924a484d1a5fed57c,0,0,0,0,0,0,0,1,0,0,-1,-1,-1
0x9b06d48e0529ecf05905ff52dd426ebec0ea3011,0,1,0,0,0,0,0,0,0,0,-1,-1,-1
0xa866f0198208eb07c83081d5136be7f775c2399e,0,1,0,0,0,0,0,0,1,0,-1,-1,-1
0x71d01db8d6a2fbea7f8d434599c237980c234e4c,0,1,0,0,0,0,0,0,0,0,-1,-1,-1
0x6f450f117114075d1d1c91dd64a61c0ba72ca68f,0,1,0,0,0,0,0,0,0,0,-1,-1,-1
0x78b039921e84e726eb72e7b1212bb35504c645ca,0,1,0,0,0,0,0,0,0,0,-1,-1,-1
0x541e88059a4eff35edc8c38bb5a1e7495472288c,0,1,1,0,0,0,0,0,0,0,-1,-1,-1
0x38facb2a78e0956146450d7a727495820f29782b,0,1,1,0,0,0,0,0,0,0,-1,-1,-1
0x8b7d11bd5640ee5c3503b38b5fcd3f50f7a6e08c,0,1,1,0,0,0,0,0,0,0,-1,-1,-1
0xd192e5d224faa6209936b572e3c6d60f89eecb23,0,1,1,0,0,0,0,0,0,0,-1,-1,-1
0x2c9539d6eaf866ecd0ce3f41172da3c59baf3037,0,1,1,0,0,0,0,0,0,0,-1,-1,-1
0x96f4c9e40af2fe5d78f3f41d06208146573ffb8f,0,1,1,0,0,0,0,0,0,0,-1,-1,-1
0x8fa269b6da92482c49849140a415beb279aaf2d2,0,1,1,0,0,0,0,0,0,0,-1,-1,-1
0x32ba7c5e4b881ecf282bc5c19f850f4e72c063f3,0,0,1,0,0,0,0,0,0,0,-1,-1,-1
0xc1872ad6b6bf2953fdd6e07c3437cbe64eddb030,0,1,1,0,0,0,0,0,0,0,-1,-1,-1
0xe4e873b8b73b290913ce7f26b55a2e809e1b9013,0,1,1,0,0,0,0,0,0,0,-1,-1,-1
0x6cc3e5f6f8909d0b45a97c13366321b2029af8f0,0,1,1,0,0,0,0,0,0,0,-1,-1,-1
0x55e86b96e37d41bb10bd145541daf7a46a8c8296,0,1,1,0,0,0,0,0,0,0,-1,-1,-1
0xd16404d3e5bda0ec647806121e9c73dbbafec105,0,1,1,0,0,0,0,0,0,0,-1,-1,-1
0x35485a8182cd2ea9b7007c35d79f5b17d3699a58,0,1,1,0,0,0,0,0,0,0,-1,-1,-1
0xc9941547630feed27426a00cb513469fecfc5ec9,0,1,1,0,0,0,0,0,0,0,-1,-1,-1
0x3db5530ebf062fb0069d80730a0b43920d7b6b1a,0,1,1,0,0,0,0,0,0,0,-1,-1,-1
0xfcb8e535320ab4592b8d9d773a61ee40cd35e434,0,1,1,0,0,0,0,0,0,0,-1,-1,-1
0xb67053a31e3b9075859d8d3d807667bc27fe7544,0,1,1,0,0,0,0,0,0,0,-1,-1,-1
0xd62ba48bee2ecfb4955a871c77c755f1c2f48a7c,0,1,1,0,0,0,0,0,0,0,-1,-1,-1
0x8afbe61b793b327dda8d94b9caadd1974cad411a,0,1,1,0,0,0,0,0,0,0,-1,-1,-1
0x2081b7aefbf9e26f5733fb809d5443f073df062a,0,0,1,0,0,0,0,0,0,0,-1,-1,-1
0x96c9fcd45bea05b848e6e8551ad33d4d08194e4b,1,0,0,0,0,0,0,0,0,0,-1,-1,-1
0x7789970d45cee071f4cbf158f9d0555298bf36e5,0,1,1,0,0,0,0,0,0,0,-1,-1,-1
0x7dddcb8d93438500c42c199b6b02ba3f74c7cb8c,0,1,1,0,0,0,0,0,0,0,-1,-1,-1
0x7728dfef5abd468669eb7f9b48a7f70a501ed29d,0,0,0,0,0,0,0,0,1,0,-1,-1,-1
0x64ad2e053c1b0546381bc4fa06ea3e74c791d9d5,0,1,1,0,0,0,0,0,0,0,-1,-1,-1
0x6175f6f85339f1e56affac5a68cbf8297969004d,0,1,0,0,0,0,0,0,0,0,-1,-1,-1
0x5d762f76b9e91f71cc4f94391bdfe6333db8519c,0,1,0,0,0,0,0,0,0,0,-1,-1,-1
0x544288176bb6d7d198302a2d18fad38442e69b25,0,1,0,0,0,0,0,0,0,0,-1,-1,-1
0xa9c4a2852eeb43b0a27592e5e86b64db55040d79,0,1,1,0,0,0,0,0,0,0,-1,-1,-1
0x8e481946640b04109afad9e0c07925494984bdc9,0,1,0,0,0,0,0,0,0,0,-1,-1,-1
0x93393b446f3073eb0ba5f85524ca04030ba5d39a,0,1,1,0,0,0,0,0,0,0,-1,-1,-1
0x27dce1ec4d3f72c3e457cc50354f1f975ddef488,0,1,1,0,0,0,0,0,0,0,-1,-1,-1
0x0371afbe3f2f470949ea65e09e3332810dfc7902,1,0,0,0,0,0,0,0,0,0,-1,-1,-1
0x5c58ac3be5ac6c4643bcf8c14c6e4df789ba5672,0,0,1,0,0,0,0,0,0,0,-1,-1,-1
0x675f6e3a0abe9014d7d1dbe0ae565b9256b45303,0,1,1,0,0,0,0,0,0,0,-1,-1,-1
0x5551a1db922b90bffb881241ef6c681fc9bdfb2b,0,1,1,0,0,0,0,0,0,0,-1,-1,-1
0xc20b743316e7701a281167213fb266aa7651d99d,0,0,1,0,0,0,0,0,0,0,-1,-1,-1
0x6efa299eb78161aca289f97b5410b343cce38c05,0,0,1,0,0,0,0,0,0,0,-1,-1,-1
0x528ff33bf5bf96b5392c10bc4748d9e9fb5386b2,0,0,1,0,0,0,0,0,0,0,-1,-1,-1
0xbb7f05aa2dd33425ea0848cda8e4ea54718c6336,0,0,1,0,0,0,0,0,0,0,-1,-1,-1
0x68ca1321bf1bf6b243f57c5edbee62304fd8cb30,0,0,1,0,0,0,0,0,0,0,-1,-1,-1
0xe64f4a5c364a92ab62e27076907d55334609c8ad,0,0,1,0,0,0,0,0,0,0,-1,-1,-1
0x4f75869a06535161515df34b84960f58c5c41da1,0,0,1,0,0,0,0,0,1,0,-1,-1,-1
0x3e3c02ab542463b9c7a990ae2b5cea40175b233d,0,0,1,0,0,0,0,0,1,0,-1,-1,-1
0x24dcc881e7dd730546834452f21872d5cb4b5293,0,1,1,0,0,0,0,0,0,0,-1,-1,-1
0x68b48e978fb4748b9d67f520db1df2e9cbd437ab,0,0,1,0,0,0,0,0,0,0,-1,-1,-1
0x74fe7ecc0a5131a4a980d6b12667184954b4c752,0,0,1,0,0,0,0,0,1,0,-1,-1,-1
0x025d5f67d58c9ed14503edffa3ec3578af615854,1,0,1,0,0,0,0,0,0,0,-1,-1,-1
0x91d160e312801b9ff13b220516a8f510bad7d10f,0,0,1,0,0,0,0,0,0,0,-1,-1,-1
0x05d84a869e14d538f8a70a0c79848f10d2f76542,0,0,0,0,0,0,0,0,1,0,-1,-1,-1
0xa837efd4500966a45148073f57fa855205597612,0,1,0,0,0,0,0,0,0,0,-1,-1,-1
0x61db2fb090d890ea9fc09dd837fd47cf2f92ee26,0,0,1,0,0,0,0,1,0,0,-1,-1,-1
0x15c5339954a1016c77732ea626cc714b0d37dd6a,0,0,0,0,0,0,0,0,0,1,-1,-1,-1
0x5166d4ce79b9bf7df477da110c560ce3045aa889,0,0,1,0,0,0,0,0,0,1,-1,-1,-1
0x2d176650b1d3e69e80c2dd8acf4e7d590a16bda7,0,0,1,0,0,0,0,0,0,0,-1,-1,-1
0x70faf21d51e663a24cffee1f1c22ed94c975cc7c,0,0,0,0,0,0,0,0,1,0,-1,-1,-1
