Address,txn_nums,event_nums,creation_block,creation_timestamp,start_block,end_block,life_time,start_time,end_time,duration_seconds,from_creation_to_transfer,num_addresses,num_buyers,num_sellers,num_creator_transfers,buy_amt,sell_amt,avg_value,txn_per_block,avg_gas_limit,max_gas_limit,min_gas_limit,std_gas_limit,avg_gas_used,max_gas_used,min_gas_used,std_gas_used,avg_gas_price,max_gas_price,min_gas_price,std_gas_price,ownershiptransferred_num,transfer_num,atinversebrah_num,approval_num,approve_num,renounceownership_num,removefee_num,transferfrom_num,burn_num,increaseallowance_num,swapexacttokensforethsupportingfeeontransfertokens_num,transferownership_num,opentrading_num,rolegranted_num,mint_num,swapandliquify_num,bridgemint_num,setbridgeaddress_num,setswapandliquifyenabled_num,createstrongtrade_num,enablestrongtrade_num,removestronglimit_num,safesetup_num,safereceived_num,executionsuccess_num,exectransaction_num,setpresale_num,settaxlesssetter_num,setstabilizer_num,setliquidityreserve_num,buy_num,mintunlockedtranche_num,mintlockedtranche_num,startmint_num,distributeeth_num,batchmint_num,manualdailyupdate_num,startstake_num,deposit_num,burnlptokens_num,triggerpayouts_num,batchclaimmint_num,batchmintladder_num,claimmint_num,setairdropenabled_num,airdropmint_num,claimwsbmoderatorsallocation_num,mintremainderofairdropsupply_num,setdeeznutz_num,mine_num,transfertokens_num,maxtxamountupdated_num,removelimits_num,transferenabled_num,payeeadded_num,setnotrevealeduri_num,giftmint_num,presalemint_num,changepresalestate_num,setapprovalforall_num,safetransferfrom_num,release_num,setbaseuri_num,reveal_num,createordinaltrade_num,enableordinaltrade_num,removeordinallimit_num
0x50c6ec50a89a946c5886aeb54a22fe732558f7d1,0,0,0,0,0.0,0.0,0.0,0.0,0.0,0.0,0.0,0,0,0,0,0.0,0.0,0.0,0.0,0.0,0.0,0.0,0.0,0.0,0.0,0.0,0.0,0.0,0.0,0.0,0.0,0.0,0.0,0.0,0.0,0.0,0.0,0.0,0.0,0.0,0.0,0.0,0.0,0.0,0.0,0.0,0.0,0.0,0.0,0.0,0.0,0.0,0.0,0.0,0.0,0.0,0.0,0.0,0.0,0.0,0.0,0.0,0.0,0.0,0.0,0.0,0.0,0.0,0.0,0.0,0.0,0.0,0.0,0.0,0.0,0.0,0.0,0.0,0.0,0.0,0.0,0.0,0.0,0.0,0.0,0.0,0.0,0.0,0.0,0.0,0.0,0.0,0.0,0.0,0.0,0.0,0.0,0.0
0xee45e37e2b73e86c709d9edd1c8ea3b0ec72dad3,0,0,0,0,0.0,0.0,0.0,0.0,0.0,0.0,0.0,0,0,0,0,0.0,0.0,0.0,0.0,0.0,0.0,0.0,0.0,0.0,0.0,0.0,0.0,0.0,0.0,0.0,0.0,0.0,0.0,0.0,0.0,0.0,0.0,0.0,0.0,0.0,0.0,0.0,0.0,0.0,0.0,0.0,0.0,0.0,0.0,0.0,0.0,0.0,0.0,0.0,0.0,0.0,0.0,0.0,0.0,0.0,0.0,0.0,0.0,0.0,0.0,0.0,0.0,0.0,0.0,0.0,0.0,0.0,0.0,0.0,0.0,0.0,0.0,0.0,0.0,0.0,0.0,0.0,0.0,0.0,0.0,0.0,0.0,0.0,0.0,0.0,0.0,0.0,0.0,0.0,0.0,0.0,0.0,0.0
0x292f57c7fcd726ba651e46b620d99cc6afe0ec1c,1,2,16832271,1678870799,16832271.0,16832271.0,0.0,1678870799.0,1678870799.0,0.0,0.0,2,1,1,0,0.0,0.0,0.0,0.0,5103891.0,5103891.0,5103891.0,0.0,5103891.0,5103891.0,5103891.0,0.0,19039527828.0,19039527828.0,19039527828.0,0.0,1.0,1.0,1.0,0.0,0.0,0.0,0.0,0.0,0.0,0.0,0.0,0.0,0.0,0.0,0.0,0.0,0.0,0.0,0.0,0.0,0.0,0.0,0.0,0.0,0.0,0.0,0.0,0.0,0.0,0.0,0.0,0.0,0.0,0.0,0.0,0.0,0.0,0.0,0.0,0.0,0.0,0.0,0.0,0.0,0.0,0.0,0.0,0.0,0.0,0.0,0.0,0.0,0.0,0.0,0.0,0.0,0.0,0.0,0.0,0.0,0.0,0.0,0.0,0.0,0.0,0.0,0.0
0xba751bff276907c438e927d2c2f18de574195e4b,0,0,0,0,0.0,0.0,0.0,0.0,0.0,0.0,0.0,0,0,0,0,0.0,0.0,0.0,0.0,0.0,0.0,0.0,0.0,0.0,0.0,0.0,0.0,0.0,0.0,0.0,0.0,0.0,0.0,0.0,0.0,0.0,0.0,0.0,0.0,0.0,0.0,0.0,0.0,0.0,0.0,0.0,0.0,0.0,0.0,0.0,0.0,0.0,0.0,0.0,0.0,0.0,0.0,0.0,0.0,0.0,0.0,0.0,0.0,0.0,0.0,0.0,0.0,0.0,0.0,0.0,0.0,0.0,0.0,0.0,0.0,0.0,0.0,0.0,0.0,0.0,0.0,0.0,0.0,0.0,0.0,0.0,0.0,0.0,0.0,0.0,0.0,0.0,0.0,0.0,0.0,0.0,0.0,0.0
0x1c5ee1ffebec5f3e1686e8e59d43f96a3c702b7f,15,65,18559580,1699837391,18559580.0,18567687.0,8107.0,1699837391.0,1699935287.0,97896.0,0.0,15,1,13,0,0.0,0.0,0.0,0.00185002466699556,328308.0,693603.0,46248.0,203732.41268192942,90344.86666666667,693603.0,46248.0,161248.06251936452,33119289012.533333,42264950307.0,22104691826.0,5626019835.35059,0.0,1.0,1.0,15.0,13.0,0.0,0.0,0.0,0.0,0.0,0.0,0.0,0.0,0.0,0.0,0.0,0.0,0.0,0.0,0.0,0.0,0.0,0.0,0.0,0.0,0.0,0.0,0.0,0.0,0.0,0.0,0.0,0.0,0.0,0.0,0.0,0.0,0.0,0.0,0.0,0.0,0.0,0.0,0.0,0.0,0.0,0.0,0.0,0.0,0.0,0.0,0.0,0.0,0.0,0.0,0.0,0.0,0.0,0.0,0.0,0.0,0.0,0.0,0.0,0.0,0.0,0.0
0xa942890d7fc60f0d4a516f63dd273dcde72ae6c9,0,0,0,0,0.0,0.0,0.0,0.0,0.0,0.0,0.0,0,0,0,0,0.0,0.0,0.0,0.0,0.0,0.0,0.0,0.0,0.0,0.0,0.0,0.0,0.0,0.0,0.0,0.0,0.0,0.0,0.0,0.0,0.0,0.0,0.0,0.0,0.0,0.0,0.0,0.0,0.0,0.0,0.0,0.0,0.0,0.0,0.0,0.0,0.0,0.0,0.0,0.0,0.0,0.0,0.0,0.0,0.0,0.0,0.0,0.0,0.0,0.0,0.0,0.0,0.0,0.0,0.0,0.0,0.0,0.0,0.0,0.0,0.0,0.0,0.0,0.0,0.0,0.0,0.0,0.0,0.0,0.0,0.0,0.0,0.0,0.0,0.0,0.0,0.0,0.0,0.0,0.0,0.0,0.0,0.0
0x25d8f027fd25eecbcd812521fb2f75f175807a91,89,192,17193258,1683275483,17193258.0,19422978.0,2229720.0,1683275483.0,1710294527.0,27019044.0,0.0,67,1,65,0,0.0,0.0,0.0,3.991530778962929e-05,123075.26966292135,5243017.0,42592.0,546455.4485125078,104527.40449438202,5243017.0,23595.0,547787.087660741,200064766073.41574,318997516416.0,46984204396.0,41342597373.7512,2.0,5.0,1.0,89.0,80.0,1.0,2.0,0.0,0.0,0.0,0.0,0.0,0.0,0.0,0.0,0.0,0.0,0.0,0.0,0.0,0.0,0.0,0.0,0.0,0.0,0.0,0.0,0.0,0.0,0.0,0.0,0.0,0.0,0.0,0.0,0.0,0.0,0.0,0.0,0.0,0.0,0.0,0.0,0.0,0.0,0.0,0.0,0.0,0.0,0.0,0.0,0.0,0.0,0.0,0.0,0.0,0.0,0.0,0.0,0.0,0.0,0.0,0.0,0.0,0.0,0.0,0.0
0xe7e63e244c52b2230666e263657ba8db2b6b3705,82,206,17200420,1683362363,17200420.0,21912396.0,4711976.0,1683362363.0,1740354371.0,56992008.0,0.0,58,1,56,0,0.0,0.0,0.0,1.7402461854121954e-05,123880.4512195122,5243071.0,29857.0,570452.1795409783,108085.5243902439,5243071.0,23595.0,570594.1266093856,167517247451.32925,391000000000.0,1867910210.0,40031691276.970795,2.0,3.0,1.0,93.0,75.0,1.0,2.0,0.0,0.0,0.0,0.0,0.0,0.0,0.0,0.0,0.0,0.0,0.0,0.0,0.0,0.0,0.0,0.0,0.0,0.0,0.0,0.0,0.0,0.0,0.0,0.0,0.0,0.0,0.0,0.0,0.0,0.0,0.0,0.0,0.0,0.0,0.0,0.0,0.0,0.0,0.0,0.0,0.0,0.0,0.0,0.0,0.0,0.0,0.0,0.0,0.0,0.0,0.0,0.0,0.0,0.0,0.0,0.0,0.0,0.0,0.0,0.0
0x4165084a6e5388ce53c9d9892f904a2712dd943a,0,0,0,0,0.0,0.0,0.0,0.0,0.0,0.0,0.0,0,0,0,0,0.0,0.0,0.0,0.0,0.0,0.0,0.0,0.0,0.0,0.0,0.0,0.0,0.0,0.0,0.0,0.0,0.0,0.0,0.0,0.0,0.0,0.0,0.0,0.0,0.0,0.0,0.0,0.0,0.0,0.0,0.0,0.0,0.0,0.0,0.0,0.0,0.0,0.0,0.0,0.0,0.0,0.0,0.0,0.0,0.0,0.0,0.0,0.0,0.0,0.0,0.0,0.0,0.0,0.0,0.0,0.0,0.0,0.0,0.0,0.0,0.0,0.0,0.0,0.0,0.0,0.0,0.0,0.0,0.0,0.0,0.0,0.0,0.0,0.0,0.0,0.0,0.0,0.0,0.0,0.0,0.0,0.0,0.0
0xdf7ff95aa3d855a6fb21399432166a92fdcf1b1a,0,0,0,0,0.0,0.0,0.0,0.0,0.0,0.0,0.0,0,0,0,0,0.0,0.0,0.0,0.0,0.0,0.0,0.0,0.0,0.0,0.0,0.0,0.0,0.0,0.0,0.0,0.0,0.0,0.0,0.0,0.0,0.0,0.0,0.0,0.0,0.0,0.0,0.0,0.0,0.0,0.0,0.0,0.0,0.0,0.0,0.0,0.0,0.0,0.0,0.0,0.0,0.0,0.0,0.0,0.0,0.0,0.0,0.0,0.0,0.0,0.0,0.0,0.0,0.0,0.0,0.0,0.0,0.0,0.0,0.0,0.0,0.0,0.0,0.0,0.0,0.0,0.0,0.0,0.0,0.0,0.0,0.0,0.0,0.0,0.0,0.0,0.0,0.0,0.0,0.0,0.0,0.0,0.0,0.0
0x8275ebf521dc217aa79c88132017a5bcef001dd9,1707,1000,6270670,1536069671,6270670.0,13492052.0,7221382.0,1536069671.0,1635238737.0,99169066.0,0.0,254,1,252,0,0.0,0.0,0.0,0.00023638131366249374,149389.86818980667,1867060.0,36933.0,130289.4410080877,43242.88107791447,1867060.0,19897.0,45412.70136911928,18103266556.28998,187570001254.0,1000000000.0,19413494092.447353,0.0,1597.0,1.0,5.0,36.0,0.0,0.0,71.0,0.0,0.0,0.0,0.0,0.0,0.0,0.0,0.0,0.0,0.0,0.0,0.0,0.0,0.0,0.0,0.0,0.0,0.0,0.0,0.0,0.0,0.0,0.0,0.0,0.0,0.0,0.0,0.0,0.0,0.0,0.0,0.0,0.0,0.0,0.0,0.0,0.0,0.0,0.0,0.0,0.0,0.0,0.0,0.0,0.0,0.0,0.0,0.0,0.0,0.0,0.0,0.0,0.0,0.0,0.0,0.0,0.0,0.0,0.0
0xc709878167ed069aea15fd0bd4e9758ceb4da193,2,0,0,0,13644804.0,14178789.0,533985.0,1637313518.0,1644502342.0,7188824.0,0.0,3,1,2,0,0.0,4.5e+16,1.5e+16,3.7454165465012193e-06,67083.0,90000.0,44166.0,22917.0,21340.0,21680.0,21000.0,340.0,138000000000.0,152000000000.0,124000000000.0,14000000000.0,0.0,0.0,0.0,0.0,1.0,0.0,0.0,0.0,0.0,0.0,0.0,0.0,0.0,0.0,0.0,0.0,0.0,0.0,0.0,0.0,0.0,0.0,0.0,0.0,0.0,0.0,0.0,0.0,0.0,0.0,0.0,0.0,0.0,0.0,0.0,0.0,0.0,0.0,0.0,0.0,0.0,0.0,0.0,0.0,0.0,0.0,0.0,0.0,0.0,0.0,0.0,0.0,0.0,0.0,0.0,0.0,0.0,0.0,0.0,0.0,0.0,0.0,0.0,0.0,0.0,0.0,0.0
0xb504035a11e672e12a099f32b1672b9c4a78b22f,10000,1000,18234377,1695905867,18234377.0,18367361.0,132984.0,1695905867.0,1697512667.0,1606800.0,0.0,5871,1,5869,0,0.0,1.1314271742364347e+18,113131404283215.14,0.07519645072752566,69360.184,3000000.0,23000.0,117623.615942937,43100.5287,1263213.0,21055.0,14327.796859321264,8447895281.2165,510714109265.0,4662555490.0,7403374994.200544,3.0,1837.0,1.0,202.0,8133.0,2.0,0.0,9.0,1.0,11.0,1.0,0.0,0.0,0.0,0.0,0.0,0.0,0.0,0.0,0.0,0.0,0.0,0.0,0.0,0.0,0.0,0.0,0.0,0.0,0.0,0.0,0.0,0.0,0.0,0.0,0.0,0.0,0.0,0.0,0.0,0.0,0.0,0.0,0.0,0.0,0.0,0.0,0.0,0.0,0.0,0.0,0.0,0.0,0.0,0.0,0.0,0.0,0.0,0.0,0.0,0.0,0.0,0.0,0.0,0.0,0.0,0.0
0x3e597ea168a85aa2ae5e2c4333665bcd875ed10f,0,0,0,0,0.0,0.0,0.0,0.0,0.0,0.0,0.0,0,0,0,0,0.0,0.0,0.0,0.0,0.0,0.0,0.0,0.0,0.0,0.0,0.0,0.0,0.0,0.0,0.0,0.0,0.0,0.0,0.0,0.0,0.0,0.0,0.0,0.0,0.0,0.0,0.0,0.0,0.0,0.0,0.0,0.0,0.0,0.0,0.0,0.0,0.0,0.0,0.0,0.0,0.0,0.0,0.0,0.0,0.0,0.0,0.0,0.0,0.0,0.0,0.0,0.0,0.0,0.0,0.0,0.0,0.0,0.0,0.0,0.0,0.0,0.0,0.0,0.0,0.0,0.0,0.0,0.0,0.0,0.0,0.0,0.0,0.0,0.0,0.0,0.0,0.0,0.0,0.0,0.0,0.0,0.0,0.0
0x8b2e68075a06959e3e35aa0e451a13e099e41b23,0,0,0,0,0.0,0.0,0.0,0.0,0.0,0.0,0.0,0,0,0,0,0.0,0.0,0.0,0.0,0.0,0.0,0.0,0.0,0.0,0.0,0.0,0.0,0.0,0.0,0.0,0.0,0.0,0.0,0.0,0.0,0.0,0.0,0.0,0.0,0.0,0.0,0.0,0.0,0.0,0.0,0.0,0.0,0.0,0.0,0.0,0.0,0.0,0.0,0.0,0.0,0.0,0.0,0.0,0.0,0.0,0.0,0.0,0.0,0.0,0.0,0.0,0.0,0.0,0.0,0.0,0.0,0.0,0.0,0.0,0.0,0.0,0.0,0.0,0.0,0.0,0.0,0.0,0.0,0.0,0.0,0.0,0.0,0.0,0.0,0.0,0.0,0.0,0.0,0.0,0.0,0.0,0.0,0.0
0x85aa3f04e539e426cbb55c0d584ea99cfe1d96a1,0,0,0,0,0.0,0.0,0.0,0.0,0.0,0.0,0.0,0,0,0,0,0.0,0.0,0.0,0.0,0.0,0.0,0.0,0.0,0.0,0.0,0.0,0.0,0.0,0.0,0.0,0.0,0.0,0.0,0.0,0.0,0.0,0.0,0.0,0.0,0.0,0.0,0.0,0.0,0.0,0.0,0.0,0.0,0.0,0.0,0.0,0.0,0.0,0.0,0.0,0.0,0.0,0.0,0.0,0.0,0.0,0.0,0.0,0.0,0.0,0.0,0.0,0.0,0.0,0.0,0.0,0.0,0.0,0.0,0.0,0.0,0.0,0.0,0.0,0.0,0.0,0.0,0.0,0.0,0.0,0.0,0.0,0.0,0.0,0.0,0.0,0.0,0.0,0.0,0.0,0.0,0.0,0.0,0.0
0x52e4339b4b9ff254738d6e971e83440f60dc029c,0,0,0,0,0.0,0.0,0.0,0.0,0.0,0.0,0.0,0,0,0,0,0.0,0.0,0.0,0.0,0.0,0.0,0.0,0.0,0.0,0.0,0.0,0.0,0.0,0.0,0.0,0.0,0.0,0.0,0.0,0.0,0.0,0.0,0.0,0.0,0.0,0.0,0.0,0.0,0.0,0.0,0.0,0.0,0.0,0.0,0.0,0.0,0.0,0.0,0.0,0.0,0.0,0.0,0.0,0.0,0.0,0.0,0.0,0.0,0.0,0.0,0.0,0.0,0.0,0.0,0.0,0.0,0.0,0.0,0.0,0.0,0.0,0.0,0.0,0.0,0.0,0.0,0.0,0.0,0.0,0.0,0.0,0.0,0.0,0.0,0.0,0.0,0.0,0.0,0.0,0.0,0.0,0.0,0.0
0xd28c8ff18f811e5fcd9b5b07889a343da8fd6502,1103,1000,18378566,1697648195,18378566.0,21516631.0,3138065.0,1697648195.0,1735577855.0,37929660.0,0.0,946,1,944,0,0.0,0.0,0.0,0.00035149037655677094,75138.79873073436,4000000.0,26203.0,214768.79388220015,45565.46146872167,1263193.0,24203.0,37168.11500014154,33085990974.860382,76714673594.0,869120864.0,11551910754.038261,2.0,33.0,1.0,311.0,1066.0,0.0,0.0,2.0,0.0,0.0,0.0,1.0,0.0,0.0,0.0,0.0,0.0,0.0,0.0,0.0,0.0,0.0,0.0,0.0,0.0,0.0,0.0,0.0,0.0,0.0,0.0,0.0,0.0,0.0,0.0,0.0,0.0,0.0,0.0,0.0,0.0,0.0,0.0,0.0,0.0,0.0,0.0,0.0,0.0,0.0,0.0,0.0,0.0,0.0,0.0,0.0,0.0,0.0,0.0,0.0,0.0,0.0,0.0,0.0,0.0,0.0,0.0
0x292e89d5d5bdab3af2f5838c194c1983f0140b43,0,0,0,0,0.0,0.0,0.0,0.0,0.0,0.0,0.0,0,0,0,0,0.0,0.0,0.0,0.0,0.0,0.0,0.0,0.0,0.0,0.0,0.0,0.0,0.0,0.0,0.0,0.0,0.0,0.0,0.0,0.0,0.0,0.0,0.0,0.0,0.0,0.0,0.0,0.0,0.0,0.0,0.0,0.0,0.0,0.0,0.0,0.0,0.0,0.0,0.0,0.0,0.0,0.0,0.0,0.0,0.0,0.0,0.0,0.0,0.0,0.0,0.0,0.0,0.0,0.0,0.0,0.0,0.0,0.0,0.0,0.0,0.0,0.0,0.0,0.0,0.0,0.0,0.0,0.0,0.0,0.0,0.0,0.0,0.0,0.0,0.0,0.0,0.0,0.0,0.0,0.0,0.0,0.0,0.0
0x28c748535cc0c774d7bb046adba0c9d77e3b4c92,81,212,17204593,1683413075,17204593.0,21424963.0,4220370.0,1683413075.0,1734471143.0,51058068.0,0.0,60,1,58,0,0.0,0.0,0.0,1.9192625482451662e-05,98590.82716049382,3434816.0,29066.0,376619.04628541175,87046.08641975309,3434816.0,23271.0,374340.256237102,128077667687.28395,222000000000.0,16398665066.0,24938043348.670414,2.0,112.0,1.0,98.0,78.0,1.0,0.0,0.0,0.0,0.0,0.0,0.0,1.0,0.0,0.0,0.0,0.0,0.0,0.0,0.0,0.0,0.0,0.0,0.0,0.0,0.0,0.0,0.0,0.0,0.0,0.0,0.0,0.0,0.0,0.0,0.0,0.0,0.0,0.0,0.0,0.0,0.0,0.0,0.0,0.0,0.0,0.0,0.0,0.0,0.0,0.0,0.0,0.0,0.0,0.0,0.0,0.0,0.0,0.0,0.0,0.0,0.0,0.0,0.0,0.0,0.0,0.0
0xaaf8c293ed36989d1871d2310b2845450d885673,2,0,0,0,15638126.0,17210953.0,1572827.0,1664443907.0,1683490391.0,19046484.0,0.0,3,1,2,0,0.0,1.2362818948652411e+17,4.120939649550804e+16,1.271594859704939e-06,26670.0,32340.0,21000.0,5670.0,21280.0,21560.0,21000.0,280.0,61457001722.5,113390276775.0,9523726670.0,51933275052.5,0.0,0.0,0.0,0.0,1.0,0.0,0.0,0.0,0.0,0.0,0.0,0.0,0.0,0.0,0.0,0.0,0.0,0.0,0.0,0.0,0.0,0.0,0.0,0.0,0.0,0.0,0.0,0.0,0.0,0.0,0.0,0.0,0.0,0.0,0.0,0.0,0.0,0.0,0.0,0.0,0.0,0.0,0.0,0.0,0.0,0.0,0.0,0.0,0.0,0.0,0.0,0.0,0.0,0.0,0.0,0.0,0.0,0.0,0.0,0.0,0.0,0.0,0.0,0.0,0.0,0.0,0.0
0x1250b98cbde9f99f4c42dcdacee193221f17eb50,1424,1000,18012514,1693218071,18012514.0,22732436.0,4719922.0,1693218071.0,1750262615.0,57044544.0,0.0,372,1,370,0,0.0,0.0,0.0,0.0003016998370524265,96326.90379213484,3000000.0,26450.0,102714.83146899247,43585.81390449438,1340685.0,26450.0,35839.194712418,30752889242.832165,153936399595.0,343732568.0,23155666633.36204,0.0,1391.0,1.0,26.0,22.0,0.0,0.0,8.0,0.0,0.0,0.0,0.0,0.0,3.0,2.0,0.0,0.0,0.0,0.0,0.0,0.0,0.0,0.0,0.0,0.0,0.0,0.0,0.0,0.0,0.0,0.0,0.0,0.0,0.0,0.0,0.0,0.0,0.0,0.0,0.0,0.0,0.0,0.0,0.0,0.0,0.0,0.0,0.0,0.0,0.0,0.0,0.0,0.0,0.0,0.0,0.0,0.0,0.0,0.0,0.0,0.0,0.0,0.0,0.0,0.0,0.0,0.0
0x8d07f605926837ea0f9e1e24dba0fb348cb3e97d,0,0,0,0,0.0,0.0,0.0,0.0,0.0,0.0,0.0,0,0,0,0,0.0,0.0,0.0,0.0,0.0,0.0,0.0,0.0,0.0,0.0,0.0,0.0,0.0,0.0,0.0,0.0,0.0,0.0,0.0,0.0,0.0,0.0,0.0,0.0,0.0,0.0,0.0,0.0,0.0,0.0,0.0,0.0,0.0,0.0,0.0,0.0,0.0,0.0,0.0,0.0,0.0,0.0,0.0,0.0,0.0,0.0,0.0,0.0,0.0,0.0,0.0,0.0,0.0,0.0,0.0,0.0,0.0,0.0,0.0,0.0,0.0,0.0,0.0,0.0,0.0,0.0,0.0,0.0,0.0,0.0,0.0,0.0,0.0,0.0,0.0,0.0,0.0,0.0,0.0,0.0,0.0,0.0,0.0
0x10f6f2b97f3ab29583d9d38babf2994df7220c21,406,1000,14405312,1647537624,14405312.0,22726473.0,8321161.0,1647537624.0,1750190519.0,102652895.0,0.0,94,2,93,3,2.2491885385367916e+16,2.2491885385367916e+16,110525235308933.25,4.879126256645406e-05,187105.0344827586,5447710.0,29226.0,456467.3715654394,58293.96059113301,5447710.0,55.0,267998.4384082021,32260527338.022167,177453694101.0,0.0,19535840703.08693,0.0,286.0,0.0,242.0,102.0,0.0,0.0,2.0,0.0,0.0,0.0,0.0,0.0,0.0,0.0,3.0,1.0,6.0,2.0,0.0,0.0,0.0,0.0,0.0,0.0,0.0,0.0,0.0,0.0,0.0,0.0,0.0,0.0,0.0,0.0,0.0,0.0,0.0,0.0,0.0,0.0,0.0,0.0,0.0,0.0,0.0,0.0,0.0,0.0,0.0,0.0,0.0,0.0,0.0,0.0,0.0,0.0,0.0,0.0,0.0,0.0,0.0,0.0,0.0,0.0,0.0,0.0
0x82902c20c5826984588dcd2dfcc322e05dcc435c,164,324,18722774,1701811103,18722774.0,20285246.0,1562472.0,1701811103.0,1720724759.0,18913656.0,0.0,66,3,64,44,1.2928452267559223e+19,1.2928452267559223e+19,1.567085123340512e+17,0.00010496181374014143,115759.26219512195,2851423.0,2300.0,268398.58295900293,51120.91463414634,2801497.0,0.0,262438.4709859744,28806432676.432926,130000000000.0,0.0,32656548123.80526,1.0,6.0,1.0,66.0,65.0,1.0,0.0,0.0,0.0,0.0,0.0,0.0,0.0,0.0,0.0,0.0,0.0,0.0,0.0,1.0,1.0,1.0,0.0,0.0,0.0,0.0,0.0,0.0,0.0,0.0,0.0,0.0,0.0,0.0,0.0,0.0,0.0,0.0,0.0,0.0,0.0,0.0,0.0,0.0,0.0,0.0,0.0,0.0,0.0,0.0,0.0,0.0,0.0,0.0,0.0,0.0,0.0,0.0,0.0,0.0,0.0,0.0,0.0,0.0,0.0,0.0,0.0
0x94b7d24552933f50a5a5705c446528806dcea381,5,5,15384108,1661086801,15384108.0,15393565.0,9457.0,1661086801.0,1661216221.0,129420.0,0.0,6,2,4,1,1.5e+17,3e+17,7.5e+16,0.0005286529921759357,154810.4,551504.0,2300.0,201130.09828327532,52068.2,97770.0,0.0,35037.37277479577,8171007010.6,20842533342.0,0.0,7929493686.91356,0.0,0.0,0.0,0.0,0.0,0.0,0.0,0.0,0.0,0.0,0.0,0.0,0.0,0.0,0.0,0.0,0.0,0.0,0.0,0.0,0.0,0.0,1.0,2.0,2.0,2.0,0.0,0.0,0.0,0.0,0.0,0.0,0.0,0.0,0.0,0.0,0.0,0.0,0.0,0.0,0.0,0.0,0.0,0.0,0.0,0.0,0.0,0.0,0.0,0.0,0.0,0.0,0.0,0.0,0.0,0.0,0.0,0.0,0.0,0.0,0.0,0.0,0.0,0.0,0.0,0.0,0.0
0x90f75ca026add95ae15ecbf48efc77ed272945be,0,0,0,0,0.0,0.0,0.0,0.0,0.0,0.0,0.0,0,0,0,0,0.0,0.0,0.0,0.0,0.0,0.0,0.0,0.0,0.0,0.0,0.0,0.0,0.0,0.0,0.0,0.0,0.0,0.0,0.0,0.0,0.0,0.0,0.0,0.0,0.0,0.0,0.0,0.0,0.0,0.0,0.0,0.0,0.0,0.0,0.0,0.0,0.0,0.0,0.0,0.0,0.0,0.0,0.0,0.0,0.0,0.0,0.0,0.0,0.0,0.0,0.0,0.0,0.0,0.0,0.0,0.0,0.0,0.0,0.0,0.0,0.0,0.0,0.0,0.0,0.0,0.0,0.0,0.0,0.0,0.0,0.0,0.0,0.0,0.0,0.0,0.0,0.0,0.0,0.0,0.0,0.0,0.0,0.0
0xe1a0ce8b94c6a5e4791401086763d7bd0a6c18f5,1,0,0,0,16112947.0,16112947.0,0.0,1670175071.0,1670175071.0,0.0,0.0,2,1,1,0,0.0,0.0,0.0,0.0,32340.0,32340.0,32340.0,0.0,21560.0,21560.0,21560.0,0.0,11220397127.0,11220397127.0,11220397127.0,0.0,0.0,0.0,0.0,0.0,1.0,0.0,0.0,0.0,0.0,0.0,0.0,0.0,0.0,0.0,0.0,0.0,0.0,0.0,0.0,0.0,0.0,0.0,0.0,0.0,0.0,0.0,0.0,0.0,0.0,0.0,0.0,0.0,0.0,0.0,0.0,0.0,0.0,0.0,0.0,0.0,0.0,0.0,0.0,0.0,0.0,0.0,0.0,0.0,0.0,0.0,0.0,0.0,0.0,0.0,0.0,0.0,0.0,0.0,0.0,0.0,0.0,0.0,0.0,0.0,0.0,0.0,0.0
0x17e65e6b9b166fb8e7c59432f0db126711246bc0,4,0,0,0,14557861.0,19836944.0,5279083.0,1649592365.0,1715311571.0,65719206.0,0.0,5,1,4,0,0.0,1.3489451610636477e+18,2.6978903221272954e+17,7.577072082959847e-07,35526.0,56424.0,21000.0,12923.160139841957,21516.0,21944.0,21000.0,336.6422433385329,16893467075.5,30350049245.0,3000000000.0,10055321480.467337,0.0,0.0,0.0,0.0,3.0,0.0,0.0,0.0,0.0,0.0,0.0,0.0,0.0,0.0,0.0,0.0,0.0,0.0,0.0,0.0,0.0,0.0,0.0,0.0,0.0,0.0,0.0,0.0,0.0,0.0,0.0,0.0,0.0,0.0,0.0,0.0,0.0,0.0,0.0,0.0,0.0,0.0,0.0,0.0,0.0,0.0,0.0,0.0,0.0,0.0,0.0,0.0,0.0,0.0,0.0,0.0,0.0,0.0,0.0,0.0,0.0,0.0,0.0,0.0,0.0,0.0,0.0
0x42269ac712372ac89a158ad5a32806c6b6782d66,0,0,0,0,0.0,0.0,0.0,0.0,0.0,0.0,0.0,0,0,0,0,0.0,0.0,0.0,0.0,0.0,0.0,0.0,0.0,0.0,0.0,0.0,0.0,0.0,0.0,0.0,0.0,0.0,0.0,0.0,0.0,0.0,0.0,0.0,0.0,0.0,0.0,0.0,0.0,0.0,0.0,0.0,0.0,0.0,0.0,0.0,0.0,0.0,0.0,0.0,0.0,0.0,0.0,0.0,0.0,0.0,0.0,0.0,0.0,0.0,0.0,0.0,0.0,0.0,0.0,0.0,0.0,0.0,0.0,0.0,0.0,0.0,0.0,0.0,0.0,0.0,0.0,0.0,0.0,0.0,0.0,0.0,0.0,0.0,0.0,0.0,0.0,0.0,0.0,0.0,0.0,0.0,0.0,0.0
0x87230146e138d3f296a9a77e497a2a83012e9bc5,31,0,0,0,13494159.0,21205389.0,7711230.0,1635266899.0,1731821915.0,96555016.0,0.0,27,1,26,0,0.0,2.192572625055459e+17,6851789453298309.0,4.020110407793516e-06,44222.77419354839,207128.0,21000.0,45297.88427424845,21375.74193548387,21944.0,21000.0,388.6996491813098,98010797736.45161,252476563578.0,886840416.0,76908581684.2676,0.0,0.0,0.0,0.0,16.0,0.0,0.0,0.0,0.0,0.0,0.0,0.0,0.0,0.0,0.0,0.0,0.0,0.0,0.0,0.0,0.0,0.0,0.0,0.0,0.0,0.0,0.0,0.0,0.0,0.0,0.0,0.0,0.0,0.0,0.0,0.0,0.0,0.0,0.0,0.0,0.0,0.0,0.0,0.0,0.0,0.0,0.0,0.0,0.0,0.0,0.0,0.0,0.0,0.0,0.0,0.0,0.0,0.0,0.0,0.0,0.0,0.0,0.0,0.0,0.0,0.0,0.0
0x9d52414c4cc1fb8e7864a9b59495f430f8e5de44,0,0,0,0,0.0,0.0,0.0,0.0,0.0,0.0,0.0,0,0,0,0,0.0,0.0,0.0,0.0,0.0,0.0,0.0,0.0,0.0,0.0,0.0,0.0,0.0,0.0,0.0,0.0,0.0,0.0,0.0,0.0,0.0,0.0,0.0,0.0,0.0,0.0,0.0,0.0,0.0,0.0,0.0,0.0,0.0,0.0,0.0,0.0,0.0,0.0,0.0,0.0,0.0,0.0,0.0,0.0,0.0,0.0,0.0,0.0,0.0,0.0,0.0,0.0,0.0,0.0,0.0,0.0,0.0,0.0,0.0,0.0,0.0,0.0,0.0,0.0,0.0,0.0,0.0,0.0,0.0,0.0,0.0,0.0,0.0,0.0,0.0,0.0,0.0,0.0,0.0,0.0,0.0,0.0,0.0
0x11cbc781dadaad13fc3a361772c80b1c027820af,0,0,0,0,0.0,0.0,0.0,0.0,0.0,0.0,0.0,0,0,0,0,0.0,0.0,0.0,0.0,0.0,0.0,0.0,0.0,0.0,0.0,0.0,0.0,0.0,0.0,0.0,0.0,0.0,0.0,0.0,0.0,0.0,0.0,0.0,0.0,0.0,0.0,0.0,0.0,0.0,0.0,0.0,0.0,0.0,0.0,0.0,0.0,0.0,0.0,0.0,0.0,0.0,0.0,0.0,0.0,0.0,0.0,0.0,0.0,0.0,0.0,0.0,0.0,0.0,0.0,0.0,0.0,0.0,0.0,0.0,0.0,0.0,0.0,0.0,0.0,0.0,0.0,0.0,0.0,0.0,0.0,0.0,0.0,0.0,0.0,0.0,0.0,0.0,0.0,0.0,0.0,0.0,0.0,0.0
0xe4182e57eeb29fbc2b3469e45c9e385cea8995ab,2,0,0,0,15304076.0,15874186.0,570110.0,1659995217.0,1667293655.0,7298438.0,0.0,3,1,2,0,0.0,7638189755518656.0,2546063251839552.0,3.5080887756945577e-06,21000.0,21000.0,21000.0,0.0,21000.0,21000.0,21000.0,0.0,25020589883.5,40528594298.0,9512585469.0,15508004414.5,0.0,0.0,0.0,0.0,0.0,0.0,0.0,0.0,0.0,0.0,0.0,0.0,0.0,0.0,0.0,0.0,0.0,0.0,0.0,0.0,0.0,0.0,0.0,0.0,0.0,0.0,0.0,0.0,0.0,0.0,0.0,0.0,0.0,0.0,0.0,0.0,0.0,0.0,0.0,0.0,0.0,0.0,0.0,0.0,0.0,0.0,0.0,0.0,0.0,0.0,0.0,0.0,0.0,0.0,0.0,0.0,0.0,0.0,0.0,0.0,0.0,0.0,0.0,0.0,0.0,0.0,0.0
0x91383a15c391c142b80045d8b4730c1c37ac0378,1647,1000,11716328,1611464526,11716328.0,22861466.0,11145138.0,1611464526.0,1751820647.0,140356121.0,0.0,1344,3,1342,2,7.5e+19,7.5e+19,9.101941747572816e+16,0.00014777743014241456,154334.20825743777,8000000.0,2300.0,588012.8146586139,57192.02125075895,3069602.0,0.0,80240.33553427768,100981263026.31209,465300000000.0,0.0,45910350223.745926,1.0,156.0,1.0,187.0,1458.0,0.0,0.0,1.0,0.0,0.0,0.0,0.0,0.0,0.0,0.0,0.0,0.0,0.0,0.0,0.0,0.0,0.0,0.0,0.0,0.0,0.0,1.0,1.0,1.0,1.0,1.0,6.0,16.0,0.0,0.0,0.0,0.0,0.0,0.0,0.0,0.0,0.0,0.0,0.0,0.0,0.0,0.0,0.0,0.0,0.0,0.0,0.0,0.0,0.0,0.0,0.0,0.0,0.0,0.0,0.0,0.0,0.0,0.0,0.0,0.0,0.0,0.0
0x93023f1d3525e273f291b6f76d2f5027a39bf302,0,0,0,0,0.0,0.0,0.0,0.0,0.0,0.0,0.0,0,0,0,0,0.0,0.0,0.0,0.0,0.0,0.0,0.0,0.0,0.0,0.0,0.0,0.0,0.0,0.0,0.0,0.0,0.0,0.0,0.0,0.0,0.0,0.0,0.0,0.0,0.0,0.0,0.0,0.0,0.0,0.0,0.0,0.0,0.0,0.0,0.0,0.0,0.0,0.0,0.0,0.0,0.0,0.0,0.0,0.0,0.0,0.0,0.0,0.0,0.0,0.0,0.0,0.0,0.0,0.0,0.0,0.0,0.0,0.0,0.0,0.0,0.0,0.0,0.0,0.0,0.0,0.0,0.0,0.0,0.0,0.0,0.0,0.0,0.0,0.0,0.0,0.0,0.0,0.0,0.0,0.0,0.0,0.0,0.0
0xf19308f923582a6f7c465e5ce7a9dc1bec6665b1,20000,1000,18447145,1698477323,18447145.0,18455122.0,7977.0,1698477323.0,1698573779.0,96456.0,0.0,3295,1559,3268,9999,2.033447611527965e+21,3.4830183611407967e+21,2.7580950815803018e+17,2.5068939583855605,342067.91905,28500000.0,4398.0,858273.9168938636,141307.03485,9795816.0,0.0,522364.66715263086,7086355214.32755,1010362687048.0,0.0,12227758684.511003,0.0,80.0,0.0,42.0,1505.0,0.0,0.0,0.0,0.0,0.0,0.0,0.0,0.0,0.0,0.0,0.0,0.0,0.0,0.0,0.0,0.0,0.0,0.0,0.0,0.0,0.0,0.0,0.0,0.0,0.0,0.0,0.0,0.0,5381.0,427.0,1883.0,62.0,630.0,1.0,1.0,1.0,5.0,3.0,19.0,0.0,0.0,0.0,0.0,0.0,0.0,0.0,0.0,0.0,0.0,0.0,0.0,0.0,0.0,0.0,0.0,0.0,0.0,0.0,0.0,0.0,0.0,0.0
0x9a3fb36bf72a387fcc821a38ee9f50f1a0eb8cbd,157,344,17208193,1683456755,17208193.0,20787361.0,3579168.0,1683456755.0,1726781711.0,43324956.0,0.0,123,1,121,0,0.0,0.0,0.0,4.386493065848525e-05,91689.59872611465,5243057.0,29666.0,413289.9803541942,79843.70063694268,5243057.0,22582.0,413420.0092403749,146469998126.48407,303000000000.0,9913837740.0,35915512365.20312,2.0,13.0,1.0,159.0,140.0,1.0,2.0,0.0,0.0,0.0,0.0,0.0,0.0,0.0,0.0,0.0,0.0,0.0,0.0,0.0,0.0,0.0,0.0,0.0,0.0,0.0,0.0,0.0,0.0,0.0,0.0,0.0,0.0,0.0,0.0,0.0,0.0,0.0,0.0,0.0,0.0,0.0,0.0,0.0,0.0,0.0,0.0,0.0,0.0,0.0,0.0,0.0,0.0,0.0,0.0,0.0,0.0,0.0,0.0,0.0,0.0,0.0,0.0,0.0,0.0,0.0,0.0
0x0414d8c87b271266a5864329fb4932bbe19c0c49,10000,1000,17169287,1682984303,17169287.0,17191932.0,22645.0,1682984303.0,1683259355.0,275052.0,0.0,7004,1,7002,0,0.0,3.3338838580748954e+18,333355050302459.3,0.44157908681444846,56539.1485,4000000.0,21000.0,94877.60122339964,45754.6299,1564093.0,21000.0,17276.55091464515,83863068081.1209,555000000000.0,45882178045.0,21030206279.805035,1.0,298.0,0.0,274.0,9461.0,1.0,0.0,15.0,0.0,1.0,0.0,0.0,0.0,0.0,0.0,0.0,0.0,0.0,0.0,0.0,0.0,0.0,0.0,0.0,0.0,0.0,0.0,0.0,0.0,0.0,0.0,0.0,0.0,0.0,0.0,0.0,0.0,0.0,0.0,0.0,0.0,0.0,0.0,0.0,1.0,212.0,2.0,3.0,0.0,0.0,0.0,0.0,0.0,0.0,0.0,0.0,0.0,0.0,0.0,0.0,0.0,0.0,0.0,0.0,0.0,0.0,0.0
0xabe776435f7459e2f5ba773bfb753ed19a053dd0,0,0,0,0,0.0,0.0,0.0,0.0,0.0,0.0,0.0,0,0,0,0,0.0,0.0,0.0,0.0,0.0,0.0,0.0,0.0,0.0,0.0,0.0,0.0,0.0,0.0,0.0,0.0,0.0,0.0,0.0,0.0,0.0,0.0,0.0,0.0,0.0,0.0,0.0,0.0,0.0,0.0,0.0,0.0,0.0,0.0,0.0,0.0,0.0,0.0,0.0,0.0,0.0,0.0,0.0,0.0,0.0,0.0,0.0,0.0,0.0,0.0,0.0,0.0,0.0,0.0,0.0,0.0,0.0,0.0,0.0,0.0,0.0,0.0,0.0,0.0,0.0,0.0,0.0,0.0,0.0,0.0,0.0,0.0,0.0,0.0,0.0,0.0,0.0,0.0,0.0,0.0,0.0,0.0,0.0
0x2753dce37a7edb052a77832039bcc9aa49ad8b25,0,0,0,0,0.0,0.0,0.0,0.0,0.0,0.0,0.0,0,0,0,0,0.0,0.0,0.0,0.0,0.0,0.0,0.0,0.0,0.0,0.0,0.0,0.0,0.0,0.0,0.0,0.0,0.0,0.0,0.0,0.0,0.0,0.0,0.0,0.0,0.0,0.0,0.0,0.0,0.0,0.0,0.0,0.0,0.0,0.0,0.0,0.0,0.0,0.0,0.0,0.0,0.0,0.0,0.0,0.0,0.0,0.0,0.0,0.0,0.0,0.0,0.0,0.0,0.0,0.0,0.0,0.0,0.0,0.0,0.0,0.0,0.0,0.0,0.0,0.0,0.0,0.0,0.0,0.0,0.0,0.0,0.0,0.0,0.0,0.0,0.0,0.0,0.0,0.0,0.0,0.0,0.0,0.0,0.0
0x51c5807dd8398aedfcc91e6483417838b41eaeb8,0,0,0,0,0.0,0.0,0.0,0.0,0.0,0.0,0.0,0,0,0,0,0.0,0.0,0.0,0.0,0.0,0.0,0.0,0.0,0.0,0.0,0.0,0.0,0.0,0.0,0.0,0.0,0.0,0.0,0.0,0.0,0.0,0.0,0.0,0.0,0.0,0.0,0.0,0.0,0.0,0.0,0.0,0.0,0.0,0.0,0.0,0.0,0.0,0.0,0.0,0.0,0.0,0.0,0.0,0.0,0.0,0.0,0.0,0.0,0.0,0.0,0.0,0.0,0.0,0.0,0.0,0.0,0.0,0.0,0.0,0.0,0.0,0.0,0.0,0.0,0.0,0.0,0.0,0.0,0.0,0.0,0.0,0.0,0.0,0.0,0.0,0.0,0.0,0.0,0.0,0.0,0.0,0.0,0.0
0x6609f543d38816116fa5b9a98c918ca947f5455d,2,0,0,0,14168431.0,15153580.0,985149.0,1644363376.0,1657972300.0,13608924.0,0.0,3,1,2,0,0.0,1200000000000000.0,400000000000000.0,2.0301476932446836e-06,26751.0,32502.0,21000.0,5751.0,21334.0,21668.0,21000.0,334.0,57466975614.5,109933951229.0,5000000000.0,52466975614.5,0.0,0.0,0.0,0.0,1.0,0.0,0.0,0.0,0.0,0.0,0.0,0.0,0.0,0.0,0.0,0.0,0.0,0.0,0.0,0.0,0.0,0.0,0.0,0.0,0.0,0.0,0.0,0.0,0.0,0.0,0.0,0.0,0.0,0.0,0.0,0.0,0.0,0.0,0.0,0.0,0.0,0.0,0.0,0.0,0.0,0.0,0.0,0.0,0.0,0.0,0.0,0.0,0.0,0.0,0.0,0.0,0.0,0.0,0.0,0.0,0.0,0.0,0.0,0.0,0.0,0.0,0.0
0xb131f4a55907b10d1f0a50d8ab8fa09ec342cd74,10002,1000,18429439,1698263399,18429439.0,21459417.0,3029978.0,1698263399.0,1734887171.0,36623772.0,0.0,7809,1,7807,0,0.0,3.356204030714161e+18,335519747147271.94,0.0033010129773176646,71299.29054189162,3000000.0,21000.0,96014.56607934594,40409.082083583286,1270045.0,45.0,15115.814641107112,48265542889.39042,400000000000.0,0.0,24924353496.39609,3.0,7851.0,0.0,180.0,2097.0,0.0,0.0,0.0,0.0,1.0,0.0,1.0,0.0,0.0,0.0,0.0,0.0,0.0,0.0,0.0,0.0,0.0,0.0,0.0,0.0,0.0,0.0,0.0,0.0,0.0,0.0,0.0,0.0,0.0,0.0,0.0,0.0,0.0,0.0,0.0,0.0,0.0,0.0,0.0,0.0,0.0,0.0,0.0,30.0,0.0,0.0,0.0,0.0,0.0,0.0,0.0,0.0,0.0,0.0,0.0,0.0,0.0,0.0,0.0,0.0,0.0,0.0
0x186ed770eecea82def7c92dcc077c4ba27acd5bd,5485,1000,11184287,1604407613,11184287.0,15668995.0,4484708.0,1604407613.0,1664816615.0,60409002.0,0.0,742,1,740,0,0.0,2e+16,3645643456069.9966,0.0012230447951026477,98133.74548769371,6721975.0,30004.0,113082.79203549524,45678.629170464905,1617551.0,21045.0,23023.2841339229,56990687890.37429,761600000000.0,7200000000.0,43742817645.32516,0.0,3157.0,1.0,97.0,838.0,0.0,0.0,0.0,0.0,0.0,0.0,0.0,0.0,0.0,0.0,0.0,0.0,0.0,0.0,0.0,0.0,0.0,0.0,0.0,0.0,0.0,0.0,0.0,0.0,0.0,0.0,0.0,0.0,0.0,0.0,0.0,0.0,0.0,0.0,0.0,0.0,0.0,0.0,0.0,0.0,0.0,0.0,0.0,0.0,1487.0,1.0,0.0,0.0,0.0,0.0,0.0,0.0,0.0,0.0,0.0,0.0,0.0,0.0,0.0,0.0,0.0,0.0
0x9db8a10c7fe60d84397860b3af2e686d4f90c2b7,0,0,0,0,0.0,0.0,0.0,0.0,0.0,0.0,0.0,0,0,0,0,0.0,0.0,0.0,0.0,0.0,0.0,0.0,0.0,0.0,0.0,0.0,0.0,0.0,0.0,0.0,0.0,0.0,0.0,0.0,0.0,0.0,0.0,0.0,0.0,0.0,0.0,0.0,0.0,0.0,0.0,0.0,0.0,0.0,0.0,0.0,0.0,0.0,0.0,0.0,0.0,0.0,0.0,0.0,0.0,0.0,0.0,0.0,0.0,0.0,0.0,0.0,0.0,0.0,0.0,0.0,0.0,0.0,0.0,0.0,0.0,0.0,0.0,0.0,0.0,0.0,0.0,0.0,0.0,0.0,0.0,0.0,0.0,0.0,0.0,0.0,0.0,0.0,0.0,0.0,0.0,0.0,0.0,0.0
0xb954562066c71b3e6e7b2ac330b03c74c0dcd5ae,6685,1000,18728246,1701877379,18728246.0,23073910.0,4345664.0,1701877379.0,1754385419.0,52508040.0,0.0,4993,3,4992,39,1.1826075630784532e+19,1.1916831775856734e+19,3551137811343294.5,0.001538314619281514,67359.87688855646,3000000.0,2300.0,99406.11807731228,45880.52236350037,2806723.0,0.0,42069.06943546386,45013843925.95916,227739758516.0,0.0,21975215379.479183,2.0,349.0,1.0,455.0,6247.0,1.0,0.0,2.0,0.0,0.0,0.0,0.0,1.0,0.0,0.0,0.0,0.0,0.0,0.0,0.0,0.0,0.0,0.0,0.0,0.0,0.0,0.0,0.0,0.0,0.0,0.0,0.0,0.0,0.0,0.0,0.0,0.0,0.0,0.0,0.0,0.0,0.0,0.0,0.0,0.0,0.0,0.0,0.0,0.0,0.0,0.0,1.0,1.0,0.0,0.0,0.0,0.0,0.0,0.0,0.0,0.0,0.0,0.0,0.0,0.0,0.0,0.0
0xde9e52f1838951e4d2bb6c59723b003c353979b6,5,0,0,0,13647936.0,13686134.0,38198.0,1637357576.0,1637879538.0,521962.0,0.0,4,1,3,0,0.0,0.0,0.0,0.00013089347888688185,29167.2,32916.0,26668.0,3060.882382581859,21944.0,21944.0,21944.0,0.0,99219839801.2,109305832868.0,93327573476.0,5515060371.268004,0.0,0.0,0.0,0.0,5.0,0.0,0.0,0.0,0.0,0.0,0.0,0.0,0.0,0.0,0.0,0.0,0.0,0.0,0.0,0.0,0.0,0.0,0.0,0.0,0.0,0.0,0.0,0.0,0.0,0.0,0.0,0.0,0.0,0.0,0.0,0.0,0.0,0.0,0.0,0.0,0.0,0.0,0.0,0.0,0.0,0.0,0.0,0.0,0.0,0.0,0.0,0.0,0.0,0.0,0.0,0.0,0.0,0.0,0.0,0.0,0.0,0.0,0.0,0.0,0.0,0.0,0.0
0xcb6cd204d783dc8d66896a6def5867d332228d7b,0,0,0,0,0.0,0.0,0.0,0.0,0.0,0.0,0.0,0,0,0,0,0.0,0.0,0.0,0.0,0.0,0.0,0.0,0.0,0.0,0.0,0.0,0.0,0.0,0.0,0.0,0.0,0.0,0.0,0.0,0.0,0.0,0.0,0.0,0.0,0.0,0.0,0.0,0.0,0.0,0.0,0.0,0.0,0.0,0.0,0.0,0.0,0.0,0.0,0.0,0.0,0.0,0.0,0.0,0.0,0.0,0.0,0.0,0.0,0.0,0.0,0.0,0.0,0.0,0.0,0.0,0.0,0.0,0.0,0.0,0.0,0.0,0.0,0.0,0.0,0.0,0.0,0.0,0.0,0.0,0.0,0.0,0.0,0.0,0.0,0.0,0.0,0.0,0.0,0.0,0.0,0.0,0.0,0.0
0x5927b72440d8a8b8c6ca5a8be60e88975f9063fc,0,0,0,0,0.0,0.0,0.0,0.0,0.0,0.0,0.0,0,0,0,0,0.0,0.0,0.0,0.0,0.0,0.0,0.0,0.0,0.0,0.0,0.0,0.0,0.0,0.0,0.0,0.0,0.0,0.0,0.0,0.0,0.0,0.0,0.0,0.0,0.0,0.0,0.0,0.0,0.0,0.0,0.0,0.0,0.0,0.0,0.0,0.0,0.0,0.0,0.0,0.0,0.0,0.0,0.0,0.0,0.0,0.0,0.0,0.0,0.0,0.0,0.0,0.0,0.0,0.0,0.0,0.0,0.0,0.0,0.0,0.0,0.0,0.0,0.0,0.0,0.0,0.0,0.0,0.0,0.0,0.0,0.0,0.0,0.0,0.0,0.0,0.0,0.0,0.0,0.0,0.0,0.0,0.0,0.0
0xc71d244f7ad6c869ecbf13cbd9acae31718be4f8,0,0,0,0,0.0,0.0,0.0,0.0,0.0,0.0,0.0,0,0,0,0,0.0,0.0,0.0,0.0,0.0,0.0,0.0,0.0,0.0,0.0,0.0,0.0,0.0,0.0,0.0,0.0,0.0,0.0,0.0,0.0,0.0,0.0,0.0,0.0,0.0,0.0,0.0,0.0,0.0,0.0,0.0,0.0,0.0,0.0,0.0,0.0,0.0,0.0,0.0,0.0,0.0,0.0,0.0,0.0,0.0,0.0,0.0,0.0,0.0,0.0,0.0,0.0,0.0,0.0,0.0,0.0,0.0,0.0,0.0,0.0,0.0,0.0,0.0,0.0,0.0,0.0,0.0,0.0,0.0,0.0,0.0,0.0,0.0,0.0,0.0,0.0,0.0,0.0,0.0,0.0,0.0,0.0,0.0
0x831467b7b6bf9c705dc87899d48b57ee55c8d5cc,0,0,0,0,0.0,0.0,0.0,0.0,0.0,0.0,0.0,0,0,0,0,0.0,0.0,0.0,0.0,0.0,0.0,0.0,0.0,0.0,0.0,0.0,0.0,0.0,0.0,0.0,0.0,0.0,0.0,0.0,0.0,0.0,0.0,0.0,0.0,0.0,0.0,0.0,0.0,0.0,0.0,0.0,0.0,0.0,0.0,0.0,0.0,0.0,0.0,0.0,0.0,0.0,0.0,0.0,0.0,0.0,0.0,0.0,0.0,0.0,0.0,0.0,0.0,0.0,0.0,0.0,0.0,0.0,0.0,0.0,0.0,0.0,0.0,0.0,0.0,0.0,0.0,0.0,0.0,0.0,0.0,0.0,0.0,0.0,0.0,0.0,0.0,0.0,0.0,0.0,0.0,0.0,0.0,0.0
0x6b5e9e55921e5e412cf1002599c05d4428cf50c5,35,166,18609509,1700441111,18609509.0,22904530.0,4295021.0,1700441111.0,1752340691.0,51899580.0,0.0,31,1,29,0,0.0,0.0,0.0,8.148968736365028e-06,263920.85714285716,744152.0,43910.0,205193.63029297022,66287.94285714286,744152.0,24288.0,116376.83605399997,23398483895.028572,36000000000.0,700000000.0,5794659779.342522,1.0,5.0,1.0,32.0,29.0,0.0,0.0,0.0,0.0,0.0,0.0,0.0,0.0,0.0,0.0,0.0,0.0,0.0,0.0,0.0,0.0,0.0,0.0,0.0,0.0,0.0,0.0,0.0,0.0,0.0,0.0,0.0,0.0,0.0,0.0,0.0,0.0,0.0,0.0,0.0,0.0,0.0,0.0,0.0,0.0,0.0,0.0,0.0,0.0,0.0,0.0,0.0,0.0,0.0,0.0,0.0,0.0,0.0,0.0,0.0,0.0,0.0,0.0,0.0,0.0,0.0,0.0
0xef20505c8b343d12da174bf9d8495c1ce2670989,0,0,0,0,0.0,0.0,0.0,0.0,0.0,0.0,0.0,0,0,0,0,0.0,0.0,0.0,0.0,0.0,0.0,0.0,0.0,0.0,0.0,0.0,0.0,0.0,0.0,0.0,0.0,0.0,0.0,0.0,0.0,0.0,0.0,0.0,0.0,0.0,0.0,0.0,0.0,0.0,0.0,0.0,0.0,0.0,0.0,0.0,0.0,0.0,0.0,0.0,0.0,0.0,0.0,0.0,0.0,0.0,0.0,0.0,0.0,0.0,0.0,0.0,0.0,0.0,0.0,0.0,0.0,0.0,0.0,0.0,0.0,0.0,0.0,0.0,0.0,0.0,0.0,0.0,0.0,0.0,0.0,0.0,0.0,0.0,0.0,0.0,0.0,0.0,0.0,0.0,0.0,0.0,0.0,0.0
0xf0b692ace03ffb689628e68d4919f91723d1c5a2,2299,1000,15257749,1659371262,15257749.0,22114426.0,6856677.0,1659371262.0,1742791139.0,83419877.0,0.0,967,2,965,1,7e+16,2.4781e+17,138178260869565.22,0.0003352935634428217,60860.01826881253,876855.0,21000.0,27486.045713227733,43776.842975206615,674504.0,13028.0,15896.731278687737,11213615774.558504,90487406470.0,0.0,7815390391.684241,0.0,1242.0,0.0,218.0,1049.0,0.0,0.0,5.0,0.0,0.0,0.0,0.0,0.0,0.0,0.0,0.0,0.0,0.0,0.0,0.0,0.0,0.0,0.0,0.0,0.0,0.0,0.0,0.0,0.0,0.0,0.0,0.0,0.0,0.0,0.0,0.0,0.0,0.0,0.0,0.0,0.0,0.0,0.0,0.0,0.0,0.0,0.0,0.0,0.0,0.0,0.0,0.0,0.0,0.0,0.0,0.0,0.0,0.0,0.0,0.0,0.0,0.0,0.0,0.0,0.0,0.0,0.0
0x548c9731ae163a73a28916eeb11717fe446dab54,0,0,0,0,0.0,0.0,0.0,0.0,0.0,0.0,0.0,0,0,0,0,0.0,0.0,0.0,0.0,0.0,0.0,0.0,0.0,0.0,0.0,0.0,0.0,0.0,0.0,0.0,0.0,0.0,0.0,0.0,0.0,0.0,0.0,0.0,0.0,0.0,0.0,0.0,0.0,0.0,0.0,0.0,0.0,0.0,0.0,0.0,0.0,0.0,0.0,0.0,0.0,0.0,0.0,0.0,0.0,0.0,0.0,0.0,0.0,0.0,0.0,0.0,0.0,0.0,0.0,0.0,0.0,0.0,0.0,0.0,0.0,0.0,0.0,0.0,0.0,0.0,0.0,0.0,0.0,0.0,0.0,0.0,0.0,0.0,0.0,0.0,0.0,0.0,0.0,0.0,0.0,0.0,0.0,0.0
0xd00736f864ecd5bef5996c735f98769ae0d10c7c,49,191,17197653,1683328715,17197653.0,17204912.0,7259.0,1683328715.0,1683416939.0,88224.0,0.0,42,1,40,0,0.0,0.0,0.0,0.00674931129476584,127257.3469387755,3434924.0,29306.0,478461.61505035486,116979.61224489796,3434924.0,23271.0,479179.95915568236,135225039678.93878,172717085680.0,106738748761.0,13718440518.1381,2.0,1.0,1.0,75.0,45.0,1.0,0.0,0.0,0.0,0.0,0.0,0.0,1.0,0.0,0.0,0.0,0.0,0.0,0.0,0.0,0.0,0.0,0.0,0.0,0.0,0.0,0.0,0.0,0.0,0.0,0.0,0.0,0.0,0.0,0.0,0.0,0.0,0.0,0.0,0.0,0.0,0.0,0.0,0.0,0.0,0.0,0.0,0.0,0.0,0.0,0.0,0.0,0.0,0.0,0.0,0.0,0.0,0.0,0.0,0.0,0.0,0.0,0.0,0.0,0.0,0.0,0.0
0xa0ffc741f109159ee203424a299e6d2731dcfc76,0,0,0,0,0.0,0.0,0.0,0.0,0.0,0.0,0.0,0,0,0,0,0.0,0.0,0.0,0.0,0.0,0.0,0.0,0.0,0.0,0.0,0.0,0.0,0.0,0.0,0.0,0.0,0.0,0.0,0.0,0.0,0.0,0.0,0.0,0.0,0.0,0.0,0.0,0.0,0.0,0.0,0.0,0.0,0.0,0.0,0.0,0.0,0.0,0.0,0.0,0.0,0.0,0.0,0.0,0.0,0.0,0.0,0.0,0.0,0.0,0.0,0.0,0.0,0.0,0.0,0.0,0.0,0.0,0.0,0.0,0.0,0.0,0.0,0.0,0.0,0.0,0.0,0.0,0.0,0.0,0.0,0.0,0.0,0.0,0.0,0.0,0.0,0.0,0.0,0.0,0.0,0.0,0.0,0.0
0xa7cd93ed3133d82781cc17460fe1500b69a1b514,29,97,18408861,1698014279,18408861.0,18410457.0,1596.0,1698014279.0,1698033563.0,19284.0,0.0,27,1,25,0,0.0,0.0,0.0,0.018159048215403883,236137.58620689655,702702.0,29120.0,145110.14357104083,67294.27586206897,702702.0,26608.0,120208.36289884514,10995182201.448277,14380429481.0,7448339696.0,2311735199.189824,0.0,69.0,1.0,28.0,28.0,0.0,0.0,0.0,0.0,0.0,0.0,0.0,0.0,0.0,0.0,0.0,0.0,0.0,0.0,0.0,0.0,0.0,0.0,0.0,0.0,0.0,0.0,0.0,0.0,0.0,0.0,0.0,0.0,0.0,0.0,0.0,0.0,0.0,0.0,0.0,0.0,0.0,0.0,0.0,0.0,0.0,0.0,0.0,0.0,0.0,0.0,0.0,0.0,0.0,0.0,0.0,0.0,0.0,0.0,0.0,0.0,0.0,0.0,0.0,0.0,0.0,0.0
0x108d0f1fc10ed324f8cc65d0a91cad11cd4994a4,2,0,0,0,18537195.0,19411406.0,874211.0,1699566791.0,1710154679.0,10587888.0,0.0,3,1,2,0,0.0,6e+17,2e+17,2.287774590145182e-06,24514.0,28028.0,21000.0,3514.0,21280.0,21560.0,21000.0,280.0,62219300118.0,64983594632.0,59455005604.0,2764294514.0,0.0,0.0,0.0,0.0,1.0,0.0,0.0,0.0,0.0,0.0,0.0,0.0,0.0,0.0,0.0,0.0,0.0,0.0,0.0,0.0,0.0,0.0,0.0,0.0,0.0,0.0,0.0,0.0,0.0,0.0,0.0,0.0,0.0,0.0,0.0,0.0,0.0,0.0,0.0,0.0,0.0,0.0,0.0,0.0,0.0,0.0,0.0,0.0,0.0,0.0,0.0,0.0,0.0,0.0,0.0,0.0,0.0,0.0,0.0,0.0,0.0,0.0,0.0,0.0,0.0,0.0,0.0
0xd217dc0cab1c952a7ce6f4d7ca4549cde1f37bb0,42,136,10124590,1590269878,10124590.0,22193336.0,12068746.0,1590269878.0,1743742943.0,153473065.0,0.0,25,1,23,0,0.0,0.0,0.0,3.480063009026538e-06,158558.0,3905641.0,29090.0,586136.9077621306,104490.92857142857,2603761.0,14545.0,390428.1496553552,38320578922.92857,162000000000.0,524314763.0,28593408834.429127,1.0,21.0,1.0,39.0,20.0,0.0,0.0,0.0,0.0,0.0,0.0,0.0,0.0,3.0,0.0,0.0,0.0,0.0,0.0,0.0,0.0,0.0,0.0,0.0,0.0,0.0,0.0,0.0,0.0,0.0,0.0,0.0,0.0,0.0,0.0,0.0,0.0,0.0,0.0,0.0,0.0,0.0,0.0,0.0,0.0,0.0,0.0,0.0,0.0,0.0,0.0,0.0,0.0,1.0,0.0,0.0,0.0,0.0,0.0,0.0,0.0,0.0,0.0,0.0,0.0,0.0,0.0
0x455dedacbe41c178953119847f2b95e2d9ad0a1d,0,0,0,0,0.0,0.0,0.0,0.0,0.0,0.0,0.0,0,0,0,0,0.0,0.0,0.0,0.0,0.0,0.0,0.0,0.0,0.0,0.0,0.0,0.0,0.0,0.0,0.0,0.0,0.0,0.0,0.0,0.0,0.0,0.0,0.0,0.0,0.0,0.0,0.0,0.0,0.0,0.0,0.0,0.0,0.0,0.0,0.0,0.0,0.0,0.0,0.0,0.0,0.0,0.0,0.0,0.0,0.0,0.0,0.0,0.0,0.0,0.0,0.0,0.0,0.0,0.0,0.0,0.0,0.0,0.0,0.0,0.0,0.0,0.0,0.0,0.0,0.0,0.0,0.0,0.0,0.0,0.0,0.0,0.0,0.0,0.0,0.0,0.0,0.0,0.0,0.0,0.0,0.0,0.0,0.0
0xec4cb1148ec60e00a6bfcfce4482db724db6bdde,0,0,0,0,0.0,0.0,0.0,0.0,0.0,0.0,0.0,0,0,0,0,0.0,0.0,0.0,0.0,0.0,0.0,0.0,0.0,0.0,0.0,0.0,0.0,0.0,0.0,0.0,0.0,0.0,0.0,0.0,0.0,0.0,0.0,0.0,0.0,0.0,0.0,0.0,0.0,0.0,0.0,0.0,0.0,0.0,0.0,0.0,0.0,0.0,0.0,0.0,0.0,0.0,0.0,0.0,0.0,0.0,0.0,0.0,0.0,0.0,0.0,0.0,0.0,0.0,0.0,0.0,0.0,0.0,0.0,0.0,0.0,0.0,0.0,0.0,0.0,0.0,0.0,0.0,0.0,0.0,0.0,0.0,0.0,0.0,0.0,0.0,0.0,0.0,0.0,0.0,0.0,0.0,0.0,0.0
0x198376f921570e3cc547fd5c16e482cded8b4d1d,94,260,17205930,1683429251,17205930.0,17214437.0,8507.0,1683429251.0,1683532679.0,103428.0,0.0,73,1,71,0,0.0,0.0,0.0,0.011048425011753644,100947.55319148937,3435026.0,29306.0,351087.43114508624,87469.96808510639,3435026.0,23271.0,347991.8216417471,111570533929.23404,210000000000.0,82662289845.0,19403407914.990303,2.0,5.0,1.0,116.0,86.0,1.0,0.0,0.0,0.0,0.0,0.0,0.0,1.0,0.0,0.0,0.0,0.0,0.0,0.0,0.0,0.0,0.0,0.0,0.0,0.0,0.0,0.0,0.0,0.0,0.0,0.0,0.0,0.0,0.0,0.0,0.0,0.0,0.0,0.0,0.0,0.0,0.0,0.0,0.0,0.0,0.0,0.0,0.0,0.0,0.0,0.0,0.0,0.0,0.0,0.0,0.0,0.0,0.0,0.0,0.0,0.0,0.0,0.0,0.0,0.0,0.0,0.0
0xe0b9d4146aad6936cbfcbe4dae47e34aab96b093,0,0,0,0,0.0,0.0,0.0,0.0,0.0,0.0,0.0,0,0,0,0,0.0,0.0,0.0,0.0,0.0,0.0,0.0,0.0,0.0,0.0,0.0,0.0,0.0,0.0,0.0,0.0,0.0,0.0,0.0,0.0,0.0,0.0,0.0,0.0,0.0,0.0,0.0,0.0,0.0,0.0,0.0,0.0,0.0,0.0,0.0,0.0,0.0,0.0,0.0,0.0,0.0,0.0,0.0,0.0,0.0,0.0,0.0,0.0,0.0,0.0,0.0,0.0,0.0,0.0,0.0,0.0,0.0,0.0,0.0,0.0,0.0,0.0,0.0,0.0,0.0,0.0,0.0,0.0,0.0,0.0,0.0,0.0,0.0,0.0,0.0,0.0,0.0,0.0,0.0,0.0,0.0,0.0,0.0
0x9372b371196751dd2f603729ae8d8014bbeb07f6,10006,1000,13940018,1641313185,13940018.0,13969145.0,29127.0,1641313185.0,1641702324.0,389139.0,0.0,5940,7,5939,6,1.9918582255399999e+21,2.3699766205462767e+21,4.358783697498028e+17,0.34351826421312825,196156.3761742954,4258896.0,22000.0,190019.9821829681,117729.53567859285,4070493.0,0.0,106176.9116382298,258561054291.10034,2219373689545.0,0.0,130182687297.38219,1.0,993.0,0.0,0.0,10.0,0.0,0.0,615.0,0.0,0.0,0.0,0.0,0.0,0.0,0.0,0.0,0.0,0.0,0.0,0.0,0.0,0.0,0.0,0.0,0.0,0.0,0.0,0.0,0.0,0.0,0.0,0.0,0.0,0.0,0.0,0.0,0.0,0.0,0.0,0.0,0.0,0.0,0.0,0.0,0.0,0.0,0.0,0.0,0.0,0.0,0.0,0.0,0.0,0.0,6.0,1.0,1.0,4502.0,1.0,4832.0,18.0,6.0,5.0,1.0,0.0,0.0,0.0
0x797885c0a6cfffcbc4d2e3c1ca0b4f07112db6a3,578,1000,18854711,1703409815,18854711.0,19822584.0,967873.0,1703409815.0,1715137955.0,11728140.0,0.0,181,3,179,149,7.350661923263254e+18,7.350661923263254e+18,2.539088747241193e+16,0.0005971851707970253,92733.16262975779,2851424.0,2300.0,170999.43387751406,31711.66089965398,2801499.0,0.0,141770.73694908165,9770279345.813148,118443751751.0,0.0,11279554624.853754,1.0,20.0,1.0,236.0,255.0,1.0,0.0,0.0,0.0,0.0,0.0,0.0,0.0,0.0,0.0,0.0,0.0,0.0,0.0,0.0,0.0,0.0,0.0,0.0,0.0,0.0,0.0,0.0,0.0,0.0,0.0,0.0,0.0,0.0,0.0,0.0,0.0,0.0,0.0,0.0,0.0,0.0,0.0,0.0,0.0,0.0,0.0,0.0,0.0,0.0,0.0,0.0,0.0,0.0,0.0,0.0,0.0,0.0,0.0,0.0,0.0,0.0,0.0,0.0,1.0,1.0,1.0
0x1e4402fa427a7a835fc64ea6d051404ce767a569,0,0,0,0,0.0,0.0,0.0,0.0,0.0,0.0,0.0,0,0,0,0,0.0,0.0,0.0,0.0,0.0,0.0,0.0,0.0,0.0,0.0,0.0,0.0,0.0,0.0,0.0,0.0,0.0,0.0,0.0,0.0,0.0,0.0,0.0,0.0,0.0,0.0,0.0,0.0,0.0,0.0,0.0,0.0,0.0,0.0,0.0,0.0,0.0,0.0,0.0,0.0,0.0,0.0,0.0,0.0,0.0,0.0,0.0,0.0,0.0,0.0,0.0,0.0,0.0,0.0,0.0,0.0,0.0,0.0,0.0,0.0,0.0,0.0,0.0,0.0,0.0,0.0,0.0,0.0,0.0,0.0,0.0,0.0,0.0,0.0,0.0,0.0,0.0,0.0,0.0,0.0,0.0,0.0,0.0
0x16dfb898cf7029303c2376031392cb9bac450f94,1,0,0,0,15315700.0,15315700.0,0.0,1660152771.0,1660152771.0,0.0,0.0,2,1,1,0,0.0,0.0,0.0,0.0,100000.0,100000.0,100000.0,0.0,21944.0,21944.0,21944.0,0.0,46033200661.0,46033200661.0,46033200661.0,0.0,0.0,0.0,0.0,0.0,1.0,0.0,0.0,0.0,0.0,0.0,0.0,0.0,0.0,0.0,0.0,0.0,0.0,0.0,0.0,0.0,0.0,0.0,0.0,0.0,0.0,0.0,0.0,0.0,0.0,0.0,0.0,0.0,0.0,0.0,0.0,0.0,0.0,0.0,0.0,0.0,0.0,0.0,0.0,0.0,0.0,0.0,0.0,0.0,0.0,0.0,0.0,0.0,0.0,0.0,0.0,0.0,0.0,0.0,0.0,0.0,0.0,0.0,0.0,0.0,0.0,0.0,0.0
